Country,City,Name,Cuisine,Price_Band,Price_Tier,Address,Phone,Michelin_Url,Description
Portugal,Abrantes,Casa Chef Victor Felisberto,Meats and Grills,On a budget,1,"Rua Francisco Ferreira da Mata 99, Abrantes, 2200-223, Portugal",+351 931 737 898,https://guide.michelin.com/en/santarem-region/abrantes/restaurant/casa-chef-victor-felisberto,"If you’re thinking of trying fried sweetbreads, a chunk of veal, wood-fired slow-cooked chanfana (goat stew), or even confit pork cheeks from black pigs, there’s no better place than Casa do Chef Victor Felisberto. The specialty here is meat, cooked — mostly slowly — in a wood-fired oven, ensuring extremely succulent textures and deeper flavours. Additionally, the restaurant’s incredible signature fondants, as well as the bread baked in the same oven, should not be forgotten. With experience in renowned restaurants, the chef strives to share his interpretation of regional cuisine, blending traditional recipes with genuine flavours and products. His open kitchen and the spacious, light-filled dining room, complemented by a more intimate lounge, set the perfect scene for a memorable visit!"
Portugal,Alvados,Terruja,Creative,A moderate spend,2,"Largo Dom Nuno Álvares Pereira, 173, Alvados, 2485-017, Portugal",+351 933 371 717,https://guide.michelin.com/en/leiria/alvados_3138159/restaurant/terruja,"This charming restaurant, embarking on a new chapter just a few kilometres from its former location, now in the small village of Mira de Aire, on the northern edge of the Serra de Aire e Candeeiros Natural Park, surprises with a truly singular format. Set in a natural landscape and surrounded by its famous caves and unique scenery, chef Diogo Caetano, whose CV includes stints at renowned restaurants in Portugal and abroad, seeks, in what he considers… his own private culinary refuge, to exalt the produce of his homeland, shining a particular light on the Aire e Candeeiros area, through local, short-supply products and close collaboration with local producers. His creative proposal, expressed through modern techniques and refined flavours, offers a short menu and an excellent tasting menu (9 courses)."
Portugal,Alverca do Ribatejo,Taberna Sakra,Portuguese,On a budget,1,"Av. Capitão João De Almeida Meleças 65, Alverca do Ribatejo, 2615-098, Portugal",+351 934 066 767,https://guide.michelin.com/en/lisboa-region/alverca-do-ribatejo_7770439/restaurant/taberna-sakra,"This small restaurant, near the local football pitch, is run with great enthusiasm and wide-eyed ambition by a young couple: Hugo China Ferreira commands the stoves and Débora Cardoso leads the service. In its contemporary dining room, with the kitchen on display at the back, they offer a simple menu built on products that take us back to traditional Portuguese cookery, with dishes as surprising as Atum e molho de escabeche (tuna with escabeche sauce) or their Cabidela de choco (cuttlefish cabidela), served in a caçarola de barro (clay casserole) and intensely flavoursome. A speciality? They say the star dish is the Txuleta de ternera vasca (Basque beef chop), recalling a trip they took to the Basque Country that left a lasting mark on them, gastronomically speaking."
Portugal,Bragança,Contradição,Traditional Cuisine,A moderate spend,2,"Rua da Cidadela, 92, Bragança, 5300 025, Portugal",+351 926 844 363,https://guide.michelin.com/en/braganca-region/braganca/restaurant/contradicao,"The more informal venture by the Geadas brothers (Óscar and António), who, after their success at the renowned G Pousada, now seek to reaffirm their love and commitment to their homeland. Here, they advocate traditional cuisine aimed at promoting the local recipe repertoire, taking the authenticity of Bragança’s products to the wider world. In addition to dishes like Aunt Mariema’s tasty samosas (which can be vegetarian or meat), generous scallops with cockle couscous (made from Barbela wheat typical of Trás-os-Montes), you can find game options such as wild boar sirloin served with chestnut purée and crisps. The rustic, homely atmosphere is enhanced by a charming terrace for summer days. And if you’d like to pick up one of the linguistic gems still spoken in Mirandese, you can start with “Ebun pan i bun bino, ándam camino!” (Good bread and good wine, let’s hit the road!)"
Portugal,Bragança,O Javali,Regional Cuisine,A moderate spend,2,"Quinta do Reconco 6 - Estrada Nacional 103-7 KM 5 Nº 6, Bragança, 5300-672, Portugal",+351 273 333 898,https://guide.michelin.com/en/braganca-region/braganca/restaurant/o-javali,"A family-oriented establishment near the Montesinho Natural Park, where the virtues of the local Bragança cuisine are showcased. The place, easy to spot as it is right by the road, features a large car park, a public bar and two rustic-style dining rooms, both displaying hunting-themed decorations. The menu showcases regional Trás-os-Montes recipes and game dishes, always in hearty servings and based on fresh produce. Don’t miss the stewed wild boar with chestnuts, hare rice, Bragança-style lamb... or the wonderful grilled wild boar sirloin."
Portugal,Coimbra,Solar do Bacalhau,Portuguese,On a budget,1,"Rua da Sota 10, Coimbra, 3000-392, Portugal",+351 239 098 990,https://guide.michelin.com/en/coimbra/coimbra/restaurant/solar-do-bacalhau,"It sits in a privileged location in Baixa de Coimbra, an area of the historic centre that in the Middle Ages was occupied by merchants and artisans. If you are looking for a place to savour Portugal’s famous bacalhau (salt‑cod), you will not find a better spot! The product’s preparation can be observed up close, in an area where several postas de bacalhau (cod sections) hang and countless lombos (loins) are soaked. It goes without saying that there is a wide variety of this traditional dish on the menu, among which we suggest Bacalhau à Coimbra (Coimbra‑style bacalhau), served in an earthenware casserole and in generous portions, standing out both for its flavour and the quality of the product. Divided into two floors with a generous space, the establishment offers capacity for more than 200 diners, as well as an interior glass‑roofed patio full of natural light and a terrace, perfect for enjoying the city’s charm!"
Portugal,Figueira da Foz,Olaias,Rice Dishes,A moderate spend,2,"Rua Abade Pedro 2 - Centro de Artes e Espectáculos, Figueira da Foz, 3080 081, Portugal",+351 937 408 125,https://guide.michelin.com/en/coimbra/figueira-da-foz_2419538/restaurant/olaias,"In this restaurant you will have reason to return at any time of year, as the house speciality, Carolino rice from the Mondego — a Portuguese variety grown on the Mondego river — varies with the seasons, so you will always have a new option to savour. From chef Mónica Gomes’s hands, besides the rice dishes made in a clay oven, come house‑baked breads served still warm, the delicious Rissol da Tia Fernanda (Portuguese croquette)… Among the rice options — duck, fish or octopus — you will always make a sound choice, and to finish, our strong recommendation is the Tiramisù made to order with excellent texture. The restaurant is located in the Centro de Artes e Espectáculos (Arts and Performances Centre) and presents careful décor, with large panoramic doors offering lovely views, as well as a comprehensive garrafeira (wine cellar/collection) under sommelier Pedro Ferreira, who is always ready to advise you!"
Portugal,Funchal,Casal da Penha,Portuguese,A moderate spend,2,"Rua Penha de França - Beco do Ataíde n.1, Funchal, 9000-014, Portugal",+351 291 227 674,https://guide.michelin.com/en/ilha-da-madeira/funchal/restaurant/casal-da-penha,"A family-run company that champions the charm of simple yet authentic things, always letting the product speak for itself. It is located in the city centre, surrounded by large hotels, and its modest yet well-organised dining room is enhanced by a marvellous rooftop terrace. The father, in charge of the stoves, serves up traditional cuisine featuring many regional specialities, delicious fresh fish of the day, a wide variety of meats, great rice dishes... and even paellas. Don’t miss the grilled limpets served in a skillet, a delicious traditional dish closely linked to the island of Madeira."
Portugal,Gafanha da Encarnação,Dóri,Seafood,A moderate spend,2,"Rua das Companhas - Costa Nova do Prado, Gafanha da Encarnação, 3830-000, Portugal",+351 234 369 017,https://guide.michelin.com/en/aveiro-region/gafanha-da-encarnacao_2419914/restaurant/dori,"Situated between the Aveiro estuary and the Atlantic, on the first floor of a contemporary glass-fronted building offering splendid views, particularly from the terrace. The bar features an enticing display cabinet, while the two dining rooms are bright and functional-contemporary in feel. Although the menu includes delicious meats and a few savoury rice dishes, the speciality here is the wild fish, cooked on the open grill, and the seafood. Don’t leave without trying the fried fish (“fritada de pescado”) or the delicious “ensopado” of turbot."
Portugal,Guimaraes,Norma,Creative,A moderate spend,2,"Rua Doutor José Sampaio 35, Guimaraes, 4810 275, Portugal",+351 939 501 461,https://guide.michelin.com/en/braga-region/guimares/restaurant/norma-1207644,"Housed in an old building that almost goes unnoticed among its neighbours. This restaurant enjoys privileged views from its terrace, where you can contemplate the Church of São Gualter – an iconic symbol of the city. At the stove is Chef Miguel Marques, who boasts wide experience in renowned restaurants in Zurich, Munich and Portugal, and presents a menu inspired by human ""Evolution"", reflected in dishes that hark back to the past and others that draw on culinary progress. His proposal revolves around a single seven-course tasting menu, à la carte options and a weekly menu that changes each season, alongside an interesting selection of Portuguese wines!"
Portugal,Leiria,Mesa15,Modern Cuisine,A moderate spend,2,"Estrada da Estação, 12, Leiria, 2415-408, Portugal",+351 244 040 554,https://guide.michelin.com/en/leiria/leiria_2432572/restaurant/mesa15,"It sits beside the train station, a little away from the historic centre, in a single-storey house with a modern interior whose name references the year the couple behind it, Petr at the stoves and Ariana running the service, met while both were working in England. The concept? Contemporary, European-rooted cooking that minds the details and takes shape exclusively through several menus: a good-value lunch option (weekdays only), another in set-menu format (you can choose two or three courses) and a more complete tasting-style option. The Czech-born chef’s iconic dish is the Risotto de trufas, mascarpone e parmesão, truffle risotto with mascarpone and Parmesan, but we recommend saving room for dessert, because his Tarte de nata, folha de figueira, noz-moscada e crème fraîche, custard tart with fig leaf, nutmeg and crème fraîche, struck us as spectacular!"
Portugal,Lisbon,Canalha,Farm to table,A moderate spend,2,"Rua da Junqueira 207, Lisbon, 1300-338, Portugal",+351 962 152 742,https://guide.michelin.com/en/lisboa-region/lisboa/restaurant/canalha,"Chef João Rodrigues’s concept, located in a residential area, harks back to the neighbourhood restaurants of the past, yet retains the essence of a bistro. Sitting at the counter and watching the kitchen bustle contributes to a relaxed and vibrant atmosphere. Here, the focus is on the products — displayed in a showcase at the entrance — prepared simply, offered at accessible prices, and presented in a sharing format. A blackboard displays the daily lunch specials and, in addition, an appealing menu. Whether it’s the succulent open prawn omelette with onion, the iconic squid dish with sheep’s butter, or the simple yet authentic peach served with eggnog and creamy pistachio ice cream, one thing is certain — it does not disappoint!"
Portugal,Lisbon,Carnal,Mexican,A moderate spend,2,"Rua da Misericordia 78, Lisbon, 1200 273, Portugal",+351 913 463 232,https://guide.michelin.com/en/lisboa-region/lisboa/restaurant/carnal-1200315,"(Provisionally, services are being provided at Largo da Trindade, 9) This lively, centrally located restaurant quickly gained popularity for being owned by the well-known Chef Ljubomir Stanisic (head of the 100 Maneiras group). It describes itself as a Mexican gastrobar and is one of those casual places that entices your taste buds. The dishes, generally quite well-balanced, are designed for a modern and informal ambience, with subtle nods to Mexican culture, striking the right harmony of flavour and heat in each creation. On the menu, featuring typical antojitos, tostadas, gringas and the famous tacos (don’t miss the tacos al pastor or the cauliflower tacos), you’ll also find bolder or more daring options like guacamole with insects or chicharrón (both dishes include larvae and crickets). Be sure to try one of their tequila cocktails!"
Portugal,Lisbon,Ofício - Wine & Dining Room,Traditional Cuisine,A moderate spend,2,"Rua Nova da Trindade 11, Lisbon, 1200-301, Portugal",+351 910 456 440,https://guide.michelin.com/en/lisboa-region/lisboa/restaurant/oficio,"This restaurant, located in the heart of Chiado and close to the Jesuit church of São Roque, was born under the philosophy of a contemporary taberna (tavern), however… it is now taking a new path! The starting point is the recreation of Portuguese recipes in the light of current knowledge, always respecting the product and its origins, but without setting limits. The chef at the helm, Maurício Varela, champions a fluid proposal that seeks balance between cold and hot cooking, with constant references to the memory of Portuguese cuisine, spanning from traditional churrasco (barbecue) to conservas (preserves), as well as escabeches and smoked preparations. For them, in pursuit of a living offering, proximity and freshness of raw materials are fundamental to the creative process."
Portugal,Lisbon,Pigmeu,Portuguese,A moderate spend,2,"Rua do 4 De Infantaria 68, Lisbon, 1350-274, Portugal",+351 21 825 2990,https://guide.michelin.com/en/lisboa-region/lisboa/restaurant/pigmeu,"A few metres north of the leafy Jardim da Parada, in Lisbon’s Campo de Ourique district, there is a very simple restaurant where… the cooking and character matter far more than comfort! Everything revolves around pork (which partly explains the name of the place), a product that Chef Miguel Azevedo Peres and his executive chef Alexandre Ballarin uses in its entirety, from snout to tail. On the menu, you will find the house classics, such as Torresmo do Rissol (crispy pork crackling), Croquetes do Pigmeu (Pigmeu croquettes), and the popular Bifana Porcalhona (a hearty pork sandwich), along with some delicious offal dishes that you simply must try."
Portugal,Lisbon,Zunzum Gastrobar,Contemporary,A moderate spend,2,"Avenida Infante D. Henrique. Doca do Jardim do Tabaco, Lisbon, 1100-651, Portugal",+351 915 507 870,https://guide.michelin.com/en/lisboa-region/lisboa/restaurant/zunzum-gastrobar,"In this elegant restaurant full of light, set in a modern, fully glazed building near the Lisbon Cruise Terminal (opposite the intriguing Museu do Lactário), the famous Chef Marlene Vieira makes a case for a top-notch contemporary concept, always grounded in the traditional Portuguese culinary repertoire, yet open to inspiration from other cuisines around the globe. It is surprising both due to its interior décor, dominated by white and red tones, and its pleasant terrace overlooking the Tagus. Interesting dishes? Algarve pink prawns with seaweed and lemon butter; Alentejo pork chop with fried polenta and roasted pepper ketchup; creamy shellfish and coriander rice..."
Portugal,Maia,Machado,Traditional Cuisine,On a budget,1,"Rua Doutor António José de Almeida 467, Maia, 4475-456, Portugal",+351 22 941 0839,https://guide.michelin.com/en/porto-region/maia_2420974/restaurant/machado,"Quality and quantity are both guaranteed at this restaurant occupying an old house in a small village close to Maia. Several separate dining rooms, all with a similar rustic decor, simple table settings and lots of typical decorative details hanging from the walls. Here, it is impossible to leave hungry given the copious portions on the traditional home-cooked menu which teems with local flavours. Make sure you try Machado’s house speciality, the Lafões-style roast veal."
Portugal,Montemor-o-Novo,PODA,Regional Cuisine,On a budget,1,"Rua Sacadura Cabral 25, Montemor-o-Novo, 7050 304, Portugal",+351 968 307 694,https://guide.michelin.com/en/evora-region/montemor-o-novo/restaurant/poda,"It is in the tranquil streets and historic setting of Montemor‑o‑Novo that you find PODA. This restaurant occupies a former agricultural warehouse, fully restored, and presents an elegant ambience that preserves the rustic details of its past life. Chef João Narigueta and sommelier Miguel Dominguinhos, long‑time friends, joined forces in this project to create a space where traditional Alentejo cuisine is revived and presented with decidedly pronounced flavours. The offering includes a tasting menu (5 courses) and a concise à la carte menu, which offers, among the options, the soup of the day — such as the comforting Sopa Fatia Azeda (regional sour‑bread soup) made with cured sausages and poached egg — or a sweet hard to find outside this region, Enxovalhada, a spongey pão‑de‑ló filled with pieces of walnuts, honey and dusted with cinnamon. The wine list is composed mostly of local producers!"
Portugal,Portalegre,Solar do Forcado,Traditional Cuisine,On a budget,1,"Rua Candido dos Reis 14, Portalegre, 7300-129, Portugal",+351 245 330 866,https://guide.michelin.com/en/portalegre-region/portalegre/restaurant/solar-do-forcado,"It’s located on a narrow cobbled street in the historic centre, relatively close to the castle that dominates the city. Its modest façade gives way to a not-too-large but cosy rustic-style space, whose décor revolves around the world of bullfighting. Here, you’ll find traditional cuisine specialising in meats, almost always featuring a dish made from fighting bull in honour of the Forcados, a typical art of Portuguese bullfighting that both the owner and his father practised successfully. Try their famous fighting bull kebab and, if possible... don’t miss the Portuguese stew (cozido) served up on Thursdays!"
Portugal,Porto,OMA,Contemporary,A moderate spend,2,"Rua De Oliveira Monteiro, 183, Porto, 4050-442, Portugal",+351 912 000 099,https://guide.michelin.com/en/porto-region/porto/restaurant/oma-1203846,"This establishment is run by Chef Luís Moreira and his partner, Ana Silveira, who recently left a small village to venture into urban life in Porto — and there is no doubt they have been warmly welcomed. They both aim to share their experiences in the different cities where they have lived, including Germany (hence the name of the restaurant, meaning “grandmother” in German). The chef offers a style of cooking that blends local produce with modern techniques, imparting a personal flair. Here, a journey of flavours is guaranteed, beginning with Asia (a destination the chef hopes to explore) via one of the appetisers: a Chawanmushi with tuna and dashi. It then heads to Portugal, featuring National beef sirloin with roasted aubergine, bomba rice and wild mushrooms, and concludes in the Azores, with a dessert of pineapple, pink peppercorns and mascarpone."
Portugal,Porto,Pátio 44,Traditional Cuisine,On a budget,1,"Passeio De São Lázaro, 44, Porto, 4000 508, Portugal",+351 910 524 754,https://guide.michelin.com/en/porto-region/porto/restaurant/patio-44,"A restaurant that pleasantly surprises, both for the skill and quality of its produce and for its unassuming façade. This venture, conceived by three friends who crossed paths behind the scenes during a previous project, is led by chef Simão Soares in the kitchen and focuses on traditional Portuguese cuisine, enriched with modern techniques and unique flavours. In a space that reflects the philosophy – simple, welcoming and unpretentious – a concise yet distinctive menu is presented, featuring standout dishes such as sweet potato with beetroot, beef liver served with potato mille-feuille, and the delicate rum and sultana dessert. The venue also features an outdoor terrace, perfect for sunny days and for enjoying one of the creative cocktails on offer!"
Portugal,Setúbal,Xtoria,Contemporary,A moderate spend,2,"Rua Guilherme Gomes Fernandes 17, Setúbal, 2900-395, Portugal",+351 961 284 144,https://guide.michelin.com/en/setubal/setubal/restaurant/xtoria,"This restaurant surprises from its original façade, in industrial grey with cast‑steel finishes, through to its gastronomic proposal. Located close to the Doca de Pesca de Setúbal (Setúbal fishing wharf), this establishment avoids the predictable and presents bold combinations with harmonious blends of flavours that result in a pitch‑perfect experience on the palate. The indispensable choco (cuttlefish), a symbol of the city, is reinvented in a delicate Cannoli de choco (cuttlefish cannoli) with garlic emulsion, roe and cured tuna, as well as other delicacies that equally extol the Atlantic, such as sea bass loin cured in seaweed, paired with açorda de amêijoas (bread–garlic clam stew) and creamy lupin‑bean purée. The offering proposes à la carte options, a special lunch menu and a tasting menu of 5 courses, available on Friday and Saturday evenings!"
Portugal,Tonda,3 Pipos,Regional Cuisine,A moderate spend,2,"Rua de Santo Amaro 966, Tonda, 3460-479, Portugal",+351 232 816 851,https://guide.michelin.com/en/viseu-region/tonda/restaurant/3-pipos,"This house with more than three decades of activity and family management is a regional reference and seeks to stay up to date, but without losing its personality. In this space, which features a hall‑adega (wine‑hall) at the entrance and several rooms with a classic‑rustic ambience, decorated with objects that allude to oenology — not by chance its emblem is the three pipas (barrels) — the regional cuisine of Beira Alta is a highlight. The offering, composed of hearty dishes and house specialities, is completed by daily suggestions, among which we highlight fried octopus with bread‑herb crumbs, served in a copper pot and, for dessert, baked meringue with egg‑yolk custard, presented in a classic homemade style. The ample garden and the Wine Club, with direct sales to the public at attractive prices, are other interesting draws!"
Portugal,Viana do Castelo,Camelo,Regional Cuisine,On a budget,1,"Rua de Santa Marta 119, Viana do Castelo, 4925-104, Portugal",+351 258 839 090,https://guide.michelin.com/en/viana-do-castelo-region/viana-do-castelo/restaurant/camelo,"This family-run establishment, almost always busy, is located in a town with a long maritime tradition, as many cod-fishing vessels once sailed from here to Newfoundland and Greenland (there’s a space dedicated to the Minho Cod Academy). You’ll find a waiting bar and several dining rooms, all very tastefully decorated, plus a large marquee for banquets and a huge garden patio used for the outdoor seating area. They serve up quality-certified Minho cuisine here, as they keep their own shellfish tank, a lamprey tank, a good meat section and even vegetarian options on the menu. A tip? Don’t miss their famous Bacalhau à Camelo (Camelo style Cod), as well as their lamprey dishes in season (from January onwards)."
Portugal,Viseu,Flora,Modern Cuisine,A moderate spend,2,"Grão Vasco 21, Viseu, 3500-138, Portugal",+351 232 104 683,https://guide.michelin.com/en/viseu-region/viseu/restaurant/flora-1210835,"Do you fancy enjoying regional flavours prepared creatively in Viseu’s historic centre? Restaurant Flora is the ideal destination! Chef João Guedes, passionate about nature (hence the name of the house), presents an offer that captures the changing seasons, providing bold flavours and presentations brimming with originality. The offer is divided into three surprise tasting menus of 5, 7 and 9 courses that underline the quality of the product and can be enjoyed alongside a “selection of minimal-intervention, organic and biodynamic wines”. The minimalist, contemporary-bistro setting seats only fourteen people, so booking ahead is advisable!"
Portugal,Águeda,O Típico,Traditional Cuisine,On a budget,1,"Rua Doutor Manuel Alegre 42, Águeda, 3750-139, Portugal",+351 234 625 336,https://guide.michelin.com/en/aveiro-region/gueda/restaurant/o-tipico,"If you appreciate authenticity, head to this modest restaurant, situated just a few minutes’ walk from Jardim da Praça do Município and run by a charming couple. The simple façade gives way to a single dining room brimming with tradition, where you’ll find regional details, antique items, eye-catching beer steins... and even some farming tools. Here you’ll find a local clientele and a 100% Portuguese cuisine, with hearty country dishes featuring meats, some fish preparations, tasty stews, rice dishes... and delicious homemade desserts. Do not miss the Migas Lagareiras (a dish based on breadcrumbs and olives) or the remarkably succulent wild game alheira sausage!"
Spain,A Coruña,El de Alberto,Modern Cuisine,A moderate spend,2,"Comandante Fontanes 1, A Coruña, 15003, Spain",+34 981 90 74 11,https://guide.michelin.com/en/galicia/a-corua/restaurant/el-de-alberto,"This successful, family-run business has had a new lease a life under the baton of chef Aitor Prieto, part of the third generation at the helm of this culinary institution and trained in renowned restaurants such as Culler de Pau (in O Grove). This welcoming eatery, located close to the Playa del Orzán, is hidden behind a large picture window that bathes the contemporary dining room in natural light, and where guests can enjoy attentive and informal service, with owner Alberto Prieto keeping a watchful eye on proceedings. The cooking here is an updated take on traditional cuisine with hints of fusion, and comes in the form of medias raciones listed via a QR code (although full raciones and the tasting menu are also available). Dishes on the menu include marinated mackerel with a spring onion and wasabi salsa, hake on a bed of Galician-style potatoes, and sirloin, cep mushrooms and foie gras. Whatever you choose, everything is delicious!"
Spain,A Coruña,Taberna 5 Mares,Contemporary,A moderate spend,2,"Parque Monte San Pedro, A Coruña, 15011, Spain",+34 981 10 08 23,https://guide.michelin.com/en/galicia/a-corua/restaurant/taberna-5-mares,"The cooking at this taberna is fun as well as delicious! And with this in mind, the duo of owner-chefs Iria Espinosa and Luis Veira have strived for what they describe as the offbeat face of gourmet cuisine. This bright space occupying the former café adjoining the Arbore da Veira restaurant reflects the more informal and casual dining option of this award-winning name, which features an à la carte of appetisers and main dishes suitable for all budgets (it also includes a section entitled “landscapes for sharing”), in addition to an affordable tasting menu that showcases several signature dishes (spherical olives, carpaccio of scallops “al ajillo” with black garlic, etc). The impressive views over A Coruña add further appeal!"
Spain,A Coruña,Terreo Cocina Casual,Contemporary,A moderate spend,2,"San Andrés 109, A Coruña, 15003, Spain",+34 881 91 71 82,https://guide.michelin.com/en/galicia/a-corua/restaurant/terreo,"A restaurant with a modern feel that everyone is talking about given its aim of creating elaborate yet more informal cuisine based around lighter dishes that still retain incredible flavour. The couple that run it (chef Quique Vázquez mans the stoves while Ana Señarís takes care of everything front of house) like to describe what they offer as “casual” to make their guests feel very much at home, with a focus on delicate sauces, an interesting fusion of raw ingredients (marinated and smoked), plus an extensive array of rice dishes. Half-“raciones” are also an option on the menu here."
Spain,Alacant,Alba,Mediterranean Cuisine,On a budget,1,"Virgen del Socorro 68, Alacant, 03002, Spain",+34 669 13 45 84,https://guide.michelin.com/en/comunidad-valenciana/alacant/restaurant/alba,"The fusion of local Alicante and Italian cuisine on offer in this attractive and intimate eatery in a residential district comes as a pleasant surprise, and is explained by the culinary experiences of chef Alba Esteve during her stints working in several prestigious restaurants in Italy. Choose between the à la carte (interesting off-menu options such as fresh fish of the day are also available) and an enticing tasting menu. We loved the delicious and refreshing lemon and yuzu tartlet dessert with yuzu and a lime and celery sorbet."
Spain,Alacant,Tábula Rasa,Traditional Cuisine,A moderate spend,2,"Alberola 57, Alacant, 03007, Spain",+34 623 78 91 04,https://guide.michelin.com/en/comunidad-valenciana/alacant/restaurant/tabula-rasa,"Located in the city’s historic Benalúa district, Tábula Rasa boasts a well-maintained façade plus an interior with a tranquil and traditional ambience. Head Chef Rafael Molina is keen to offer honest cuisine that showcases Alicante’s culinary traditions, bringing a modern technical approach and a continual focus on fresh seasonal ingredients (they do not use freezers or vacuum packs). The menu, which changes almost daily, focuses on a single, tempting seasonal menu where rice dishes or 'fideuás', such as their tasty rice with pork ribs and vegetables, tend to take centre stage."
Spain,Alcalá de Henares,Eximio by Fernando Martín,Contemporary,A moderate spend,2,"Victoria 2, Alcalá de Henares, 28802, Spain",+34 915 13 89 80,https://guide.michelin.com/en/comunidad-de-madrid/alcala-de-henares/restaurant/eximio-by-fernando-martin,"If you’re visiting Alcalá de Henares, the birthplace of the famous writer Miguel de Cervantes, make sure you dine at this restaurant located just a stone's throw from Alcalá’s 'Catedral Magistral' (the restaurant’s name, meaning “eminent” in English, is a nod to the “magistral” status of the cathedral). It is run by local-born chef Fernando Martín, who learnt his trade at Le Cordon Bleu and some of Spain’s leading restaurants such as at Martín Berasategui in Lasarte-Oria. His updated take on traditional cuisine is showcased on an à la carte, a good-value lunchtime menu (Monday to Friday), as well as on two more elaborate tasting-style menu that change with the seasons (Corto and Largo). In the chef’s own words, his aim is to 'ensure that every guest who walks through the door has a different gastronomic experience.'"
Spain,Alfafara,Casa el Tio David,Regional Cuisine,A moderate spend,2,"Bancal del Clot 2, Alfafara, 03838, Spain",+34 965 51 01 42,https://guide.michelin.com/en/comunidad-valenciana/alfafara/restaurant/casa-el-tio-david,"One of those restaurants that everyone has something good to say about... and no wonder, it is run with kindness by the chef-owner and his wife, a tandem that reflects the perfect marriage between the dining room and the kitchen. It occupies a family home dating from the early 20th century and has a rustic-regional atmosphere in the dining room, with a multitude of decorative details, exposed beams and a fireplace that is usually lit. The three menus (El Pantanet, Cava la Font and El Teix) are based on the typical recipes of the region, but with a twist to make them lighter, more attractive and more modern. Try the Croquette sampler or the Al-Andalus baked shoulder of lamb!"
Spain,Alfaro,Morro Tango,Contemporary,On a budget,1,"Las Pozas 18, Alfaro, 26540, Spain",+34 941 18 15 33,https://guide.michelin.com/en/la-rioja/alfaro/restaurant/morro-tango,"Centrally located along a pedestrian street, this modern restaurant takes its name from an expression that the area’s older inhabitants once used to refer to those who were attracted to the more luxurious things in life and who wouldn’t eat just anything! Chef Cristóbal Castillo, who spent many years working alongside the award-winning Francis Paniego (El Portal de Echaurren, Ezcaray), has the firm intention of showcasing the products of the Rioja region from a more contemporary angle, with a strong focus on fresh ingredients straight from the market. The à la carte, split into evocatively named sections such as ‘Ve calentándote el morro’, ‘¡Arriba la cuchara y la huerta!’ and ‘Golmajería’ (desserts), is complemented by two set menus: the daily ‘Todos los Morros’ and the tasting-style ‘Morro Tango’. Ask for their delicious stews and don't miss the sirloin steak with Hunter’s sauce, Café de Paris butter and potatoes!"
Spain,Aljaraque,Finca Alfoliz,Traditional Cuisine,A moderate spend,2,"Carretera A-492 km 6,5, Aljaraque, 21110, Spain",+34 959 24 51 35,https://guide.michelin.com/en/andalucia/aljaraque/restaurant/finca-alfoliz,"This restaurant with a strong focus on sustainability is a dream come true for chef Xanty Elías. Located on a family estate surrounded by fields of crops and protected areas, Finca Alfoliz enables its guests to enjoy its stunning natural surroundings to the full. On the à la carte and Compartir Clásicos tasting menu, enjoy a modern take on traditional cuisine including a complete emphasis on seasonal organic products, although you’ll also find delicious rice dishes cooked in clay pots, grilled meats (including a choice of mature cuts), and fish from the local estuary. We can particularly recommend the intense hock of wild boar which is slow cooked for 18 hours and carved in front of you. An interesting brunch is also available at weekends."
Spain,Almodóvar del Río,La Taberna de Cuatro Caminos,Regional Cuisine,A moderate spend,2,"Antonio Machado 24, Almodóvar del Río, 14720, Spain",+34 957 63 55 50,https://guide.michelin.com/en/andalucia/almodovar-del-rio/restaurant/la-taberna-de-cuatro-caminos,"A restaurant that has already enjoyed success in the town under the name La Taberna (the owners also have another eatery in Córdoba called La Taberna de Almodóvar) and has reopened its doors as La Taberna de Cuatro Caminos. Simple terrace, a bar boasting a touch of local colour, plus three dining rooms, all of which are traditional in feel but feature unusual Andalucian detail in their decor. Tasty, regionally inspired cooking with a focus on substantial yet attractively presented local dishes and popular specialities that include its famous croquettes, along with Mazamorra de Almodóvar and Salmorejo Cordobés."
Spain,Almoradí,El Buey,Traditional Cuisine,A moderate spend,2,"La Reina 94, Almoradí, 03160, Spain",+34 966 78 15 93,https://guide.michelin.com/en/comunidad-valenciana/almoradi/restaurant/el-buey,"A family-run restaurant that prides itself on its honest and professional service. The small bar acts almost as a private space, while the attractive, classic-contemporary dining room is embellished with the occasional rustic detail. The chef-owner, Moisés Martínez, who as a young man had ties to the meat industry and worked a lot with beef (hence the name of the restaurant, translation: The Ox), is more attentive these days to the raw ingredients from the garden and seasonal produce, with the star product being the Vega Baja del Segura artichokes, and every Sunday they offer a typical local stew with meatballs, the Cocido con pelotas de la Vega Baja!"
Spain,Almuñécar,El Chaleco,French,A moderate spend,2,"Avenida Costa del Sol 37, Almuñécar, 18690, Spain",+34 958 63 24 02,https://guide.michelin.com/en/andalucia/almunecar/restaurant/el-chaleco,"A restaurant with a long history, now run by the daughter of the previous owners, who has managed to maintain its essence but with an exquisite professional touch. In the attractive dining room, divided into two separate spaces, guests can savour French-inspired cuisine which is somewhat unusual for this region. The cooking is mainly focused around two menus: a short 3-course option and a 5-course tasting menu (with good artisan breads and traditional dishes, like ravioli stuffed with prawns). Keep your eye out for regular themed menus (lobster, seafood special, anniversary, Belgian, etc.)."
Spain,Altura,La Farola,Contemporary,On a budget,1,"Agustín Sebastián 4, Altura, 12410, Spain",+34 964 14 70 27,https://guide.michelin.com/en/comunidad-valenciana/altura_1386350/restaurant/la-farola,"One of those situations in which a restaurant has reinvented itself along with the careers of the couple at the helm. Here, José Vicente has given a new lease of life to the original family-run bar, while María abandoned her job as a biologist to give free rein to her true passion. In this bright eatery, featuring a large glass-fronted wine cellar and a meticulous interior, choose between an interesting à la carte and a set menu that showcases the recipes of the Alto Palancia area (l’Alt Palància). These range from delicious, updated takes on traditional recipes to bolder creations inspired from further afield (the Vietnamese vegetable nem and the flavours of the fritters made with a brandade of cauliflower and sriracha came as a pleasant surprise). They also produce their own olive oil (Essentia Oleum) that can be purchased here."
Spain,Alzira,Cami·Vell,Traditional Cuisine,A moderate spend,2,"Colón 51, Alzira, 46600, Spain",+34 962 41 25 21,https://guide.michelin.com/en/comunidad-valenciana/alzira/restaurant/cami-vell,"One of those instances where the passing of the generational baton has injected renewed energy into a business, although it’s not uncommon to see its founder, Antonio López, still putting in an occasional appearance! Toni, front of house, and his brother Iván, in the kitchen, are now running the show on their own. In the dining room, which is divided between several spaces with a rustic-contemporary decor, attractive azulejo tiling and an open-view kitchen, the concise à la carte focuses on updated traditional cuisine, with a continual nod to local products, alongside three tasting menus (Xúquer, in homage to Camí Vell’s signature dishes, Casella and Murta)."
Spain,Amposta,L'Algadir del Delta,Traditional Cuisine,A moderate spend,2,"Ronda dels Pins 27, Amposta, 43549, Spain",+34 977 74 45 59,https://guide.michelin.com/en/catalunya/amposta/restaurant/l-algadir,"Located in the Hotel Algadir del Delta, the first to be certified with the European Ecolabel in Catalonia... this spot has the quality to be the undisputed star of the business, located in the Natural Park of the Ebro Delta and with its famous rice fields just a stone’s throw away. Owner-chef Joan Capilla is committed to local products, conscious gastronomy and the most modern techniques to give shape to updated traditional cuisine with a marked regenerative philosophy. The proposal, which always reserves a special place for rice dishes, revolves exclusively around several set menus: the Bib Gourmand, another market menu called Som Gastronomía, one where the chef takes us on a gastronomic tour of the area called Sabors del Delta and, finally, Raíces del Delta, with more of a focus on vegetables (all need to be pre-booked). In the garden area there is a much more informal option (Lo Bistró del Delta)!"
Spain,Artesa de Lleida,Antoni Rubies,Rice Dishes,On a budget,1,"Lleida 6, Artesa de Lleida, 25150, Spain",+34 973 16 75 53,https://guide.michelin.com/en/catalunya/artesa-de-lleida/restaurant/antoni-rubies,"Are you crazy about rice dishes? Then don't miss this restaurant, one of the most interesting places to try them in the Segrià region of Lleida. The chef, who offsets the simplicity of the setting with a large dose of friendliness and presence in the dining room, is committed to a traditional-regional cuisine faithful to local products. Although they offer a carefully selected set menu, with suggestive starters (such as the black pudding ravioli with foie gras), meats and fish, the most outstanding dishes here are the rice dishes (made from the different varieties of Molí de Pals), normally for two diners and with special options to discover them from their set menus (there is an executive menu and a rice dish menu)."
Spain,Astorga,Las Termas,Home Cooking,On a budget,1,"Santiago 1, Astorga, 24700, Spain",+34 987 60 22 12,https://guide.michelin.com/en/castilla-y-leon/astorga/restaurant/las-termas,"This family-run restaurant, just a few metres from the palace designed by Gaudí, boasts a spacious dining room featuring ochre walls and wood furnishings that create a very welcoming feel. Although it offers other dishes based around local and regional ingredients, the undoubted star of the show here is its signature and ever-present “Cocido Maragato” stew (closed price menu, wine and coffee included). The unique feature of this dish is that, contrary to usual practice, it is served in reverse order with the meat first, followed by the chickpeas and lastly the soup. You can also purchase Las Termas’ delicious chickpeas if you’re keen to cook them at home!"
Spain,Ayora,Pinea,Contemporary,A moderate spend,2,"Parras 10, Ayora, 46620, Spain",+34 962 19 13 40,https://guide.michelin.com/en/comunidad-valenciana/ayora_1386399/restaurant/pinea-1207164,"This cosy restaurant with a Nordic feel is run by two chefs (Kiko in the kitchen and Elisabet in charge of front of house) who also happen to be a couple. Their fresh, regional cuisine features interesting contemporary and international touches and a close bond with the ingredients of each season – they like nothing better than heading out into the countryside to forage for herbs and mushrooms! The à la carte, which always includes a selection of rice dishes, including the traditional Catalan “rossejat”, and “gazpacho” (a La Mancha option in which the gazpacho is prepared as a rice dish), is complemented by a daily menu and another more gastronomic tasting menu."
Spain,Bailén,Aureum by Picualia,Traditional Cuisine,A moderate spend,2,"Autovía A4 Madrid-Cádiz KM. 298, Bailén, 23710, Spain",+34 623 30 39 93,https://guide.michelin.com/en/andalucia/bailen/restaurant/aureum,"If you’re tempted by a dining experience that revolves around extra-virgin olive oil, then Aureum, located inside the Picualia olive oil cooperative, could be the place. In addition to educational tours, tastings and other olive oil-related activities for visitors, you’ll also find a wine bodega next door to this attractive restaurant. The two chefs at the helm, Paco Simón and Toña López de la Huerta, clearly demonstrate that olive oil is the star of the show here, with a strong nod to local tradition both on the à la carte and their two tasting menus (Fenologicum and Labora Olivae II). We particularly enjoyed the trout from Coto Ríos cooked on the Josper grill and served with mayonnaise."
Spain,Barbastro,La Oveja Negra,Contemporary,A moderate spend,2,"Oncinellas 5, Barbastro, 22300, Spain",+34 974 39 42 26,https://guide.michelin.com/en/aragon/barbastro/restaurant/la-oveja-negra,"With a name that translates as “the black sheep”, this gastronomic restaurant is gradually winning over a larger flock of clientele! The young couple at the helm, Rafa Bautista in the kitchen and María Vegue overseeing the dining room, put their life and soul into every sitting, serving modern dishes with a traditional flavour that showcase the ingredients and produce of the Somontano de Barbastro area but with a constant nod to the south of the country as a reminder of the chef’s roots. Their menu focuses exclusively on a carefully curated tasting menu: Rebaño Gastronómico (five courses, slightly cheaper at lunchtime). We particularly enjoyed the “leche texturizada de Sieso” dessert, made with milk from the Villa Villera farm."
Spain,Barcelona,Avenir,Contemporary,A moderate spend,2,"Carrer de l'Avenir 72, Barcelona, 08021, Spain",+34 691 90 71 38,https://guide.michelin.com/en/catalunya/barcelona/restaurant/avenir,"In this simple establishment, reminiscent of a charming taberna, it is impossible to leave disappointed due to the friendliness of its service and a philosophy that focuses on the fine detail of its cuisine. It is run by its two owners (Roger Viñas and Chesco Salrach) who, as fate would have it, became friends at their children’s school and decided to embark on this venture together with the former working in the kitchen, and the latter in the dining room. Here they champion contemporary cuisine, with nods to both the sea and the mountains, where different techniques, good textures and a great mastery of broths can be appreciated. The menu, with options for pescatarians and open to sharing, focuses on three tasting menus: Tastets de l'Avenir (set lunch menu, only on weekdays), La Barra de l'Avenir (15 courses) and another, more complete, called L'Avenir (19 courses). We loved their Seda-Setas-Escabeche, their Catalan interpretation of Mochi!"
Spain,Barcelona,Bacaro,Italian,A moderate spend,2,"Jerusalem 6, Barcelona, 08001, Spain",+34 931 15 66 79,https://guide.michelin.com/en/catalunya/barcelona/restaurant/bacaro-1206273,"This restaurant, steeped in the essence of Italy but which the team describes as a “Venetian taberna”, is located just a few steps from the emblematic Boquería market, and is one of those places you look forward to visiting given the caring and kindness in evidence as soon as you walk through the door. Bistro in style, and split between two floors, it boasts an eclectic yet simple decor, the idea being not to interfere too much with what is really important, namely the food! The latter is clearly rooted in Italian tradition, with a continual emphasis on flavour. You’ll find pasta here, of course, but don’t miss the typical sardines “in saor”, the Venetian-style veal liver, or the marvellous tiramisù. As you would expect, the wine list includes some classic Italian labels."
Spain,Barcelona,Bardeni-Caldeni,Meats and Grills,A moderate spend,2,"Valencia 454, Barcelona, 08013, Spain",932 32 58 11,https://guide.michelin.com/en/catalunya/barcelona/restaurant/bardeni-caldeni,"A ‘meat bar’ where meats are the great and unmistakable stars of the show. It is especially surprising for its old butcher's shop aesthetics, with a bar where you can also eat. Chef Dani Lechuga presents a menu where the Angus steak tartare stands out, Caldeni style, and you should always ask for the ‘Suggestions of the day’, as it is not unusual to find special cuts of veal to choose from. They offer half portions!"
Spain,Barcelona,Berbena,Creative,A moderate spend,2,"Minerva 6, Barcelona, 08006, Spain",+34 691 95 77 97,https://guide.michelin.com/en/catalunya/barcelona/restaurant/berbena,"A diminutive, unpretentious and informal restaurant with a name that pays homage to the traditional “berbena” festivals. At the centre of everything here is Carles Pérez de Rozas Canut, whose focus is on simple yet well-though-out and highly captivating dishes (all available in half- and some even in quarter-portions) based around seasonal Mediterranean ingredients, but which also feature influences from Asia and South America. Personality in spades, with an open kitchen and enticing recipes that tell us lots about the chef, his travels and his work in other countries. His magnificent desserts add a final flourish at the end of your meal – the crème fraîche ice-cream with olive oil and salt is definitely one you won’t want to pass up on."
Spain,Barcelona,Cruix,Contemporary,A moderate spend,2,"Entença 57, Barcelona, 08015, Spain",+34 935 25 23 18,https://guide.michelin.com/en/catalunya/barcelona/restaurant/cruix,"Located in the Eixample district of Barcelona, near Plaça d'Espanya, this restaurant with an informal feel and exposed brick walls is the perfect setting in which to feel very much at home thanks to service that could not be any more friendly. The fun à la carte, with signature bites as well as both hot and cold dishes, is supported by two tasting menus: Petit Cruix (7 courses) and Cruix (10 courses). Here, chef Miquel Pardo’s superb sharing rice dishes are worthy of special mention (the paellas are all served with their special crispy ‘socarrat’ texture at the bottom of the pan!). One particularly interesting savoury dish is the cod churro which is fried to a crispy golden texture. For dessert, we recommend the unusually named ‘sad day on the beach’! In fine weather, try to book a table on the terrace."
Spain,Barcelona,Glug,Creative,A moderate spend,2,"Viladomat 289, Barcelona, 08029, Spain",+34 747 74 79 29,https://guide.michelin.com/en/catalunya/barcelona/restaurant/glug,"If you’re on the lookout for a restaurant in the Eixample district of the city, this is a name you’ll definitely want to jot down. Located opposite the Sant Jordi swimming pool, Glug is much more than a hangout for foodies as wine also plays a prominent role here (hence its name). The couple in charge, chefs Iván Garcia and Beatrice Casella (the latter, a native of Turin, is responsible for the wonderful desserts), offer cuisine that is informal, does not follow any set rules, and is designed exclusively for enjoyment. The menu, featuring delicious dishes such as onion soup and “buttons” of Comté cheese, works with seasonal ingredients, combining aspects of Catalan and Italian cuisine in a highly interesting and creative way."
Spain,Barcelona,Oníric,Fusion,A moderate spend,2,"Rabassa 37, Barcelona, 08024, Spain",+34 931 25 98 06,https://guide.michelin.com/en/catalunya/barcelona/restaurant/oniric,"Under this name, which automatically takes us into the world of dreams, we have found one of those establishments that we would all like to visit; it illustrates that the most longed-for and unattainable projects can become reality. The tandem at the helm, with Jonatan Izquierdo behind the burners and Laura Humanes in charge of everything in the dining room, champions a proposal of modern cuisine built from common sense, with a small menu and three interesting menus: Herrén (executive-style, only at midday during the week), Oníric and Somni. One dish that we loved? The risky but convincing conger eel buñuelos, green curry, coconut and tamarind."
Spain,Barcelona,Saó,Creative,A moderate spend,2,"Cesare Cantù 2, Barcelona, 08023, Spain",+34 935 66 39 68,https://guide.michelin.com/en/catalunya/barcelona/restaurant/sao,"It is located in uptown Barcelona and its name is anything but trivial, because when translated into English (seasoning, ripeness, moment) it highlights ‘the point or maturity of things’. Juanen Benavent, the Valencian-born chef at the helm of the restaurant, puts his stamp on seasonal local produce to offer an up-to-date, creative cuisine with notable French influences, something that is all the more understandable after learning that he spent four years working at the Goust restaurant in Paris. What will you find? Three set menus (Llavor, Germinat and Arrels) and finger-licking dishes, such as his stunning savoury Crema Catalana, with aubergine at the base and caramelised foie gras topping."
Spain,Becerril de la Sierra,Malabar Bistró Nómada,Contemporary,A moderate spend,2,"Real 14, Becerril de la Sierra, 28490, Spain",+34 918 53 89 36,https://guide.michelin.com/en/comunidad-de-madrid/becerril-de-la-sierra_1441704/restaurant/malabar-bistro-nomada,"Occupying a townhouse in the mountains around Madrid, this restaurant features a patio-terrace at the entrance and a rustic and unpretentious bistro-style interior. Choose between a concise à la carte (including “raciones”, half-portions, and even quarter-portions for some dishes) with no little creativity and a strong focus on dishes designed sharing. These dishes change regularly (on this visit we thoroughly enjoyed the red tuna with a pepper-flavoured butter, and the succulent meatballs made from 7-year -old ox from Buitrago de Lozoya) and are usually based around ingredients sourced locally or from the nearby region, and enhanced by an exotic touch. Excellent technique and meticulous presentation add to its appeal."
Spain,Benicarló,Pau,Rice Dishes,On a budget,1,"Avenida Marqués de Benicarló 11, Benicarló, 12580, Spain",+34 622 11 85 76,https://guide.michelin.com/en/comunidad-valenciana/benicarlo/restaurant/pau,"A restaurant with a modern, relaxed Mediterranean feel where equality is very much to the fore, with the owner-chef often keeping an eye on the dining room and explaining dishes to guests. Although Pau’s delicious rice dishes are particularly renowned, everything is delicious here thanks to a focus on cooking that showcases local products with an added hint of creativity. Choose from three well-crafted menus at lunchtime (including one executive-style menu) and two in the evening, the latter with the option of choosing dishes from the à la carte. The pleasant musical ambience completes the picture here."
Spain,Biescas,La Cuchara de Ruba,Traditional Cuisine,On a budget,1,"Esperanza 18, Biescas, 22630, Spain",+34 974 09 64 27,https://guide.michelin.com/en/aragon/biescas/restaurant/la-cuchara-de-ruba,"In this small Pyrenean town, everyone is talking about La Cuchara de Ruba, a restaurant with the sole aim of perpetuating the legacy of Ramón Ruba, a leading name in the local hospitality sector. It could be viewed as the younger sibling of Vidocq (in Formigal, part of the Sallent de Gállego municipality), as chef Diego Herrero has brought his own cuisine here while respecting, to a certain extent, the essence of the erstwhile Casa Ruba. In the simple dining room, with its highly informal service, the menu (which changes almost every day) is contemporary in style and based around recipes from the Upper Aragón region. Signature dishes include the Pedrosillano chickpea stew, Iberian ham pancetta croquettes with organic chicken broth, and the highly surprising Oliván trout with pil pil and sautéed vegetables."
Spain,Bilbao,AL Margen,Traditional Cuisine,A moderate spend,2,"Muelle Urazurrutia 2, Bilbao, 48003, Spain",+34 944 06 40 06,https://guide.michelin.com/en/pais-vasco/bilbao/restaurant/al-margen,"Above anything else, the concept at Al Margen champions ""taste through simplicity"". This relaxed and informal restaurant alongside the estuary next to San Antón bridge, features a decor of highly original stone columns and hydraulic floor tiles that give it plenty of character, alongside bare tables and a semi-open kitchen at the entrance. The young chefs at the helm here, Adrián Leonelli and Pablo Valdearcos, have created a concise à la carte that showcases updated traditional cuisine that is technically accomplished yet fun and always built around the freshest seasonal produce. A tasting menu called Bib Gourmand is also an option."
Spain,Bilbao,Kimtxu,Fusion,A moderate spend,2,"Henao 17, Bilbao, 48009, Spain",+34 946 52 78 92,https://guide.michelin.com/en/pais-vasco/bilbao/restaurant/kimtxu,"A somewhat surprising Asian “taberna” in Bilbao with an informal atmosphere to make you feel at home and open your mind and tastebuds to new, interesting flavours from around the world. Owner-chef Iván Abril rethinks oriental cooking through techniques acquired in London and Hong Kong, but always using superb Basque products and varying the dishes he offers in line with seasonal ingredients. The backdrop of impeccable, contemporary taberna-style decor is partly inspired by Asian culture. The à la carte, featuring an array of simple yet tasty and well-balanced dishes (we particularly enjoy the fun Banh-mi: a Vietnamese snack with a brioche bun, Iberian pork cheek, pickles and foie gras powder), is complemented by a 7-course tasting menu that takes its name from the restaurant."
Spain,Bilbao,Los Fueros,Basque,A moderate spend,2,"De los Fueros 6, Bilbao, 48005, Spain",+34 944 15 30 47,https://guide.michelin.com/en/pais-vasco/bilbao/restaurant/los-fueros,"This typical Bilbao “botxero”, a classic feature of Bilbao’s restaurant scene, opened its doors in 1878 under the name Bar Colón. Today, following its impressive renovation which has seen it retain much of its authentic character, it is one of the most interesting restaurants in the city’s old quarter. Its beautiful bistro-style interior provides the backdrop for an impressive à la carte (including “media ración” options) that features Bilbao’s most representative and typical dishes, all presented with a contemporary flair, alongside two enticing tasting menus: “Gourmand” and “De Bilbao de toda la vida”. Don’t leave without trying the legendary grilled prawns!"
Spain,Binéfar,Carmen,Seasonal Cuisine,A moderate spend,2,"Avenida de Nuestra Señora del Pilar 3, Binéfar, 22500, Spain",+34 974 42 05 31,https://guide.michelin.com/en/aragon/binefar/restaurant/carmen-1184551,"This restaurant is located in the same building as the Lonja Agropecuaria, the largest farming auction in Spain, where the price of beef in other auctions depends largely on prices established here. Given the above, it’s no surprise to see this restaurant, which started life in nearby Tamarite de Litera before moving here, taking full advantage of the choice cuts of meats from this area. Chef Iván Vilanova serves up an à la carte of unpretentious dishes with a focus on seasonal ingredients alongside two menus (an “executive” menu for lunch midweek, as well as a tasting option), always striving to create delicious cuisine where the ingredients themselves take centre stage. Make sure you ask about daily specials that may be available off-menu, as these are always interesting and unusual – the squid and butifarra sausage is a good example."
Spain,Calders,Urbisol,Traditional Cuisine,A moderate spend,2,"Carretera N 141 C, Calders, 08279, Spain",+34 938 30 91 53,https://guide.michelin.com/en/catalunya/calders/restaurant/urbisol,"Situated in a family-run hotel (Urbisol) that stands out for its natural surroundings and the extraordinary hospitality of the entire team, with Carles Badia in the kitchen, along with his son Oriol, and Elisabet Jubany (sister of award-winning chef Nandu Jubany) overseeing the dining room. The restaurant, located next to the reception area and with a contemporary atmosphere, offers updated traditional cuisine that aims to stimulate the palate. The menu, with dishes such as mushroom risotto with parmesan and foie gras, fried eggs with vegetables, Iberian ham and truffle oil, and monkfish and prawn suquet, is complemented by a very full tasting menu (only available upon request). The vegetables are surprisingly intense in flavour!"
Spain,Calp,Komfort,Contemporary,A moderate spend,2,"Urbanización Marisol Park 1A, Calp, 03710, Spain",+34 636 57 22 41,https://guide.michelin.com/en/comunidad-valenciana/calp/restaurant/komfort,"An interesting option (with a name that pays homage to the current trend for comfort food) despite its location away from Calp’s main tourist haunts. Its facilities are part of the gastro-boutique Cook Book hotel and feature a modern bistro-style dining room with large picture windows, bare tables of differing heights, plus countless lamps which define its personality. Enjoy highly varied traditional and international cuisine, including delicious pizzas, cocas (a type of flatbread), grilled and rice dishes, plus a superb steak tartare. A tasting menu option is also available."
Spain,Camariñas,Villa de Oro,Traditional Cuisine,A moderate spend,2,"Areal 5, Camariñas, 15123, Spain",+34 981 73 63 54,https://guide.michelin.com/en/galicia/camarinas/restaurant/villa-de-oro,"If you happen to be travelling along the Costa da Morte and are looking for a good place to eat, it is well worth booking a table at Villa de Oro, a third-generation restaurant that has already celebrated its golden wedding anniversary! Located in the centre of Camariñas, on the ground floor of a residential building, it boasts a recently modernised dining room, a small glass-fronted wine cellar and a live seafood tank. The traditional, regionally inspired à la carte menu is, as you would expect in this part of the world, heavily focused on fish and seafood, although a choice of meat dishes is also available. The house speciality is rice with lobster!"
Spain,Cambados,A Taberna do Trasno,Traditional Cuisine,A moderate spend,2,"Príncipe 12, Cambados, 36630, Spain",+34 986 52 49 88,https://guide.michelin.com/en/galicia/cambados/restaurant/a-taberna-do-trasno,"This centrally located restaurant with a modern interior is an unexpected surprise, bringing back to life a delightful stone house over two centuries old. The owner-chef offers guests a varied à la carte on which traditional recipes stand alongside more modern dishes with hints of fusion, a few seafood options, plus plenty of grilled specialities cooked over a wood fire. This is complemented by an 8-course tasting menu that needs to be ordered ahead of time. Our recommendations include grilled octopus with kimchi, parmentier and Ibarra chilli peppers, and the superb grilled sea bass, designed for two people to share."
Spain,Carballo,Pementa Rosa,Contemporary,A moderate spend,2,"Reus 1, Carballo, 15100, Spain",+34 981 75 77 57,https://guide.michelin.com/en/galicia/carballo/restaurant/pementa-rosa,"Located in the centre of Carballo, this friendly, family-run restaurant continues to attract new customers daily! Chef Rocío Martínez was keen to spice up the dining options in the local Bergantiños region (“pementa” is the Galician word for “pepper”) with her updated take on traditional and regional cuisine with a touch of fusion, but always focusing on Galicia’s superb seasonal ingredients and paying homage to the gastronomic heritage of the Costa da Morte along with a strong emphasis on detail. A private dining room is also available for those requiring more privacy. Dishes that appear on the menu include albacore tuna with pepper, lime and coriander foam, and “kikos”; rice with monkfish and cockles; and “filloa”-filled pastry with rice pudding and rum and raisin ice-cream."
Spain,Cariñena,La Rebotica,Regional Cuisine,On a budget,1,"San José 3, Cariñena, 50400, Spain",+34 976 62 05 56,https://guide.michelin.com/en/aragon/carinena/restaurant/la-rebotica,"'A journey is made easier with bread, cheese and wine' goes the popular Spanish saying above the entrance of this local eatery that is a staunch champion of the flavours of yesteryear. This attractive restaurant, in what was once the house of the local pharmacist, features welcoming, rustic-style dining rooms occupying the property’s different bedrooms. The proposal? A strong Aragonese flavour based around local products that are used in dishes such as borage, mushrooms and potatoes, and the delicious stewed meatballs (albóndigas estofadas) and, of course, the emblematic Ternasco de Aragón PGI roast lamb, cooked in the La Rebotica style. Let yourself be guided and... discover the local wines as well!"
Spain,Cartes,La Cartería,Traditional Cuisine,A moderate spend,2,"Camino Real 49, Cartes, 39311, Spain",+34 942 55 03 63,https://guide.michelin.com/en/cantabria/cartes/restaurant/la-carteria,"Cartes is a small town of particular interest along the historic “camino real” that once connected the region of Castille with the port of Santander. Here, in this 17C mansion that once served as the post office, chef Enrique Pérez offers his guests updated traditional cuisine that is delicate and lovingly prepared, with a focus on presentation and flavours that will leave their mark on the palate. The welcoming, rustically inspired dining room is complemented by a few tables beneath a balcony at the entrance – a perfect setting for a drink as you watch the world go by in one of the country’s most delightful streets!"
Spain,Castellar del Vallès,Garbí,Catalan,A moderate spend,2,"Barcelona 52, Castellar del Vallès, 08211, Spain",+34 937 14 65 57,https://guide.michelin.com/en/catalunya/castellar-del-valles/restaurant/garbi,"A family-run restaurant named after a thermal wind from the southwest that blows across the whole of the Levante region. The owner-chef, who has taken over the reins following the retirement of his parents, is closely involved with the collective of “Cuina Vallès” chefs, and their straightforward approach to traditional Catalan cuisine. As a result, the menu is bursting with legendary classic dishes such as Mongetes del ganxet white beans from Can Casamada, tripe with chickpeas, crispy fried brains, and the delicious oxtail stew. The daily menu is particularly popular here!"
Spain,Castelló d'Empúries,Bistrot 1965,Traditional Cuisine,A moderate spend,2,"Santa Clara 31, Castelló d'Empúries, 17486, Spain",+34 972 25 05 93,https://guide.michelin.com/en/catalunya/castello-d-empuries/restaurant/bistrot-1965,"There are some places, such as this restaurant occupying the former bar of the Hotel Empòrium, that can pass almost unnoticed compared with their more famous siblings (the award-winning and elegant Empòrium is also located here) due to the fact that they are simpler in style and more affordable to the public. Despite this, Bistrot 1965 is definitely a spot with its own personality. Its cuisine, which is also overseen by brothers Màrius and Joan Jordà (they alternate the cooking between them every week), is centred around a single fixed-price menu, to which you can also add more dishes from a list of specials. The aim of the tasty dishes designed for sharing is to provide an updated take on traditional recipes and to showcase the native ingredients of the Alt Empordà region (eggs from free-range hens, duck ampordanès, Ripollés sheep yogurt, artisan cheeses, etc.)."
Spain,Castelló de la Plana,Arre,Contemporary,A moderate spend,2,"Antonio Maura 31, Castelló de la Plana, 12001, Spain",+34 964 18 36 91,https://guide.michelin.com/en/comunidad-valenciana/castell-de-la-plana/restaurant/arre,"Located in the heart of town, Arre occupies a rustic property with no little history behind it – it is said that it is the oldest civic building in Castelló de la Plana, with large arches that were part of its ancient walls and an oven (only decorative these days) that dates back to the 14C. Owner-chef Pedro Salas invites guests to discover the flavours of this area albeit from a modern perspective. His cuisine is centred around several menus: Senda (the most traditional option, on which you can choose between the arroz al horno (a rice dish baked in the oven) and the Torrà grilled dish, the cooking of which is completed on a grill at your table; Vía Verde (vegetarian); Ramal (a more fine-dining option); and Vía Augusta (a culinary journey across the sea and mountains). At the end of the meal, guests are usually given a book of local legends as a gift."
Spain,Castelló de la Plana,IZAKAYA Tasca Japonesa,Japanese,On a budget,1,"Temprado 2, Castelló de la Plana, 12002, Spain",+34 656 28 55 66,https://guide.michelin.com/en/comunidad-valenciana/castell-de-la-plana/restaurant/izakaya-tasca,"If a total immersion in popular Japanese cuisine sounds appealing, this small, modest and informal 'tasca'-style eatery (with space for just 16 guests) will fit the bill, thanks to its pure Japanese cuisine featuring including powerful and intense flavours. Chef Sergio Ortega enjoys explaining each dish to his customers as well as relating interesting anecdotes from his many trips to Japan (mainly Tokyo). He offers a single surprise tasting menu (from among 12 different ones, depending on time of day and day of the week) with more of a focus on hot dishes (ramen, gyoza, edemame, stews, etc.) than on rice and raw fish. Before serving each course, he claps his hands twice to the cry of 'ofrenda', a traditional ritual in which gifts are offered to the gods, spirits or divine mortals, known as 'kami' (in this case, the 'gods' in question are the guests!)."
Spain,Castelló de la Plana,Le Bistrot Gastronómico,Fusion,A moderate spend,2,"Temprado 12, Castelló de la Plana, 12002, Spain",+34 661 50 57 25,https://guide.michelin.com/en/comunidad-valenciana/castell-de-la-plana/restaurant/le-bistrot-gastronomico,"An unpretentious, friendly and informal restaurant whose aim is for diners to discover culinary pleasures in good company; in fact, this is reflected in its motto: ‘To share is to enjoy’. Owner-chef Silvia Vives is committed to contemporary cuisine that combines flavours and ingredients from different parts of the world (with clear influences from both European and Japanese gastronomy) to create consistent dishes showcasing delicate textures and meticulous presentation. The service revolves around two surprise tasting menus: Mini gastro and Viajero (the latter only with prior reservation)."
Spain,Castrillo de los Polvazares,Coscolo,Traditional Cuisine,On a budget,1,"La Magdalena 1, Castrillo de los Polvazares, 24718, Spain",+34 987 69 19 84,https://guide.michelin.com/en/castilla-y-leon/castrillo-de-los-polvazares/restaurant/casa-coscolo,"This delightful village is famous for its “Cocido Maragato”, a dish that for centuries has, against convention, been served here in reverse order (first the meat, then the chickpeas, followed by the soup at the end). At Coscolo, the special feature of this legendary recipe is that it is prepared with products that are smoked, cured and prepared on the property using ingredients sourced from the local area. To this stew the Navarra-born chef here likes to add tiny details that add even more personality, hence the change of name of the dish on the menu to that of his restaurant (“Cocido Coscolo”). Leave your car in the car park at the entrance to the village as only local residents are allowed to drive in."
Spain,Cheste,Huerto Martínez,Traditional Cuisine,On a budget,1,"Carretera Cheste-Chiva, Cheste, 46380, Spain",+34 962 51 21 25,https://guide.michelin.com/en/comunidad-valenciana/cheste/restaurant/huerto-martinez,"A restaurant full of contrasts in which the simple decor is offset by a highly enticing menu. Occupying a country house just a few yards from the town’s sports hall, its traditional home cooking with plenty of modern and fusion influence comes as a pleasant surprise. Rice dishes (over 10 different options) are its speciality, with the creamy rice with rabbit and snails and the vegetable paella the pick of the bunch. Make sure you also try the superb foie gras terrine with a cinnamon galette and violet marmalade. We also recommend taking Toni’s advice when it comes to choosing your wine!"
Spain,Chimiche,El Secreto de Chimiche,Traditional Cuisine,A moderate spend,2,"Carretera General del Sur 4, Chimiche, 38594, Spain",+34 922 77 72 79,https://guide.michelin.com/en/canarias/chimiche/restaurant/el-secreto-de-chimiche,"If you were to describe this restaurant located away from the tourist trail as a hidden jewel, you wouldn’t be far wrong. In its roadside location, the somewhat unassuming façade conceals an attractively renovated, rustic-style interior with a pleasant bar, plus a dining space on several floors featuring cosy nooks and crannies and pretty terraces. Here, the chef focuses on traditional cuisine full of flavour with its roots in the very essence of cooking from the Canary Islands, plus numerous dishes cooked on the wood-fired grill, such as the roasted baby goat. There’s also a good selection of matured meats and Canary Island wines!"
Spain,Chía,Casa Chongastán,Seasonal Cuisine,A moderate spend,2,"Carretera s/n, Chía, 22465, Spain",+34 974 55 32 00,https://guide.michelin.com/en/aragon/chia/restaurant/casa-chongastan,"If you enjoy eating high-quality meat, you won’t want to pass up this opportunity. The restaurant occupies an attractive Alpine-style building, however its most interesting feature is that the same family runs the restaurant as well as a farm that breeds native cattle. Here, you can savour delicious homemade stews, wild mushrooms in season, as well as exquisite grilled meats produced from its own cattle, and game. Its veal is famous for having the perfect level of fat between its muscle fibres."
Spain,Ciudad Real,Mesón Octavio,Traditional Cuisine,A moderate spend,2,"Severo Ochoa 6, Ciudad Real, 13005, Spain",+34 926 25 60 50,https://guide.michelin.com/en/castilla-la-mancha/ciudad-real/restaurant/meson-octavio,"It’s very rare to come across a restaurant such as this one where every mouthful reminds us of our mothers’ and grandmothers’ cooking! Impressively run by three siblings (Aurora, Belén and José), its focus is on traditional La Mancha dishes teeming with flavour and with a strong emphasis on game (venison, red-legged partridge, wild boar etc) and beef from the Sierra de San Vicente. Highlights on the à la carte, which pays tribute to the female members of this family, include dishes teeming with character such as the “pisto manchego”, the fried breadcrumb and egg-based “migas del pastor & Huevos de gallina feliz”, the popular wild boar meatballs, and the innovative “El Barquero"" cod."
Spain,Cocentaina,Natxo Sellés,Regional Cuisine,A moderate spend,2,"Juan María Carbonell 3, Cocentaina, 03820, Spain",+34 670 67 42 44,https://guide.michelin.com/en/comunidad-valenciana/cocentaina/restaurant/natxo-selles,"A skilfully restored 18C property that now boasts a pleasant glass-fronted porch and two stylish dining rooms, both with a contemporary feel but with rustic details such as wood and open stonework. Owner-chef Natxo Sellés is an advocate of updated traditional cuisine that is keen to extol the virtues of seasonal ingredients (he changes the à la carte several times a year) which he complements with different set menu options (Picaeta and Natxo Sellés). The stars of the show here are his many savoury rice dishes (both creamy and paella varieties) and the traditional oxtail stew. Gluten-free dishes are also available."
Spain,Cornellà del Terri,Can Xapes,Contemporary,A moderate spend,2,"Mossèn Jacint Verdaguer 2, Cornellà del Terri, 17844, Spain",+34 636 50 37 34,https://guide.michelin.com/en/catalunya/cornella-del-terri_1441200/restaurant/can-xapes,"Can Xapes is much more than a restaurant thanks to its history (it started out as a cinema in 1949). It is also part of the non-profit “AD' Iniciatives Socials” organisation, which provides work opportunities for youngsters with limited financial resources and access to training. Nowadays operating as a restaurant school, it highlights its links with the past via the original Art Deco-style bar counter from the former Rosa cinema. It also features attractive dining rooms where guests can savour Catalan cuisine with a contemporary feel on three menus (De Temporada, De Cine and Degustación) based, where possible, on locally sourced ingredients."
Spain,Cosgaya,Del Oso,Home Cooking,A moderate spend,2,"Barrio Areños 2, Cosgaya, 39582, Spain",+34 942 73 30 18,https://guide.michelin.com/en/cantabria/cosgaya/restaurant/del-oso,"If you’re keen to try a delicious Lebaniego stew, you won’t find many better places than this, at the foot of the Picos de Europa, in the heart of the Liébana valley – a permanently verdant and captivating setting in which to enjoy typical and copious mountain cuisine. This well-run family restaurant inside the delightful Hotel Del Oso boasts a pleasantly rustic dining room where you can enjoy simple dishes that are nonetheless full of flavour and bring back memories of bygone days. The homemade desserts are also well worth a mention!"
Spain,Cuenca,Olea Comedor,Modern Cuisine,On a budget,1,"Avenida Castilla-La Mancha 3, Cuenca, 16002, Spain",+34 628 85 97 42,https://guide.michelin.com/en/castilla-la-mancha/es-cuenca/restaurant/olea-comedor,"Honesty is raised to a new level here thanks to the open-view kitchen which is a clear demonstration that this restaurant has nothing to hide! Chef Eduardo Albiol creates cuisine that is both personal and different, adding a modern take to traditional recipes through the use of culinary touches and ingredients from other parts of the world, hence his dishes inspired by the Mediterranean, Asia and South America. His customers are his only benchmarks, so he is constantly attuned to their reaction with the hope that his cuisine will receive their full blessing! Excellent value for money!"
Spain,Córdoba,El Envero,Modern Cuisine,A moderate spend,2,"Teruel 21, Córdoba, 14011, Spain",+34 957 20 31 74,https://guide.michelin.com/en/andalucia/cordoba/restaurant/el-envero,"Although located away from the tourist section of the city, El Envero has fast developed a solid reputation and loyal clientele, who can dine to a backdrop of modern decor in the tapas bar, dining room and private section. The chef here has a passion for contemporary, seasonal cuisine (including daily specials and a media-ración option with some dishes) with a focus on organic produce from local vegetable gardens as well as different types of tuna. The name “Elvero” refers to the moment at which grapes change colour as they begin to ripen."
Spain,Córdoba,La Cuchara de San Lorenzo,Modern Cuisine,A moderate spend,2,"Arroyo de San Lorenzo 2, Córdoba, 14002, Spain",+34 957 47 78 50,https://guide.michelin.com/en/andalucia/cordoba/restaurant/la-cuchara-de-san-lorenzo,"Impressively run by two brothers (Narciso front of house and Paco in the kitchen) who named this restaurant in homage to their love, since childhood, of dishes that are literally “eaten with a spoon” (cuchara). Occupying two floors, and more extensive since its renovation in a more contemporary style, its focus is on local and traditionally inspired cooking with a modern touch, with lots of attention to detail and daily specials influenced by market availability. Make sure you try the salmorejo, the veal croquettes, the mini-patatas bravas, the flamenquín, and classic dishes such as oxtail."
Spain,Córdoba,La Taberna de Almodóvar,Traditional Cuisine,A moderate spend,2,"Benito Pérez Galdós 1, Córdoba, 14001, Spain",+34 957 94 03 33,https://guide.michelin.com/en/andalucia/cordoba/restaurant/la-taberna-de-almodovar,"Any description of La Taberna de Almodóvar inevitably requires words such as tradition and passion that bring to mind the grocery store where this family first started serving food in Almodóvar del Río. With its spick-and-span classic decor, this restaurant in Córdoba has retained the essence of that first incarnation, reproducing regional cuisine that fully respects authentic local flavours. Make sure you try the trying the famous “Almodóvar” croquettes, the egg-based “Revuelto del Cortijo”, and the legendary “Mazamorra”, a cold soup similar to “ajoblanco”, albeit thicker, that is said to be the forerunner of Córdoba’s “salmorejo”."
Spain,Córdoba,Regadera,Modern Cuisine,A moderate spend,2,"Ronda de Isasa 10, Córdoba, 14003, Spain",+34 676 02 56 95,https://guide.michelin.com/en/andalucia/cordoba/restaurant/regadera,"Situated along the pleasant avenue skirting a bend in the Guadalquivir river between the Roman and Miraflores bridges, this restaurant boasts a youthful ambience and a rustic-contemporary decor that definitely made an impression on us (the bed of aromatic flowers in the middle of the dining room is a particularly attractive feature). The cuisine here is equally modern and very much market influenced, and includes dishes ranging from the traditional (mazamorra, salmorejo, oxtail etc) to more globally and fusion-inspired options (such as wild sea bass ceviche with apple, cucumber foam and marinated carrot gazpacho). Fine textures, distinctive flavours and impeccable presentation are all to the fore here."
Spain,Córdoba,Terra Olea,Modern Cuisine,A moderate spend,2,"Rigoberta Menchú 2, Córdoba, 14011, Spain",+34 957 91 73 55,https://guide.michelin.com/en/andalucia/cordoba/restaurant/terra-olea-1194951,"Located in the Arruzafilla district, close to its previous incarnation, this restaurant boasts a bright dining room from where the kitchen is partially visible to diners. The chef, who serves some of his dishes in person, conjures up cuisine that is contemporary in feel and showcases local products with the minimum of fuss, focusing on the best products from the Córdoba region and in particular its small producers. The cuisine here features a two interesting tasting menus, named Flos and Cibarium respectively, in reference to olives and their historical importance. The unique lamps hanging above the tables look like giant wasps’ nests!"
Spain,Donamaria,Donamaria'ko Benta,Traditional Cuisine,A moderate spend,2,"Barrio de la Venta 4, Donamaria, 31750, Spain",+34 948 45 07 08,https://guide.michelin.com/en/comunidad-foral-de-navarra/donamaria/restaurant/donamaria-ko-benta,"The whole family is involved in the running of this restaurant occupying an old 19C inn in the heart of the countryside. The dining room has a welcoming rustic ambience with stone walls, open beams and high-quality antique furniture, where guests can choose between reasonably priced traditional and regionally inspired menus. Several themed food events dedicated to wild mushrooms, game and seasonal product are also hosted here during the year. Pleasant guestrooms can also be booked if you’re planning on spending a few days in the area. A dish that never disappoints is their boneless pig's trotters with apple and pistachio!"
Spain,El Palmar,Arrocería Maribel,Rice Dishes,A moderate spend,2,"Francisco Monleón 5, El Palmar, 46012, Spain",+34 961 62 00 60,https://guide.michelin.com/en/comunidad-valenciana/el-palmar/restaurant/arroceria-maribel,"The Parque Natural de la Albufera, with its ecosystem of major ecological interest, is teeming with restaurants and “arrocerías” specialising in the same ingredient, namely rice, so the Maribel stands out even more as a result. Its updated interior highlights the rich rice-growing culture of the region, enhanced by a spacious terrace that is within touching distance of the canal. The à la carte, featuring a traditional section and one which is more creative and contemporary, is complemented by two set menus that extol the virtues of local dishes and the full flavours of the Valencia region. A boat trip on the lake is a must here!"
Spain,El Pinós,El Racó de Pere i Pepa,Traditional Cuisine,A moderate spend,2,"Carretera de Jumilla 26, El Pinós, 03650, Spain",+34 965 47 71 75,https://guide.michelin.com/en/comunidad-valenciana/el-pinos/restaurant/el-raco-de-pere-i-pepa,"A restaurant run by married couple Pere and Pepa, with the former in the kitchen and the latter in charge of the dining room. Located along the avenue leading into town from Jumilla, it boasts a terrace at the entrance and an interior with two floors decorated in a rustic, contemporary style. Here, through the à la carte service and their popular Nuestros Arreglitos set menus (only served to a full table), they cook updated and regional Mediterranean cuisine that, in their own words, aims to rediscover the flavours of inland Alicante province via an impressive selection of rice dishes for two (the rice with rabbit, snails and truffles is a must!) and enticing specialities such as the tenderloin with foie gras, apple and port wine sauce, and the traditionally roasted shoulder of goat. In March they dedicate a day to truffles and in November a day to suckling pig!"
Spain,Elche,Frisone,Traditional Cuisine,A moderate spend,2,"Borreguet 4, Elche, 03203, Spain",+34 965 45 11 97,https://guide.michelin.com/en/comunidad-valenciana/elche/restaurant/frisone,"Frisone’s change of location, albeit just a few metres from its original incarnation, has resulted in significant improvements, including a new brighter look created by its large windows, high ceilings, elegant chandeliers and a minimalist-contemporary decor dominated by a variety of white tones. Its local clientele is already familiar with the cuisine created by the Rivas brothers, who continue to focus on updated traditional cooking with a contemporary Mediterranean flavour that maximises the use of locally sourced products. Rice and seafood continue to fly the culinary flag here!"
Spain,Garachico,El Rebojo,Traditional Cuisine,A moderate spend,2,"Francisco Martínez de Fuentes 17, Garachico, 38450, Spain",+34 922 83 11 98,https://guide.michelin.com/en/canarias/garachico/restaurant/el-rebojo,"In this attractive restaurant, located close to San Miguel castle, the popular “El Caletón” natural pools” and the many viewpoints found in this delightful fishing community, the focus is on updated Canary Island cuisine. The section of the à la carte entitled “Bocados del Mar” (literally “sea bites”), is a particularly pleasant surprise, with its selection of small plates influenced by the culinary traditions of the Canaries, as are the well-priced options that include drinks (two “bocados” and two wines, and four “bocados” and four wines). Two tasting menus (Marea Vacía and Marea Llena) which focus on the known as the Isla Baja are also available. Make sure you order the delicious cheesecake, made with a local cheese that is smoked as part of its production process."
Spain,Gaucín,Platero & Co,Traditional Cuisine,On a budget,1,"Los Bancos 9, Gaucín, 29480, Spain",+34 667 49 38 87,https://guide.michelin.com/en/andalucia/gaucin/restaurant/platero-y-co,"This village in the heart of the Serranía de Ronda could be described as the archetypal picture-postcard “pueblo blanco” given its setting nestling between mountains and its swathe of whitewashed houses. Run by a Dutch couple (Hellen Blott and Barry Smit, the latter in the kitchen), the restaurant is a vision of perfection with its rustic ambience providing a backdrop for international cuisine that has taken a much more traditional twist (such as in the smoked ajoblanco with Payoyo cheese, olives and anchovies), but always based around the very best local and seasonal products (chestnuts, cherries, wild mushrooms, goat’s cheese, figs etc) and a focus on wines from the local area. The terrace boasts stunning views of the valley."
Spain,Getxo,Iwasaki,Japanese,A moderate spend,2,"Iturribide 13, Getxo, 48993, Spain",+34 944 65 01 13,https://guide.michelin.com/en/pais-vasco/getxo/restaurant/iwasaki-1201573,"This Japanese restaurant may appear small and rather simple, but... it has everything it needs to succeed! Run by a friendly couple, it features subtle oriental-inspired decor and has a glass-walled kitchen so you can see chef Tatsuya Iwasaki at work, always focused on producing dishes that exude flavour, tradition and honesty through a methodical approach. The proposal, focused on local products and traditional preparation, is centred around two exquisite tasting menus: Youkoso (only available at lunchtime on weekdays) and Omakase (we especially liked the wagyu course and the creative dessert called Chocojada). Let the head waitress and sommelier, María José Vázquez, advise you on the wine pairing!"
Spain,Gijón,El Recetario,Contemporary,A moderate spend,2,"Trinidad 1, Gijón, 33201, Spain",+34 984 08 28 94,https://guide.michelin.com/en/principado-de-asturias/gijon/restaurant/el-recetario,"This restaurant on the edge of the historic Cimadevilla district describes itself as an “urban, market-inspired restaurant”. What is certain is that Álex Sampedro’s cooking has moved away from the more commonplace dishes of the area to focus on an updated take on traditional cuisine that demonstrates high levels of technical skill in dishes featuring subtle seasoning, fine textures and the freshest seasonal ingredients (foie gras pizza, hake balls with a prawn sauce, ""El Recetario""-style tripe etc). It also boasts a bar at the entrance where you can order various sharing plates, plus a simple and contemporary-style dining room in the basement. We recommend ordering El Recetario’s daily specials or create your own menu based around a selection of half plates."
Spain,Gijón,Farragua,Modern Cuisine,A moderate spend,2,"Contracay 3, Gijón, 33201, Spain",+34 984 19 79 04,https://guide.michelin.com/en/principado-de-asturias/gijon/restaurant/farragua,"In this unusual bistro-style restaurant just a few metres from the Plaza Mayor and the ever-busy marina, the self-proclaimed aim is to create “inquisitive and evolving” cuisine. What is certain is that Farragua’s updated take on traditional dishes features plenty of fusion influences and nods to Extremadura, the native region of chef Ricardo Fernández Señorán, who is particularly at ease working with locally sourced and seasonal ingredients which he uses to create his signature escabeches. His cooking is firmly focused on his tasting menus: Asina, Mangurrino and Dejalamío (everyone has a pairing option). The restaurant has also developed a concept entitled “Arrieros” (named after the men who, in the past, would transport food from one community to the next), as part of which invited chefs help to create four-hand menus."
Spain,Granada,Albidaya,Farm to table,A moderate spend,2,"Horno de Haza 25, Granada, 18002, Spain",+34 613 60 94 90,https://guide.michelin.com/en/andalucia/granada/restaurant/albidaya,"If a fusion of Andalucian and Arabian flavours appeals to you, this simple restaurant, located beneath an arcade providing access to a residential building could be a good option. Albidaya, an Arabic word that could be translated as “the beginning”, is the first stand-alone personal venture for Ismael Abderrahaman (in the kitchen) and Jorge Seco (front of house and sommelier), both of whom have extensive experience in the restaurant sector. Their cuisine is centred around a market-inspired seasonal menu that changes weekly and features contemporary dishes that showcase interesting influences from Moroccan cooking (we particularly enjoyed the red tuna with marinated aubergine). A wine-pairing option is available, and almost all the wines on the menu are available by the glass."
Spain,Hecho,Canteré,Traditional Cuisine,A moderate spend,2,"Aire 1, Hecho, 22720, Spain",+34 974 37 52 14,https://guide.michelin.com/en/aragon/hecho/restaurant/cantere,"It is well worth visiting this mountain village to eat at this restaurant occupying a typical “chesa”-style house with an impressive old vine adorning the façade. Enjoy a drink in the public bar before heading upstairs to the attractive rustic-contemporary dining room featuring bright dining spaces, a minimum of furniture and impressive lighting. Here, owner-chef Alfredo García, showcases a traditionally inspired menu brought impressively up to date that always tries to champion seasonal and locally sourced ingredients. Canteré’s food-themed events are also highly popular, one of which is devoted to wild mushrooms, and another to game. The 7-course tasting menu is served at lunchtime (we loved the organic egg flan with banana and muscovado crumble), with the à la carte available in the evening. It is also worth noting that Canteré is only open for five meals a week (lunch and dinner on Fridays and Saturdays and lunch only on Sundays)."
Spain,Hervás,Nardi,Regional Cuisine,A moderate spend,2,"Braulio Navas 19, Hervás, 10700, Spain",+34 927 48 13 23,https://guide.michelin.com/en/extremadura/hervas/restaurant/nardi,"In a town such as Hervás that is so popular with tourists, it is always encouraging to find a restaurant like this offering contemporary dining but without completely sidelining traditional cuisine. Located along a pedestrianised street in the centre of town, it boasts a summer terrace, a bar counter, and a dining room on two floors. They offer updated traditional cuisine that always celebrates Valle del Ambroz produce, with a seasonal menu (notable for its fish of the day) and two tasting menus (L and XL). What to try? Don't miss the crispy suckling pig, confit with orange aroma, or one of the off-menu dishes."
Spain,Huesca,El Origen,Traditional Cuisine,On a budget,1,"Plaza Justicia 4, Huesca, 22001, Spain",+34 974 22 97 45,https://guide.michelin.com/en/aragon/huesca/restaurant/el-origen,"El Origen’s main dining room is dominated by an unusual mural that recalls the history of the square on which it is located, which is affectionately known as “Los Tocinos” (literally “bacon”) because of the pig fair that used to take place here. Owner-chef Beatriz Allué creates traditional cuisine with a contemporary touch both in terms of preparation and presentation, with a clear preference for organic produce from Aragón. Her father, a farmer, supplies her directly with many of these, thus ensuring maximum freshness. Choose between a good-value daily menu and two others (Aragonés and Degustación) that require advance booking. Signature dishes include the stew of La Hoya chickpeas with lamb “chiretas” (a type of local sausage) from de La Puebla de Castro, the traditional “chilindrón” stew made with free-range chicken from Los Monegros and a splash of Rancio wine, and the baked triple cheesecake with coffee-flavoured salted toffee and caramelised almonds."
Spain,Icod de los Vinos,Furancho La Zapatería,Galician,On a budget,1,"Paseo Canarina 18, Icod de los Vinos, 38430, Spain",+34 672 69 22 26,https://guide.michelin.com/en/canarias/icod-de-los-vinos/restaurant/furancho-la-zapateria,"A Galician restaurant on Tenerife that, despite its simple decor, is highly original. Behind its colourful façade, which recreates the glass frontage of an old shoe shop, the friendly couple running it (Emma is in the kitchen; Alberto in the dining room) focus on an unusual combination of Galician and Canary Island products, the former brought in fresh from Fisterra (La Coruña) every other day by the owner’s brother. Highlights on the menu here include the octopus empanadas, the entrecôte of Galician veal, grilled scallops, and mussels with a mojo sauce that are a must. Only cash payment accepted!"
Spain,Igualada,Somiatruites,Contemporary,On a budget,1,"Del Sol 19, Igualada, 08700, Spain",+34 938 03 66 26,https://guide.michelin.com/en/catalunya/igualada/restaurant/somiatruites,"The name of this restaurant, which can be translated as “dreamers”, showcases the personality of chef David Andrés and his brother Xavier who are behind the transformation of an old tanning factory next to the Museu de la Pell (Leather Museum) in Igualada. In this industrial-style setting of stone walls, open brickwork, designer furniture and striking leather decoration hanging from the ceiling (a nod to the history of the building), enjoy modern and fun cuisine with its roots in traditional cooking, including the option of a concise à la carte and a well-priced weekday lunchtime menu (which changes every week). Seven meticulous guestrooms are available upstairs should you wish to stay the night."
Spain,Jaraíz de la Vera,Villa Xarahiz,Regional Cuisine,On a budget,1,"Carretera EX 203, Jaraíz de la Vera, 10400, Spain",+34 927 66 51 50,https://guide.michelin.com/en/extremadura/jaraiz-de-la-vera/restaurant/la-finca314631,"A family-run restaurant with rooms available for those guests keen to explore the beautiful La Vera region. It is run by two siblings, Pilar and Víctor, who have taken over the reins here with both enthusiasm and dedication. They offer an à la carte service with daily recommendations (such as black pudding fritters with green chilli foam or aubergine with miso), a set menu (lunch only, weekdays) and two tasting menus: La Finca, serving 8 courses, and Villa Xarahiz, serving 13 courses (both are available by reservation only, in a separate, elegantly appointed dining room). These feature Iberian meats, suckling pig, young local goat, and the famous Grandma Fidela’s 'migas', renowned throughout the local area. Another detail? Víctor is also a lover of rum, hence the choice of over 150 different varieties."
Spain,Jumilla,Loreto,Contemporary,A moderate spend,2,"Canalejas 73, Jumilla, 30520, Spain",+34 968 78 03 60,https://guide.michelin.com/en/region-de-murcia/jumilla_1387488/restaurant/de-loreto,"The López sisters, with Irene in the kitchen and Eva in charge of front of house and wine, surprised us in this centrally located aristocratic property, the former family rooms of which been transformed into comfortable, classic-style dining rooms. The chef, who previously studied chemical engineering, has taken advantage of her knowledge in this field by applying the principles of molecular reactions to her recipes, which are unsurprisingly based around local ingredients. On the à la carte, which is complemented by two tasting menus (Origen and Inspiración), you’ll find unmissable dishes such as the confit artichoke, roasted onion hollandaise sauce and murcian lamb bresaola. As you would expect, the wine list is heavily focused towards wines from Jumilla and... they've got a great selection of artisan breads!"
Spain,L'Escala,La Gruta,International,A moderate spend,2,"Pintor Enric Serra 44, L'Escala, 17130, Spain",+34 972 77 62 11,https://guide.michelin.com/en/catalunya/l-escala/restaurant/la-gruta,"Are you familiar with the term""market bistronomy""? It is the concept created by chef Fabrice César to refer to his proposal, defined in his own words as... 'a fusion of haute cuisine and accessible prices, combining French tradition with international influences'. The centrally located restaurant, in an old stone house with several dining rooms and a charming patio-terrace, is run by the French chef together with his wife, Montse Carné, who treats all diners with the utmost care and professionalism. Here, local products with Mediterranean roots always act as a common thread, taking shape through three set menus: Bistronómico, Del Chef and Descubrimiento (from which some dishes can be enjoyed at a fixed price, like with an à la carte menu)."
Spain,L'Escala,Mas Concas,Mediterranean Cuisine,On a budget,1,"Camí de Cinc Claus, L'Escala, 17130, Spain",+34 656 66 41 14,https://guide.michelin.com/en/catalunya/l-escala/restaurant/mas-concas,"Here, the culinary experience is considerably enhanced by the setting in a beautiful farmhouse teeming with history. This stone building, whose origins date back to the end of the 17C, was the summer residence of the writer Caterina Albert y Paradís, who was much better known by the pseudonym of Víctor Català. In its dining rooms, all with high ceilings and rustic in feel yet with a few modern touches, enjoy Mediterranean cuisine with a French influence (note the traditional and delicious French rum baba on the dessert menu) which is always well presented and inspired by locally sourced ingredients. Its enticing set menus can be enhanced by a concise list of cheeses."
Spain,La Pobla de Segur,El Raier,Contemporary,A moderate spend,2,"Avenida de Madrid 3, La Pobla de Segur, 25500, Spain",+34 629 81 57 59,https://guide.michelin.com/en/catalunya/la-pobla-de-segur_1440576/restaurant/el-raier,"This restaurant takes its name from the old Pyrenean tradition of log rafts, used to transport timber by river (there’s an exhibition dedicated to this traditional craft next to the railway station where the historic Tren dels Llacs also makes a stop). We were pleasantly surprised to find this restaurant, which embraces tradition from a more contemporary perspective, in so doing showcasing the so-called ‘Pallaresa nouvelle cuisine’. This simple yet pleasant eatery, with an open kitchen behind the bar, is run by a friendly duo of chefs, Clàudia and Jaime, who showcase their technical yet fresh and fun cuisine, which they skilfully change according to the availability of local, seasonal ingredients. We really liked the artisan breads, baked daily by Clàudia, and the pork skin with butter and trout roe course). Make sure to ask about the dessert wines, as they make them themselves!"
Spain,La Vall de Bianya,L’Hostal de Ca l’Enric,Traditional Cuisine,A moderate spend,2,"Carretera Camprodón N 260, La Vall de Bianya, 17813, Spain",+34 972 29 12 06,https://guide.michelin.com/en/catalunya/la-vall-de-bianya/restaurant/l-hostal-de-ca-l-enric,"This bright, welcoming restaurant just 100m or so from its elder sibling, the award-winning Ca l'Enric, is run by chef Isabel Juncà, who shares her passion for seasonally inspired traditional cuisine through affordably priced day-to-day cooking that definitely does not skimp on flavour. The à la carte, featuring savoury rice dishes, grilled fish and meat, and delicious cannelloni, is complemented by different seasonal suggestions plus an inexpensive yet well-crafted weekday menu. One dish that we can highly recommend, the finishing touches to which are added at your table, is the ajoblanco with a tartare of anchovies and strawberries."
Spain,Las Caletas,El Jardín de la Sal,Regional Cuisine,On a budget,1,"Carretera La Costa-El Faro 5, Las Caletas, 38740, Spain",+34 922 97 98 00,https://guide.michelin.com/en/canarias/las-caletas/restaurant/el-jardin-de-la-sal,"A pleasant surprise both in terms of its cuisine and its secluded location next to the old Fuencaliente lighthouse, which is now an information centre for the La Palma marine reserve. Here, the modern take on traditional cuisine showcases local ingredients, in particular fish sourced daily (such as the typical Vieja and the red rock fish), which you can enjoy in an impressive themed space, plus a café upstairs boasting superb views. The outstanding backdrop here is the play of colours between the blue of the ocean, the black of the island’s volcanic landscapes, and the radiant whiteness of the surrounding salt pans, which have been declared a site of special scientific interest."
Spain,Las Palmas de Gran Canaria,El Equilibrista 33,Creative,A moderate spend,2,"Ingeniero Salinas 23, Las Palmas de Gran Canaria, 35006, Spain",+34 928 23 43 26,https://guide.michelin.com/en/canarias/las-palmas-de-gran-canaria/restaurant/el-equilibrista-33,"Located close to the Las Alcaravaneras beach, this restaurant with a modern-contemporary feel reflects the personality of owner-chef Carmelo Florido. It boasts a cohort of admirers thanks to its focus on quality products that combine perfectly with tradition and innovation to seemingly perform the impossible and to always showcase the region’s different products. In this modern and contemporary setting, make sure you try the delicious “ceviche canario”, the “carajacas (sautéed veal liver with caramelised onion, garlic and potato sticks) and the egg-based “huevos moles” accompanied by the islands’ typical “gofio” flour, one of its customers’ favourite desserts thanks to its extraordinary and intense flavour. Tradition at its purest!"
Spain,Leganés,Santé,Farm to table,A moderate spend,2,"Avenida Juan XXIII 12, Leganés, 28918, Spain",+34 910 63 88 45,https://guide.michelin.com/en/comunidad-de-madrid/leganes/restaurant/sante,"This restaurant, which is beaming with a new energy after a change of location, surprises and leaves everyone wanting more from its culinary proposal. Here you can enjoy traditional market cuisine, with modern touches and nods to other cultures, which finds in the embers the common thread of many elaborations. There is also an interesting tasting menu. The most outstanding dishes were their popular grilled Hass avocado, the Santé steak tartare (prepared in full view of the diner). To finish, try the very creamy and completely deconstructed cheese tart."
Spain,Legasa,Arotxa,Traditional Cuisine,A moderate spend,2,"Santa Catalina 34, Legasa, 31792, Spain",+34 948 45 61 00,https://guide.michelin.com/en/comunidad-foral-de-navarra/legasa/restaurant/arotxa,"A family-run restaurant under the baton of the Lacar brothers who share the duties in the kitchen and dining room respectively. In its attractively appointed contemporary dining rooms, adorned with rustic details that showcase its personality, chef Luismi Lacar conjures up cuisine with a clear traditional focus, enhanced by contemporary touches and interesting daily suggestions. The starters here are excellent and the fish mains delicious, however one of the main signature dishes on the menu is, without doubt, the grilled T-bone steak, cooked over holm oak charcoal in a way that showcases the undeniable aromas and quality that are a continual theme in the meat served here."
Spain,Lekunberri,Maskarada,Pork,On a budget,1,"Aralar 66, Lekunberri, 31870, Spain",+34 948 50 42 36,https://guide.michelin.com/en/comunidad-foral-de-navarra/lekunberri/restaurant/maskarada,"Located in an industrial unit on the outskirts of Lekunberri, Masakarada is a highly unusual and interesting eatery where everything revolves around the breed of pig known as ""Pío Negro"" or ""Euskal Txerri"" (there's even a life-size replica of it right at the entrance). The restaurant is perfectly complemented by a shop selling charcuterie, cheeses and fresh meat (jowl, cheek, and special Spanish cuts such as “secreto” and “pluma”). The business operates a 360° strategy that involves the rearing of ""happy pigs"" in complete liberty in the area around the nearby town of Arruitz. The cuisine here is showcased on two tasting menus: Maskarada and Suletina."
Spain,Leon,ConMimo,Contemporary,On a budget,1,"la Rúa 33, Leon, 24003, Spain",+34 987 04 53 50,https://guide.michelin.com/en/castilla-y-leon/leon/restaurant/conmimo,"Located in the Húmedo district, the liveliest in the city, ConMimo is run by a couple (Javier in the kitchen and Ángela front of house) with a passion for hospitality, cooking and service. Boasting a kitchen that opens on to the dining room, in so doing enhancing the experience, this eatery serves contemporary cooking with a few global influences on two enticing tasting menus entitled Corta Distancia and Larga Distancia (both with a Premium option). Here, you’ll find dishes with impressive global influences from Italy, Japan, Peru, Mexico, France and elsewhere, as well as dishes influenced by regions closer to home, including Galicia, Andalucia and, of course, their own province of León. They also enjoy explaining every dish in detail."
Spain,Linares,Los Sentidos,Modern Cuisine,A moderate spend,2,"Doctor 13, Linares, 23700, Spain",+34 953 65 10 72,https://guide.michelin.com/en/andalucia/linares/restaurant/los-sentidos,"Los Sentidos occupies a restored house with an imposing stone façade in the centre of town, behind which the contemporary design of its dining rooms comes as something of a surprise (the main room stands out, in particular, as it is brighter and overlooks an internal patio). Owner-chef Juan Pablo Gámez is strongly committed to contemporary cuisine that showcases the bygone flavours and history of Jaén, adapting regional recipes with his modern culinary techniques. The à la carte, which always features plenty of daily suggestions, is complemented by two tasting menus: “GastrÓleO”, which extols the virtues of extra virgin olive oil; and “Un guiño a la TIERRA” (literally, “A Nod to the Land”), the latter only available by booking ahead."
Spain,Linares de la Sierra,Arrieros,Regional Cuisine,A moderate spend,2,"Arrieros 2, Linares de la Sierra, 21207, Spain",+34 959 46 37 17,https://guide.michelin.com/en/andalucia/linares-de-la-sierra/restaurant/arrieros,"A great option if you’re visiting the Sierra de Aracena, its nature reserve, or Linares de la Sierra, a beautiful town of attractive cobbled streets. Run and owned by a married couple, Arrieros occupies a typical whitewashed mountain property with a welcoming rustic interior that features an attractive fireplace, wood ceilings and rustic-contemporary furnishings with an eye for tasteful detail. The chef’s emphasis here is on an updated take on regional-style cooking in which Iberian pork takes centre stage, with a particular focus on offal. This focus is showcased on the two tasting menus (Ruta de Jabugo and La Dehesa). Signature dishes include Iberian pork tongue, pork “castañetas” with curry and mashed potato, and the famous tomato soup, Arrieros’ version of the Andalucian “poleá”."
Spain,Llanes,Le Bistró,Traditional Cuisine,A moderate spend,2,"Carretera Pancar, Llanes, 33500, Spain",+34 985 40 02 40,https://guide.michelin.com/en/principado-de-asturias/llanes/restaurant/le-bistro-1241296,"Asturian “fabada” stew, squid cooked in its own ink, tripe, pig’s trotter and snout give a strong indication of the culinary focus here. Le Bistró occupies the porch of a property that also plays host to the El Retiro fine-dining restaurant, but with its own charming rustic ambience and identity. Here, award-winning chef Ricardo González Sotres conjures up traditional Asturian cuisine that is fully respectful of both ingredients and flavours, in so doing offering a sincere insight into this region, accompanied by highly delicate textures and a nod to fusion cooking. Don’t miss his braised “pitu de caleya” chicken dish with a mole sauce, which pays tribute to the many Spanish who emigrated to the Americas, especially Mexico, and who returned home after making their fortune there."
Spain,Lleida,Aimia,Modern Cuisine,A moderate spend,2,"Doctor Combelles 67, Lleida, 25003, Spain",+34 973 26 16 18,https://guide.michelin.com/en/catalunya/lleida/restaurant/aimia,"A restaurant that is well worth considering as it is never easy to find modern cuisine at affordable prices. The restaurant, which takes its name (’a beloved woman’) from an old Catalan language once sung by troubadours, boasts a contemporary interior with a kitchen visible from the dining room and an adjoining bar so that you can watch as the dishes are prepared in front of you. Chef Jordi Pallàs champions a modern fusion cuisine with plenty of Asian influences, both in the à la carte service and through his set menus (Aimia and Alma de Aimia). Our recommendation? Try their Llauna-style rice with queen scallops and saffron aioli."
Spain,Lleida,Sisè,Contemporary,A moderate spend,2,"Avinguda de l'Estudi General 27, Lleida, 25001, Spain",+34 973 82 17 19,https://guide.michelin.com/en/catalunya/lleida/restaurant/sise,"Sisè is situated in the district of Cappont, a residential area to the south of the city, where it is run in a very informal manner by Àngel Esteve, a young Lleida-born chef who has returned to his roots to open his own business (the name is his own small homage to his grandparents) having worked away in a number of leading restaurants. His cuisine, the main inspiration for which derives from the open grill, is showcased on an updated take on traditional cuisine, to which he adds interesting smoke-influenced touches (a superb example is the grilled cod with celery). The kitchen opens onto the dining room and features a counter perfect for watching the preparation of each dish."
Spain,Logrono,La Cocina de Ramón,Traditional Cuisine,A moderate spend,2,"Portales 30, Logrono, 26001, Spain",+34 941 28 98 08,https://guide.michelin.com/en/la-rioja/logrono/restaurant/la-cocina-de-ramon,"A pleasant restaurant with plenty of personality that reflects the long love affair between owner-chef Ramón Piñeiro and his kitchen. Located in one of the main streets in Logroño’s old quarter, just a few metres from the cathedral, its heavily restored interior of open brickwork provides a warm and welcoming backdrop for cuisine that is strongly influenced by market availability and traditional home-style cooking that has been brought up-to-date and is constantly evolving (every day they make a different stew: Pochas, Caparrones, Patatas a la riojana...). Any of the dishes on the menu that showcase the superb vegetables of the Rioja are well worth trying."
Spain,Madrid,Bacira,Fusion,A moderate spend,2,"Castillo 16, Madrid, 28010, Spain",+34 918 66 40 30,https://guide.michelin.com/en/comunidad-de-madrid/madrid/restaurant/bacira,"A perfect example of friendship, hard work and, above all, an unconditional love for cooking. Here, the three owner-chefs at the helm, Carlos Langreo, Vicente de la Red and Gabriel Zapata, each specialise in a different type of cuisine (traditional Mediterranean, Japanese and Nikkei) but who are receptive to new trends and an inclination towards fusion cooking. The atmosphere here is both welcoming and informal with a vintage decor that includes slender wrought-iron columns. The à la carte, which is geared towards sharing and features dishes such as Pacific scallops with jalapeño aguachile and “pico de gallo” salsa, and the pig’s ear “mollete” sandwich with a spicy Korean salsa, toasted garlic and herb alioli, is complemented by two menus (Short and Long)."
Spain,Madrid,Gala,Farm to table,A moderate spend,2,"Espronceda 14, Madrid, 28003, Spain",+34 914 42 22 44,https://guide.michelin.com/en/comunidad-de-madrid/madrid/restaurant/gala,"Gala is considered a classic address in the Spanish capital, offering high levels of service to loyal customers since 1989. It boasts an attractive dining room plus a private dining space, both contemporary in style, where guests can enjoy updated traditional cuisine inspired by seasonal market produce on an à la carte that also offers half-plate options (the Alistano-Sanabresa breed of beef is excellent), alongside a daily menu and a more tasting-style option. The most popular specialities requested by its customers are its famous steak tartare, dishes featuring red tuna, and the rib of beef which is cooked at low temperature for 36 hours."
Spain,Madrid,In-Pulso,Contemporary,A moderate spend,2,"Ariel 15, Madrid, 28045, Spain",+34 911 62 03 20,https://guide.michelin.com/en/comunidad-de-madrid/madrid/restaurant/in-pulso,"This restaurant, situated halfway between the Estación Sur de Autobuses bus station and the Enrique Tierno Galván park, enthuses guests with its penchant for the historically inspired cooking of the city of Madrid. Chef Álex García de la Fuente has rediscovered and revived the city’s most historic recipes, bringing them up to date with his own personality. The à la carte, which features a section dedicated to tapas-style “bocados”, includes several dishes designed for sharing (the bocadillo de calamares with a citrus alioli – this is Madrid, after all!; the slightly spicy red prawns from Huelva “al ajillo”; smoked trout etc); plus the option of a tasting menu. The cocktails here, which have been renamed “aguaduchos” as a homage to the term used to describe the old kiosks in Spain that used to sell soft drinks, have a range of interesting names, such as Pichi, Chotis, Chulapo, etc."
Spain,Madrid,La Barra de la Tasquería,Traditional Cuisine,A moderate spend,2,"Duque de Sesto 48, Madrid, 28009, Spain",+34 913 04 23 62,https://guide.michelin.com/en/comunidad-de-madrid/madrid/restaurant/la-barra-de-la-tasqueria,"This is indeed the same premises where chef Javier Estévez first opened what was to become the highly successful La Tasquería (the latter is now located in Calle Modesto Lafuente). It has retained the same look and bistro feel with a small kitchen overlooking the dining room, and offers guests cooking that is similar to that of the original La Tasquería but with a more informal menu of popular dishes. Of course, you’ll find tapas, raciones and dishes that feature its trademark offal (casquería in Spanish), plus a whole host of other non-related dishes. Don’t miss out on classics such as the tripe, trotter and snout, alongside options such as gildas, croquettes, prawns with garlic, quail eggs, and cannelloni with a trio of meats."
Spain,Madrid,La MaMá,Traditional Cuisine,A moderate spend,2,"Avenida del Brasil 6, Madrid, 28020, Spain",+34 910 61 97 64,https://guide.michelin.com/en/comunidad-de-madrid/madrid/restaurant/la-mama,"The essence of this restaurant remains unaltered in its new location on Avenida de Brasil, where it is run with total dedication by María Brufau and chef Marcos Toranzo, the latter trained at the Luis Irizar cookery school and at the award-winning El Ermitaño restaurant. In this contemporary setting featuring touches of elegance, choose between an à carte featuring big-hearted traditional cuisine which is impressively complemented by two tasting menus (Los Clásicos and the seasonally inspired De Temporada)."
Spain,Madrid,La Montería,Traditional Cuisine,A moderate spend,2,"Lope de Rueda 35, Madrid, 28009, Spain",+34 915 74 18 12,https://guide.michelin.com/en/comunidad-de-madrid/madrid/restaurant/la-monteria,"With its location just a few steps from the Retiro, this restaurant is usually full every day and is well worth considering if you find yourself close to this stunning park. With a history dating back over a half a century, this family-run business has had a facelift and now features a more contemporary bar plus a Nordic-inspired dining room. The culinary theme remains the same, however: honest cooking on an extensive à la carte that always features a game dish, plus excellent set menus (Clásico and Degustación). The prawns in batter dish is one of the most popular on the menu here."
Spain,Madrid,Las Tortillas de Gabino,Traditional Cuisine,A moderate spend,2,"Rafael Calvo 20, Madrid, 28010, Spain",+34 913 19 75 05,https://guide.michelin.com/en/comunidad-de-madrid/madrid/restaurant/las-tortillas-de-gabino,"Impressively run by two siblings, this restaurant adopted its name in homage to the chef at La Ancha, a popular restaurant in Madrid that was founded by his grandfather in the 1930s. Las Tortillas de Gabino is located in the heart of the city’s Chamberí district, where it features a cosy entrance hall, a private section, a glass-fronted wine cellar, and two contemporary dining rooms which interconnect via a corridor that leads to the kitchen, which is always visible to diners. The updated traditional menu is complemented by a superb choice of omelettes (tortillas), the most popular of which are the traditional potato-based Velazqueña, and the Trufada."
Spain,Madrid,Manifesto 13,Italian,A moderate spend,2,"Hartzenbusch 12, Madrid, 28010, Spain",+34 649 83 45 02,https://guide.michelin.com/en/comunidad-de-madrid/madrid/restaurant/manifesto-13,"For an Italian dining experience with a difference, look no further than this restaurant where what is on offer will come as a pleasant surprise. Located close to the Glorieta de Bilbao, it boasts a youthful, bistro-style ambience with an open kitchen, a bar counter for dining, plus a dining room (with a decor halfway between hipster and industrial and featuring alternating high and low tables). The Italian-inspired menu, with its creative, fusion-style influence (as demonstrated by the agnolotti with parmesan, pine nuts, homemade butter and fried sage), features sections devoted to tapas, starters for sharing, and interesting pasta options alongside a choice of main dishes. The basement is used as a private space, as well as being home to the fresh pasta-making machine."
Spain,Madrid,Quinqué,Traditional Cuisine,A moderate spend,2,"Apolonio Morales 3, Madrid, 28036, Spain",+34 910 73 28 92,https://guide.michelin.com/en/comunidad-de-madrid/madrid/restaurant/quinque,"Having worked in various prestigious restaurants such as Nacho Manzano’s legendary Casa Marcial, chefs Carlos Griffo and Miguel Ángel García do their utmost to combine the skills they have learnt to create “comida de casa” – traditional home cooking based around seasonal ingredients, albeit in an updated format, but one that still respects their full flavours. The interior, which is now more elegant and features an open kitchen, provides the backdrop for an à la carte (including dishes such as hake tortilla with pil-pil and chilli peppers, shoulder of rabbit escabeche, rice with pigeon, etc) and a tasting menu. You’ll also find frequent daily suggestions, featuring fish sourced direct from the auction, plus some half-plate options."
Spain,Madrid,Sisapo,Fusion,A moderate spend,2,"Trafalgar 14, Madrid, 28010, Spain",+34 910 29 12 47,https://guide.michelin.com/en/comunidad-de-madrid/madrid/restaurant/sisapo,"This unique, intimate restaurant, with an interior design that combines industrial and contemporary details as well as classic decorative features from the past, is located in the authentic Chamberí district of the city. Its unusual name refers to a Roman archaeological site in La Bienvenida (Ciudad Real province). The chef at the helm here, Alejandro Aguirre, champions contemporary cuisine that is highly personal and full of strong flavours, ably supported by Asian and South American ingredients that he skilfully combines with native Spanish products. The à la carte, which includes appetising dishes such as steak tartare with grilled marrow bone, is complemented by a tasting menu (El Encuentro)."
Spain,Madrid,Tres por Cuatro,Contemporary,A moderate spend,2,"Montesa 9, Madrid, 28006, Spain",+34 915 65 45 57,https://guide.michelin.com/en/comunidad-de-madrid/madrid/restaurant/tres-por-cuatro,"This restaurant in the heart of the city’s Goya district is the next step in the career of chef Álex Marugán, whose previous, somewhat more modest experience was in the nearby Mercado Torrijos. In this contemporary bistro-style eatery, he concentrates on contemporary cooking that incorporates an array of Latin American touches (especially from Mexico and Peru) to add distinct flavour to his dishes, which are interesting and highly delicate. The à la carte comes in two parts: “Los de siempre”, featuring his iconic recipes such as “Torrezno” (a fried bacon snack) and the “ossobuco pibil taco”; and “Los de hoy”, on which the options are influenced by seasonal ingredients."
Spain,Madrid,Treze,Seasonal Cuisine,A moderate spend,2,"General Pardiñas 34, Madrid, 28001, Spain",+34 915 41 07 17,https://guide.michelin.com/en/comunidad-de-madrid/madrid/restaurant/treze,"A contemporary-style restaurant with modern touches which stands out for its cuisine, which is based on market-fresh produce and wild game, in particular. Although the chef is not a hunter himself, he pays careful attention to the hunting seasons and works around these in his choice of products. The restaurant boasts an attractive bar that surrounds the open-view kitchen, where guests can watch the chefs at work, plus an attractively appointed dining room. Culinary options here are showcased on a tempting à la carte with a choice of medias raciones, and a tasting menu."
Spain,Madrid,Trèsde,Contemporary,A moderate spend,2,"Cava Alta 17, Madrid, 28005, Spain",+34 609 00 41 05,https://guide.michelin.com/en/comunidad-de-madrid/madrid/restaurant/tresde,"Enjoy informal haute-cuisine in this French bistro-style eatery in the traditional La Latina district of the city. Trèsde is run with great enthusiasm and passion by three life-long friends (in charge of the kitchen, dining room and back office, respectively). The market-inspired menu, which favours vegetables grown in traditional “navazo” gardens found in coastal marshland areas, has revitalised the starter/main course/dessert concept, with a choice of dishes from a concise yet meticulously prepared list. An additional bonus is the surprising three-glass pairing featuring sherry, sake and minimal-intervention wines."
Spain,Madrid,Varra,Contemporary,Special occasion,3,"Hermosilla 7, Madrid, 28001, Spain",+34 616 12 34 21,https://guide.michelin.com/en/comunidad-de-madrid/madrid/restaurant/varra,"This restaurant in the elegant Salamanca district of the city is run by two young chefs, Jorge Velasco and Joaquín Serrano, and is usually full every day. It offers two highly distinct dining concepts: the informal Varra Fina on the ground floor, more focused on tapas, and the gourmet restaurant called Varra, found upstairs with tables adorned with tablecloths. Both proposals have been merged into one, offering visitors the best of both worlds: Joselito ham croquettes, freshly made Russian salad, lightly fried line-caught hake with green sauce, 40-day matured picanha steak tartare. The dishes evolve over the course of the year, highlighting the importance this restaurant places on seasonal produce!"
Spain,Madrigal de la Vera,El Molino,Contemporary,On a budget,1,"Garganta de Alardos, Madrigal de la Vera, 10480, Spain",+34 722 88 50 59,https://guide.michelin.com/en/extremadura/madrigal-de-la-vera/restaurant/el-molino,"On the banks of the Alardos gorge, restoring a mill that exudes pure authenticity, with stone walls, this establishment is a tribute to peace and quiet. There is a good bar area at the entrance (with a fireplace and curious-looking tables that reuse old millstones) as well as a simple dining room, both spaces with a warm rustic feel. What’s on offer? A bistro-style menu (starter and main course only) as well as a surprise tasting menu with clear traditional foundations and a modern touch, and a commitment to fresh vegetables from the area. Try the natural wines from small producers!"
Spain,Malaga,Base9,Contemporary,On a budget,1,"Salitre 9, Malaga, 29002, Spain",+34 622 54 64 37,https://guide.michelin.com/en/andalucia/malaga/restaurant/base9,"It is located in the central neighbourhood known as Perchel Sur, near the Málaga-María Zambrano train station, and reflects the dream of a young pair of chefs (Cristian Fernández and Pablo Zamudio) who have brought the final degree project they jointly presented at the Escuela de Hostelería de Morón de la Frontera to fruition. They offer a small menu with tapas and dishes designed for sharing, with a modern style and a strong traditional base. What to order? Don't miss the Canelón de gallina vieja or the curious Spanish tortilla, made in the Japanese omurice style and served with wasabi mayonnaise."
Spain,Malaga,La Cosmo,Andalusian,A moderate spend,2,"Císter 11, Malaga, 29015, Spain",+34 630 91 73 96,https://guide.michelin.com/en/andalucia/malaga/restaurant/la-cosmo,"Looking for a modern, casual yet centrally located restaurant? Look no further, because La Cosmo meets these criteria and is located just a few steps behind the Cathedral. This restaurant, with an open kitchen and dominated by white tones, is committed to transparency and quality in everything relating to the product and its origins in a bid to highlight the value of local raw ingredients. Chef Dani Carnero, who has other businesses in the city (La Cosmopolita and Kaleja), is looking for a more direct and fluid culinary concept here, championing the Malaga tradition and seafood flavours. We recommend eating at the bar, watching the chefs at work, and don't miss the hake salad, a dish that the chef learned from his mother."
Spain,Malaga,La Taberna de Mike Palmer,Traditional Cuisine,A moderate spend,2,"Camino de los Almendrales, Malaga, 29013, Spain",+34 622 69 71 34,https://guide.michelin.com/en/andalucia/malaga/restaurant/la-taberna-de-mike-palmer,"A rustic-cum-contemporary restaurant that oozes tranquillity, simplicity and a sense of calm – virtues that largely stem from its location within an equestrian club on the outskirts of Málaga, behind the hills that frame the city. Here, you can enjoy updated traditional cuisine that will leave its mark and linger long in the memory thanks to its focus on ingredients sourced from the soil and sea which maximise Mediterranean flavours in simply prepared slow-cooked dishes, mainly on the open grill. If possible, book a table on the delightful terrace."
Spain,Mataró,Dos Cuiners,Contemporary,A moderate spend,2,"Muralla de Sant Llorenç 18, Mataró, 08301, Spain",+34 930 02 90 93,https://guide.michelin.com/en/catalunya/mataro/restaurant/dos-cuiners,"Dos Cuiners, which boasts a central location and a relaxed industrial decor, is, as the name suggests, run by two chefs, Òscar Pérez and Mar Arnalot, the latter in charge of desserts. Their cuisine is centred around a menu of small plates/“raciones” perfect for sharing, enabling guests to taste a larger number of dishes (they recommend 3 or 4), with a continual focus on contemporary Catalan cooking with a hint of fusion influence. They also offer a good-value-for-money lunchtime menu, an interesting “Pica Pica” option (a minimum of two people), plus a more gastronomic menu."
Spain,Maçanet de Cabrenys,Els Caçadors,Traditional Cuisine,A moderate spend,2,"Urbanización Casanova, Maçanet de Cabrenys, 17720, Spain",+34 972 54 41 36,https://guide.michelin.com/en/catalunya/macanet-de-cabrenys/restaurant/els-cacadors,"A great place to recharge your batteries if you’re planning a visit to the Alto Ampurdán region in the Eastern Pyrenees. Located in the basement of the hotel of the same name, its play of contrasts comes as a pleasant surprise, with a decor featuring a combination of sturdy vaulted ceilings and stone walls which provide the perfect counterpoint to the designer-inspired lamps and white furnishings. The traditional, regionally inspired cuisine is somewhat surprisingly complemented by a few dishes from the Far East!"
Spain,Meliana,Napicol,Rice Dishes,A moderate spend,2,"San Isidro 28, Meliana, 46133, Spain",+34 961 11 91 10,https://guide.michelin.com/en/comunidad-valenciana/meliana/restaurant/napicol,"Located in a small village just a few kilometres north of Valencia, Napicol is run by a family heavily involved in the business and is one of those restaurants where agriculture is very much part of its DNA. You won’t find any set menus here; instead, chef Chemo Rausell conjures up cuisine that includes plenty of dishes that do not feature on the à la carte and which change with the seasons (the restaurant is next to an organic garden that provides many of his day-to-day ingredients). He also cooks delicious rice dishes to order and organises food-themed days dedicated to traditional recipes. A delightful terrace-garden and a well-curated wine cellar, featuring a selection of champagnes from small-scale producers, add to its appeal."
Spain,Miranda de Ebro,La Vasca,Traditional Cuisine,A moderate spend,2,"Olmo 3, Miranda de Ebro, 09200, Spain",+34 947 31 13 01,https://guide.michelin.com/en/castilla-y-leon/miranda-de-ebro/restaurant/la-vasca,"A gastronomic institution in the city that opened its doors in 1926 and has now been run by three generations of the same family. Located on the first floor of a 19C building, it features a classic-contemporary dining room which is accessed via a staircase lined with old photos of the restaurant and its founder, Ángela Bilbao, who came here from a village in Vizcaya province with her husband, a native of Burgos, and set up the original “casa de comidas”. Here, you can enjoy time-honoured cooking that features game, wild mushrooms in season, traditional offal dishes, cod, roast baby lamb etc."
Spain,Monachil,La Cantina de Diego,Traditional Cuisine,A moderate spend,2,"Callejón de Ricarda 2, Monachil, 18193, Spain",+34 958 30 37 58,https://guide.michelin.com/en/andalucia/monachil/restaurant/la-cantina-de-diego,"A family-run restaurant located in the town’s old quarter, where you can choose between the summer terrace and two attractive dining rooms, both with a rustic, regionally inspired ambience. In the kitchen, owner-chef Diego Higueras focuses on technically uncomplicated traditional cooking that remains faithful to local, seasonal ingredients and is increasingly focused towards a “zero miles” philosophy (as an example, he produces his own olive oil and many of the vegetables are sourced from his own kitchen garden). The chef’s specialities include scrambled eggs with Monachil black pudding, fried cod tacos with tomato, local beef tenderloin, and Marcelina, a typical dessert."
Spain,Mondragón,Arteaga Landetxea,Basque,On a budget,1,"Garagartza Auzoa 37, Mondragón, 20500, Spain",+34 943 71 18 81,https://guide.michelin.com/en/pais-vasco/mondragon_1426863/restaurant/arteaga-landetxea,"This restaurant occupies a remotely located farmhouse with centuries of history behind it as well as the benefit of a picturesque backdrop. It is enthusiastically run by Maider Larrañaga and Igor Ezpeleta, with the former in charge of the dining room and acting as sommelier (effortlessly managing a cellar with over 1 000 labels) and the latter conjuring up cuisine that showcases the true soul of the Basque region in the kitchen. In the delightfully rustic interior, you’ll find a splendid “vinoteka”, a welcoming main dining room, plus another smaller space. The traditional and regionally inspired cuisine served up here (we recommend the grilled fish of the day) showcases flavour and champions high-quality ingredients that are always local. The pleasant terrace is an added bonus."
Spain,Mora de Rubielos,El Rinconcico,Traditional Cuisine,On a budget,1,"Santa Lucía 4, Mora de Rubielos, 44400, Spain",+34 978 80 60 63,https://guide.michelin.com/en/aragon/mora-de-rubielos/restaurant/el-rinconcico,"A restaurant located in one of Spain’s main gastronomic regions - the Gúdar-Javalambre area is the main producer of the famous black Teruel truffle! Located alongside the River Mora, El Rinconcico features a popular and contemporary gastro-bar with a few tables on the ground floor, and the main dining room upstairs. Here, you can enjoy updated traditional cuisine that makes plentiful use of local ingredients from Teruel province and is enhanced by a few Peruvian touches from the chef’s homeland. We can recommend the delicious Ternasco D.O. de Aragón lamb as well as the popular “potaje de garbanzos de Miguel”, a chickpea stew created in honour of the founder of the restaurant over 30 years ago. The somewhat visually deceptive “Havana morcilla cigar” also impressed us!"
Spain,Morales de Rey,Brigecio,Traditional Cuisine,A moderate spend,2,"Avenida Constitución 28, Morales de Rey, 49693, Spain",+34 980 65 12 65,https://guide.michelin.com/en/castilla-y-leon/morales-de-rey/restaurant/brigecio,"Impressively run by a friendly married couple, this restaurant located in a small village 10km to the northwest of Benavente takes its name from an ancient Asturian hill fort known as “Castro Brigecio”. Behind its façade, you’ll find a single, slightly impersonal contemporary-style dining room, albeit with a welcoming fireplace and excellent service. The extensive à la carte of traditional cuisine (on which you’ll also find the occasional more modern and contemporary recipe) is complemented by a selection of cod dishes (“bacalao a lo Tío” and “bacalao con crestas de gallo” (chicken comb) etc) and an impressive daily menu (except in summer). The famous Zamora-style octopus is a must!"
Spain,Morella,Daluan,Contemporary,A moderate spend,2,"Callejón Cárcel 4, Morella, 12300, Spain",+34 964 16 00 71,https://guide.michelin.com/en/comunidad-valenciana/morella/restaurant/daluan,"One of the best dining options if you’re visiting this charming town with its sloping streets and alleyways teeming with history. It features a tranquil terrace that occupies almost the entire street plus a tastefully arranged dining room on the first floor. The menu, traditional cuisine reinterpreted with contemporary sensibility, pays tribute to the regional flavours (such as Morella-style croquettes or Morella lamb slow-cooked over 14 hours, boned and accompanied by its juices) and is completed with a surprising tasting menu called Territorio. Themed events dedicated to wild mushrooms and truffles are particularly popular here."
Spain,Morella,Mesón del Pastor,Regional Cuisine,On a budget,1,"Cuesta de Jovani 7, Morella, 12300, Spain",+34 964 16 02 49,https://guide.michelin.com/en/comunidad-valenciana/morella/restaurant/meson-del-pastor,"A restaurant with a classic-cum-regional feel in the historic quarter of this walled town. Behind the attractive stone façade is a two-storey building, the upper floor of which is contemporary and functional and the lower one boasting an elegant rusticity. The chef enjoys working with locally sourced products, particularly game and red meats cooked on the wood grill. Its themed food days dedicated to wild mushrooms (November-December) and truffles (January-February) are particularly popular. The colourful paper figures on the stairs are a reminder of the famous El Sexenni festival, which is held in Morella every six years."
Spain,Murcia,Perro Limón,Fusion,A moderate spend,2,"Plaza de San Juan 6, Murcia, 30003, Spain",+34 722 65 10 57,https://guide.michelin.com/en/region-de-murcia/murcia/restaurant/perro-limon,"If you’re looking for something different you’ll find it here, as the focus of the couple in charge (María and Miguel Ángel) is on fusion cooking that combines the flavours of India, Morocco, France, Japan etc. The spacious restaurant, in the central Plaza de San Juan, as well as an unmistakeable appearance thanks to a striking yellow door that provides access to this relaxed bistro. The à la carte, with its strong focus on sharing, is surprising for its so-called “Bocados del Mundo”, which are complemented by a section entitled “Algo más Serio” (Something More Serious, featuring some of their signature dishes, such as their Chili Crab, served with spring rolls) and desserts under the heading “Un buen recuerdo” (A Happy Memory). A tasting menu (Amelia) is also an option here."
Spain,Murcia,Tándem,Mediterranean Cuisine,A moderate spend,2,"Cánovas del Castillo 37, Murcia, 30003, Spain",+34 868 16 92 87,https://guide.michelin.com/en/region-de-murcia/murcia/restaurant/tandem,"María José and Pedro are the tandem behind this unique restaurant, located next to the Madina Mursiya Interpretation Centre. In fact, it looks out onto it through an interior window. Here, in a refurbished space that surprises both for its design and its irregular puzzle-piece shaped wooden tables, the menu is steered towards simple yet well-executed Mediterranean cooking supported by top-quality ingredients. The dishes, designed for sharing, reflect their work in an à la carte that evolves with the season and is delivered in an envelope (they recommend choosing 5 to get a complete experience). Dishes that particularly piqued our curiosity included two of the house's greatest hits, the grilled Japanese aubergine served with hollandaise and soy sauce, and the unmissable bluefin tuna and foie gras sashimi."
Spain,Nava del Rey,Caín,Grills,A moderate spend,2,"del Río 11, Nava del Rey, 47500, Spain",+34 983 04 38 35,https://guide.michelin.com/en/castilla-y-leon/nava-del-rey_1434687/restaurant/cain,"On the outskirts of this small town, inside an industrial-looking warehouse, there is a restaurant that stands out from the usual aesthetic of Castilian establishments, as it plays with design and a punk aesthetic with a religious background. it is no surprise that the incandescent grills in the open kitchen take centre stage and see themselves as ‘the church of embers, where tradition and avant-garde are forged’. The young chef Anaí Meléndez, who left the world of advertising for the restaurant business to return to her hometown, demonstrates great mastery in working with fire and offers visitors an interesting menu where almost everything revolves around embers, with chops (beef or veal) and young lamb on the spit (only available at lunchtime and by reservation, as it requires between 4 and 5 hours of roasting) as the highlights. She is passionate in her promotion of small local suppliers!"
Spain,Olvera,La Tarara,Contemporary,A moderate spend,2,"Plaza Andalucía, Olvera, 11690, Spain",+34 664 54 87 07,https://guide.michelin.com/en/andalucia/olvera/restaurant/la-tarara,"La Tarara is one of those restaurants where, having worked in renowned restaurants around Spain, its owners decided to return to their home region to start this highly personal project. Fronting a square in the centre of town, the restaurant boasts a pleasantly surprising contemporary feel along with a few unusual decorative details such as verses from La Tarara by Federico García Lorca (the children’s song from which it takes its name) adorning the walls. The cuisine here is an updated version of traditional Andalucian dishes, in which almost all the ingredients are sourced locally or from the province of Cádiz. Make sure you try its version of the Italian “payogiana” as well as the croissant of red tuna tartare. The tasting menu here is announced “by word of mouth”!"
Spain,Ourense,Pacífico,Modern Cuisine,A moderate spend,2,"Pena Trevinca 37, Ourense, 32005, Spain",+34 988 61 46 72,https://guide.michelin.com/en/galicia/ourense/restaurant/pacifico1154940,"This classic family-run restaurant founded in 1975 by the grandparents of current owner Francisco Domínguez has moved with the times and now presents a much more appealing modern feel that showcases the evolution of this renowned eatery. The café-bar at the entrance leads to a bistro-style dining room with an open-view kitchen. Here, the focus is on a single, contemporary-style tasting menu that changes every two months approximately and is centred around seasonal and locally sourced ingredients. An added option here is the extensive brunch available at the weekend. One dish that we particularly enjoyed on our last visit was the sea bass escabeche with carrot purée, a garlic refrito salsa and dried fruits."
Spain,Palencia,Terra Palencia,Contemporary,A moderate spend,2,"Pedro Fernández de Pulgar 6, Palencia, 34005, Spain",+34 979 11 66 75,https://guide.michelin.com/en/castilla-y-leon/palencia/restaurant/terra-1189297,"Having trained in a string of prestigious restaurants (El Celler de Can Roca, Akelaŕe, Nerua and El Ermitaño), chef Roberto Terradillos has returned to his roots to showcase his new talents, combining the latest techniques with the culinary flavours of his home province. The interior is functional and contemporary in feel, while the cooking follows contemporary trends albeit with a good basis in tradition and a nod to his native region. The à la carte is complemented by several interesting fixed menus: “De Mercado”, available lunchtimes midweek, and three others with a wine pairing option (Gastronómico, Clásico and a more gastronomic option called Bellas y Desconocidas, conceived as a tribute to 16th-century cuisine and women of Palencia)."
Spain,Palmones,Casa Mané,Seafood,A moderate spend,2,"Almadraba, Palmones, 11379, Spain",+34 956 67 50 10,https://guide.michelin.com/en/andalucia/palmones/restaurant/casa-mane,"This simple family-run restaurant, located just a few metres from the village beach and boasting views of Gibraltar across the bay, occupies an attractive wood cabin with a bar area and two attractively appointed dining rooms. Although it offers an extensive traditionally based à la carte, its main specialities are fish and seafood from the waters around Gibraltar (Coquina clams, red prawns from Garrucha, tuna in lard etc), with many of its fresh products displayed in a refrigerated counter in one of the dining rooms. It’s best to book ahead here as it is invariably full every day!"
Spain,Pamplona,El Merca'o,Traditional Cuisine,A moderate spend,2,"Tafalla 5 - 7, Pamplona, 31004, Spain",+34 948 29 25 88,https://guide.michelin.com/en/comunidad-foral-de-navarra/pamplona/restaurant/el-mercao,"Another Idoate family venture that has added an exciting new twist to Pamplona’s restaurant scene with this fun new premises on the corner of a market in the centre of town. It features a cutting-edge design, its own independent entrance and two distinct spaces: a modern lounge-bar serving highly elaborate “pinchos” that seek to take Basque tradition to a new level; and a dining room with low tables (choose between the à la carte and a menu) where diners can enjoy traditional cuisine with an Asian touch (we liked the Merca'o-style Ajoarriero with its fried egg). The natural light flooding in from the street is filtered by the countless bottles of wine that form part of the façade."
Spain,Pobladura del Valle,La Trébede,Traditional Cuisine,On a budget,1,"Paraje Canal de Hornos, Pobladura del Valle, 49780, Spain",+34 633 72 33 64,https://guide.michelin.com/en/castilla-y-leon/pobladura-del-valle_1435243/restaurant/la-trebede,"Here, on the outskirts of this small village in Zamora province, young chef Pablo González has taken over the reins of this simple yet characterful restaurant with a gabled roof and a decor of agricultural implements. In the semi-visible kitchen, the focus is on an updated take on traditional cooking typified by standout dishes such as the crispy shrimp omelette with a slightly sweet touch thanks to the addition of a hint of quince, and the confit of pig’s ear cooked at low temperature, with a dried tomato and mussel salsa brava. While you’re in the area, we also recommend visiting the highly original Museo Grand Central, a museum displaying models of battleships, naval vessels and trains."
Spain,Poboleda,Brots,Modern Cuisine,A moderate spend,2,"Nou 45, Poboleda, 43376, Spain",+34 977 82 73 28,https://guide.michelin.com/en/catalunya/poboleda/restaurant/brots,"A gastronomic surprise tucked away in this small village in the Priorat wine region, nestled between mountains and surrounded by vineyards. Here, in this tranquil setting, chef Pieter Truyts, who trained in Michelin-starred restaurants in his native Belgium as well as in France and Spain, discovered the perfect place in which to “cook from the heart”, developing creative and highly interesting cuisine that showcases the very best local and seasonal ingredients, with a gift for combining them to maximise their flavour. There’s a small à la carte featuring traditionally inspired dishes with a modern touch, as well as two tasting menus (Arrels and Brots). We particularly enjoyed the creamy flavour of the cep risotto."
Spain,Pontevedra,Trasmallo,Contemporary,On a budget,1,"Figueroa 14, Pontevedra, 36002, Spain",+34 687 25 07 38,https://guide.michelin.com/en/galicia/pontevedra/restaurant/trasmallo-1212595,"Through the name of this restaurant, located along an attractive, narrow pedestrian street in the old quarter of town, the aim is to pay homage to a traditional form of fishing that, through the generations, has been fundamental to the livelihood of owner-chef Antonio Novas’ family. It boasts a bar at the entrance that is reminiscent of an old Galician tavern, a welcoming stone-walled dining room on the first floor, plus a private space for small events above it. Here, the cuisine is centred around top-quality ingredients and touches of contemporary and international influence, including daily recommendations that never fail to impress. Standout dishes include the signature croquettes (including those prepared with cuttlefish in ink), fish of the day and, for dessert, the creamy baked cheesecake with seasonal fruit jam."
Spain,Ponts,Lo Ponts,Catalan,On a budget,1,"Carretera de Calaf 6, Ponts, 25740, Spain",+34 973 46 00 17,https://guide.michelin.com/en/catalunya/ponts/restaurant/lo-ponts,"A pleasant and well-run family-owned restaurant that has the perfect balance between passion and professionalism. It features three modern and functional dining rooms serving an updated take on regional cuisine that aims to bring personality to every dish, with a focus on locally sourced and, where possible, organic ingredients. Choose between several interesting menus, including a tasting option that requires pre-booking, which is complemented by a varied wine list. One speciality that you won’t want to miss is the rice casserole with butifarra confit and pork rib."
Spain,Pozoblanco,Kàran Bistró,Creative,A moderate spend,2,"Plaza de la Constitución 1, Pozoblanco, 14400, Spain",+34 857 89 02 42,https://guide.michelin.com/en/andalucia/pozoblanco_1391839/restaurant/karan-bistro,"In this restaurant, located in the heart of the Los Pedroches valley, they like to say that “you don’t just come here to eat, but also to have fun”. In this intimate and attractive setting, the high level of cuisine comes as a pleasant surprise. The cooking is completely centred on the renowned local Iberian pork, including the finest cuts of acorn-fed ham (pluma, presa etc) as well as produce from the restaurant’s own kitchen garden. Chef Carlos Fernández is committed to showcasing the best possible flavours from the local area on a modern à la carte complemented by two excellent set menus: De Temporada and Nuestra Dehesa."
Spain,Puente Genil,Alma Ezequiel Montilla,International,A moderate spend,2,"Cuesta Borrego 3, Puente Genil, 14500, Spain",,https://guide.michelin.com/en/andalucia/puente-genil/restaurant/alma-ezequiel-montilla,"A restaurant that continues to win plaudits, especially following its move to this century-old mansion boasting beautiful arches, tiles and Arabian-inspired lattice-style windows. Its most impressive feature is without doubt the stunning central patio crowned by a glass roof and adorned with a fountain that is a replica of one in the Generalife gardens in Granada, while its cuisine and private room for business meetings are also striking. The culinary experience gained by the chef abroad is obvious in the names of the dining rooms (London, Marrakech, Casablanca, Cordoba, etc.) and on the menu, where dishes are showcased on two tasting menus (Riad and Medina, both of which need to be booked 24 hours in advance) centred around three gastronomic journeys around Spain, Morocco and Europe. The restaurant is highly committed to recycling and also focuses on sourcing ingredients from the local region (vegetables from Puente Genil, wine from Montilla and Moriles, meat from the Valle de Los Pedroches, and fish from the Andalucian coast)."
Spain,Puertomingalvo,Existe,Traditional Cuisine,A moderate spend,2,"Carretera A-1701, Puertomingalvo, 44411, Spain",+34 644 72 46 27,https://guide.michelin.com/en/aragon/puertomingalvo_1385584/restaurant/existe-1210540,"Following its move from Mosqueruela, this restaurant now provides the culinary inspiration at the Mas de Cebrián hotel, along the road leading to Puertomingalvo. In essence, Existe continues to act as a culinary showcase for the so-called “Empty Spain”, in a setting that is both rustic and contemporary. The couple in charge (with María acting as sommelier in the dining room, and Alberto in the kitchen), offer a single tasting menu that showcases locally sourced ingredients from the province of Teruel, alongside constant nods to the region and its culinary roots. The chef particularly enjoys working with local game and wild mushrooms."
Spain,Quintanar de la Orden,Granero,Traditional Cuisine,A moderate spend,2,"San Fernando 90, Quintanar de la Orden, 45800, Spain",+34 925 18 02 38,https://guide.michelin.com/en/castilla-la-mancha/quintanar-de-la-orden/restaurant/granero,"A family restaurant run by siblings with over half a century of history behind it. One of the culinary jewels in the crown of La Mancha, Granero features a bar at the entrance, serving the set menu and a choice of “raciones”, plus a pleasant à la carte dining room and an attractive patio-terrace. Choose between the à la carte featuring traditional and fusion-inspired contemporary cuisine (the signature dish is roast suckling lamb shoulder) and a superb tasting menu with a wine-pairing option (you must request this when making your booking). The impressive cellar is managed by enthusiastic sommelier Adán Israel, who is always on hand to recommend and promote wines from the local area."
Spain,Real Sitio de San Ildefonso,La Fundición,Contemporary,A moderate spend,2,"Plazuela de la Calandria 1, Real Sitio de San Ildefonso, 40100, Spain",+34 921 47 24 06,https://guide.michelin.com/en/castilla-y-leon/real-sitio-de-san-ildefonso/restaurant/la-fundicion,"In the centre of La Granja, opposite the post office and just a few minutes' walk from both the Royal Palace and its beautiful gardens. Its name (translation, The Foundry) is not a trivial detail, as it is located inside a building with a long history that provided both the Royal Palace and the old hospital with its plumbing. Today, after some great interior design work, it is set out with several spaces of unique ruggedness: the bar, the main dining room where the forge used to be, the terrace-patio of the infirmary... What does it offer? À la carte service (we particularly liked the oxtail ravioli and foie gras sauce) and two set menus featuring updated traditional cuisine, one à la carte and a larger one called XL."
Spain,Requena,El Yantar La Cocina de Pilar,Fusion,On a budget,1,"Plaza de Albornoz 8, Requena, 46340, Spain",+34 695 14 32 07,https://guide.michelin.com/en/comunidad-valenciana/requena/restaurant/el-yantar-la-cocina-de-pilar,"Sharing a building with the La Villa hotel, this restaurant boasts a meticulous dining room at street level as well as a cave-like dining room excavated out of the rock that is accessed via a narrow flight of steps. Its main courses are centred around traditional cooking and some rice dishes, all preceded by somewhat bolder starters with a nod to the fusion cuisine of Asia and the Americas. Note the excellent choice of Utiel-Requena wines!"
Spain,Ráfales,La Alquería,Contemporary,A moderate spend,2,"Plaza Mayor 9, Ráfales, 44589, Spain",+34 978 85 64 05,https://guide.michelin.com/en/aragon/rafales/restaurant/la-alqueria,"Located on the main square and run by the owner, La Alquería serves updated traditional cuisine of a high standard, including a surprise tasting menu option. In the kitchen, Clara Lapuente demonstrates a strong preference for locally sourced ingredients, and her previous experience as a pastry chef ensures that all dishes are cooked to perfection, including a delicious selection of desserts. The restaurant is located on the ground floor of a charming small hotel, so guests staying the night can take advantage of a special fixed-price dinner menu. Booking is essential."
Spain,Salamanca,Bambú,Contemporary,A moderate spend,2,"Prior 4, Salamanca, 37002, Spain",+34 666 52 35 23,https://guide.michelin.com/en/castilla-y-leon/salamanca/restaurant/bambu,"A modern gastro-bar with the soul of a restaurant located just a few metres from the city’s iconic Plaza Mayor. At Bambú, the open kitchen, traditional cuisine and grilled dishes reinterpreted from a more contemporary perspective are the main highlights, although you’ll also find hints of fusion and strong flavours from other parts of the world. Choose between tapas, half-plates and dishes designed for sharing, alongside an interesting tasting menu. Dishes we can recommend include the classic truffled duck egg, the highly original chicken chilli doughnut, the braised avocado with pipirrana, and the braised Iberian pork cheeks. Unsurprisingly, it is often full every day."
Spain,San Cristóbal de la Laguna,Silbo Gomero,Contemporary,A moderate spend,2,"Volcán Elena 9, San Cristóbal de la Laguna, 38108, Spain",+34 922 31 03 55,https://guide.michelin.com/en/canarias/san-cristobal-de-la-laguna/restaurant/tasca-silbo-gomero,"Mojo is a traditional Canary Island sauce that can be used in various ways and chef Braulio Simancas is a specialist when it comes to using this iconic salsa to bring enhanced flavour to some of his dishes. Named after the whistling language once used on the island of La Gomera, this unpretentious restaurant located next to a shopping centre that is close to the Pabellón de Deportes de Tenerife Santiago Martín sports complex showcases cuisine with its roots in the Canary Islands, albeit with a modern, light and delicate touch and impeccable technique. The unique cheeses on the menu are personally matured by the chef. Standout dishes include meat cooked in a traditional marinade, the “escaldón” of fish and Gomeran gofio, and, for dessert, the “frangollo” with raisin jam and sweet wine."
Spain,San Vicente de la Sonsierra,Casa Toni,Contemporary,A moderate spend,2,"Zumalacárregui 27, San Vicente de la Sonsierra, 26338, Spain",+34 941 33 40 01,https://guide.michelin.com/en/la-rioja/san-vicente-de-la-sonsierra/restaurant/casa-toni,"A modern and contemporary restaurant that comes as quite a surprise in this village anchored at the foot of a walled castle-fortress with streets steeped in history and buildings fronted by beautiful stone façades. In this eclectic and unexpected setting, the modern interior, dominated by the contrasts between red and white, features numerous references to wine production, providing the backdrop for cuisine with a strong Rioja flavour that combines typical recipes such as “Patorrillo a la Riojana” (lamb’s tripe and trotters) with other more contemporary-style dishes. An interesting gastronomic menu completes the picture."
Spain,Sanlúcar de Barrameda,Casa Bigote,Seafood,A moderate spend,2,"Pórtico de Bajo de Guía 10, Sanlúcar de Barrameda, 11540, Spain",+34 956 36 26 96,https://guide.michelin.com/en/andalucia/sanlucar-de-barrameda/restaurant/casa-bigote,"This family-run restaurant opened its doors in 1951 as a simple seaside “taberna” serving Manzanilla sherry to the weather-beaten fishermen from the town’s Bajo de Guía district. Over the years, Fernando Bigote and his children have gradually expanded the business. Nowadays, it still boasts a typical “taberna”, where you can eat an array of tapas and “raciones”, as well as two neo-rustic dining rooms decorated in a maritime style, with the room upstairs perhaps the more impressive thanks to its views of the mouth of the Guadalquivir. Choose from delicious fried delicacies, fish and seafood stews, local fish and, above all, the spectacular Sanlúcar prawns for which the restaurant is renowned and which are a must here."
Spain,Sanlúcar de Barrameda,El Espejo - Sanlúcar,Modern Cuisine,A moderate spend,2,"Caballeros 11, Sanlúcar de Barrameda, 11540, Spain",+34 651 14 16 50,https://guide.michelin.com/en/andalucia/sanlucar-de-barrameda/restaurant/el-espejo,"A breath of fresh air for the dining scene in Sanlúcar. This restaurant, located inside the Posada de Palacio hotel opposite the town hall in the centre of the Barrio Alto district, combines a rustic-contemporary layout with antique furnishings in keeping with the architecture of the building (as an example, one of the dining rooms occupies the former stables). The à la carte (with some dishes available in half-portions) features modern cooking that showcases local ingredients, with a strong focus on presentation, alongside a tasting menu that requires advance booking. A large choice of sherries by the glass is also available."
Spain,Sant Quirze del Vallès,Can Ferrán,Catalan,On a budget,1,"Carretera de Rubí C 1413a, Sant Quirze del Vallès, 08192, Spain",+34 936 99 17 63,https://guide.michelin.com/en/catalunya/sant-quirze-del-valles/restaurant/can-ferran,"A family-run restaurant that is almost always full and has been delighting local palates since 1949! Located in a wooded area alongside a main road, it boasts a pleasant terrace, an attractive entrance hall and several simply laid out dining rooms, including one with an open fireplace. The cuisine here is focused on Catalan dishes with pride of place given to grilled dishes (we enjoyed the grilled octopus with a “trinxat” of broccoli, ""torreznos” from Soria, and a piripiri sauce, as well as variety of local specialities such as the famous Mongetes del Ganxet – tender white beans which are only grown in this part of Catalunya). The restaurant does not take credit cards although it does have an ATM!"
Spain,Sant Sadurní d'Anoia,La Cava d'en Sergi,Traditional Cuisine,On a budget,1,"València 17, Sant Sadurní d'Anoia, 08770, Spain",+34 938 91 16 16,https://guide.michelin.com/en/catalunya/sant-sadurni-d-anoia/restaurant/la-cava-d-en-sergi,"Sant Sadurní d'Anoia is the capital of sparking cava, so this restaurant provides a great opportunity to round off your day after a visit to some of its famous bodegas. Located in a central street in the heart of the town, it features a single dining room with a classic-contemporary feel, where owner-chef Sergi Torres creates updated traditional cuisine with a good sprinkling of creativity. Choose between an excellent set daily menu popular with guests, and a seasonally changing à la carte. The wine cellar features over 40 different local cavas."
Spain,Santa Coloma de Gramenet,Bar Verat,Fusion,On a budget,1,"Avenida Pallaresa 104, Santa Coloma de Gramenet, 08921, Spain",+34 936 81 40 80,https://guide.michelin.com/en/catalunya/santa-coloma-de-gramenet/restaurant/verat,"The name of this restaurant (the Catalan for mackerel) clearly shows its intentions, as it describes a fish which is easily affordable to one and all. The latter concept is the predominant idea behind Verat, the younger sibling of the award-winning Lluerna next door, where chef Víctor Quintillà popularises his cuisine in fusion dishes and “raciones”. Here, in a young and informal ambience full of character, choose between three menus for a minimum of two people (Petit, Verat and Festival) plus a few specialities that should not be missed, such as the crunchy Duroc pork ear with a kimchi mayonnaise, the trio of croquettes, and the Iberian suckling pig terrine."
Spain,Santa Coloma de Queralt,Hostal Colomí,Traditional Cuisine,A moderate spend,2,"Raval de Jesús 10, Santa Coloma de Queralt, 43420, Spain",+34 977 88 06 53,https://guide.michelin.com/en/catalunya/santa-coloma-de-queralt/restaurant/hostal-colomi,"It’s impossible to mention the Hostal Colomí without recognising the hard work put in by the Camps sisters, Nati and Rosita, as they are the pillars on which this centrally located and very popular family-run restaurant are built. The restaurant offers a welcoming dining room dominated by an open-view grill and a second room on the first floor which is reserved for groups and weekend dining. The home-style and grilled Catalan dishes emerging from the kitchen here are supplemented by numerous regional and traditional recipes. The delicious cod fritters are a particular favourite as are the recipes featuring foie gras (such as the sautéed cep mushrooms with foie gras and fried egg)."
Spain,Santa Cruz de Tenerife,El Aguarde,Traditional Cuisine,A moderate spend,2,"Costa y  Grijalba 21, Santa Cruz de Tenerife, 38004, Spain",+34 922 28 91 42,https://guide.michelin.com/en/canarias/santa-cruz-de-tenerife/restaurant/el-aguarde,"This restaurant, which has gained a loyal and predominantly local following over the years, is located just a few metres from the city’s main artery, the Rambla de Santa Cruz. The secret to its success? Maybe patience – a nod, perhaps, to its name (a hunting term that is associated with the wait in a hideout). In the simply furnished dining room, order from a reasonably extensive à la carte that is traditional in feel but with a La Mancha touch that highlights the owner’s origins. Recommended dishes includes stews with beans or chickpeas, the hearty la Mancha dish “Duelos y Quebrantos”, offal recipes, and the ever-popular “tortilla de papas”."
Spain,Santa Cruz de Tenerife,Moral,Contemporary,A moderate spend,2,"Jesús Nazareno 20, Santa Cruz de Tenerife, 38003, Spain",+34 672 45 15 55,https://guide.michelin.com/en/canarias/santa-cruz-de-tenerife/restaurant/moral,"Moral occupies an old mansion that skilfully combines the building’s cutting-edge design with its original structure and floor. The key tenets here are a constant desire to improve alongside plenty of enthusiasm from the young chefs (Icíar and Juan Carlos) at the helm. They are now following their own dream having previously worked in leading restaurants (Icíar Pérez, for example, was the chef at Poemas by Hermanos Padrón). Their cuisine, which first and foremost aims to showcase the flavours of the island, is centred around a concise à la carte plus a creatively inspired tasting menu, with a continual focus on excellent technique and superb textures (one of the most popular dishes is crayfish with boiled mojo sauce). The tasting menu also provides a perfect opportunity to explore the culinary identity of the Canary Islands in more detail."
Spain,Santa Cruz de Tenerife,San Sebastián 57,Seasonal Cuisine,A moderate spend,2,"Avenida de San Sebastián 57, Santa Cruz de Tenerife, 38005, Spain",+34 822 10 43 25,https://guide.michelin.com/en/canarias/santa-cruz-de-tenerife/restaurant/san-sebastian-57,"An unmissable address in the island’s capital, this restaurant is located just a few steps from the Mercado de Nuestra Señora de África market (also known as La Recova) and is often full thanks to its popularity with tourists as well as a loyal local clientele. In the contemporary ambience of its pleasant, intimate interior, enjoy an updated take on traditional cuisine presented via the à la carte and a menu entitled Caminar. Quality ingredients are key here, contributing to fun, copious and meticulously presented dishes that showcase the essence of Canarian cuisine, with an added nod to the cooking of Cantabria (chef Alberto González hails from Santander) and countries around Latin America. An impressive choice of market-inspired daily specials are also available."
Spain,Santander,Agua Salada,Contemporary,A moderate spend,2,"San Simón 2, Santander, 39003, Spain",+34 665 96 00 96,https://guide.michelin.com/en/cantabria/santander/restaurant/agua-salada,"A modest, friendly and authentic restaurant with no luxurious frills but plenty of charm. Its simple façade on the street corner conceals a welcoming dining room decorated in French bistro style and dominated by shades of green and white, with an old open-view bar, bare marble tables and other intimate and attractive details, such as the bright candles which add a romantic touch. The traditionally inspired contemporary cuisine (with the option of half-plates throughout) is not lacking in boldness thanks to the addition of exotic flavours, mainly Asian but also from Central and South America (salmon marinated with wasabi and orange, grilled aubergines with a homemade “poblano mole”, Yaki udon noodles etc)."
Spain,Santiago de Compostela,A Horta d'Obradoiro,Regional Cuisine,A moderate spend,2,"Hortas 16, Santiago de Compostela, 15705, Spain",+34 881 03 13 75,https://guide.michelin.com/en/galicia/santiago-de-compostela/restaurant/a-horta-d-obradoiro,"This impressively unique restaurant serves interesting cuisine while at the same time showcasing a part of Santiago’s rich history. Run by two chefs, it occupies a house dating back to 1690 which was once home to musicians from the nearby cathedral. It features a combination of contemporary and regional decor, a wine bar made from old beams, colourful details that are reminiscent of old beach huts, a conservatory-style room, plus a garden with a vegetable plot which is a real luxury in this part of the city. Carefully prepared and beautifully presented seasonal cuisine."
Spain,Santiago de Compostela,A Viaxe,Fusion,A moderate spend,2,"Praza do Matadoiro 3, Santiago de Compostela, 15704, Spain",+34 662 61 88 62,https://guide.michelin.com/en/galicia/santiago-de-compostela/restaurant/a-viaxe,"An unusual bistro-style restaurant located in a small square close to the centre of the city. The chef at the helm creates dishes that have the distinct feel of his native Peru, combined with influences he has amassed on his travels around the globe and less popular fish species sourced from the auction. Here, they say that “every dish is a journey”, hence the desire to explain the provenance of each one on the menu (Peru, Colombia, Ecuador, Galicia, Basque Country etc). The cuisine is focused around two menus: 7 Destinos and 9 Destinos. Given its small size, it is advisable to book ahead."
Spain,Santiago de Compostela,Abastos 2.0 - Mesas,Galician,A moderate spend,2,"Das Ameas 4, Santiago de Compostela, 15704, Spain",+34 654 01 59 37,https://guide.michelin.com/en/galicia/santiago-de-compostela/restaurant/ghalpon-abastos,"Situated next to the busy Mercado de Abastos, this restaurant is highly recommended for anyone looking for a memorable gastronomic experience. The ambience is modern, casual and informal, with a kitchen partially visible from the dining room and, in a demonstration of complete transparency, precise information on the provenance of ingredients and even the distance from suppliers. The modern cooking here is centred on a daily à la carte, that varies in line with market availability, and two menus (Do Mercado and Da Casa), with a focus on Galician culinary traditions and top-quality local fish and seafood. Given its popularity, we recommend booking ahead."
Spain,Santiago de Compostela,Anaco,Contemporary,A moderate spend,2,"Costa de San Domingos 2, Santiago de Compostela, 15703, Spain",+34 981 56 20 98,https://guide.michelin.com/en/galicia/santiago-de-compostela/restaurant/anaco,"We would all love a restaurant like this along our street! This pleasant eatery with its bare stone walls just a few steps from the Museo do Pobo Galego showcases the cuisine of Palencia-born chef Víctor Lobejón who, having trained in several renowned restaurants, followed his girlfriend to Santiago where he has opened his first solo venture. His personalised contemporary cooking gives pride of place to top-quality seasonal ingredients from Galicia on a concise à la carte that he explains in detail and always showcases seasonal Galician ingredients. We recommend booking ahead, allowing yourself time to visit the interesting wine cellar (it is run, as they like to say here, by a proper “wine waiter”) and ordering the #amesaposta menu, which changes daily and provides a splendid insight into his cuisine."
Spain,Santiago de Compostela,Asador Gonzaba,Meats and Grills,A moderate spend,2,"Nova de Abaixo 2, Santiago de Compostela, 15706, Spain",+34 981 59 48 74,https://guide.michelin.com/en/galicia/santiago-de-compostela/restaurant/asador-gonzaba,"If you’re looking for the best-quality meat, you’ll find it in this “asador” which immediately sets out its stall with its maturing cabinet clearly visible as you walk into the dining room. Facilities here include a pleasant bar by the entrance, classically furnished dining rooms, plus an attractive private space, in which you can choose from a traditional à la carte that focuses on different meats, in particular veal and Galician beef. You can also enjoy “churra” lamb (a Spanish breed) and grilled fish which varies according to market availability. The reasonably extensive wine list features a good selection of Galician wines."
Spain,Santiago de Compostela,Café de Altamira,Traditional Cuisine,A moderate spend,2,"Ameas 9, Santiago de Compostela, 15704, Spain",+34 981 55 85 92,https://guide.michelin.com/en/galicia/santiago-de-compostela/restaurant/cafe-de-altamira,"Its strapline, “the flavour of the market”, says it all! This friendly restaurant in the Pazo de Altamira hotel (with its own entrance and independent management) comes as a pleasant surprise with its decor of light bulbs hanging from the ceiling, unusual bottle racks and colourful tableware by Sargadelos, all of which create a rustic yet vintage feel. At its large tables designed for sharing, discover pleasantly updated traditional cooking with plenty of personality and a philosophy that showcases the flavours of Galician cuisine (we particularly enjoyed the lightly roasted mackerel with “ajoblanco” and cherry-ponzu tomato) both on the à la carte and its enticing menus (Ameas and Altamira, both are for groups only). The restaurant’s location right next to the busy food market also ensures that its ingredients are of the highest quality."
Spain,Santiago de Compostela,Con Culler,Farm to table,A moderate spend,2,"Nova de Abaixo 7, Santiago de Compostela, 15701, Spain",+34 881 56 25 39,https://guide.michelin.com/en/galicia/santiago-de-compostela/restaurant/con-culler,"Under this name, which we could translate as ""with a spoon"", we find a restaurant with a young atmosphere and minimalist aesthetics where the most striking feature is the open kitchen, right at the entrance and with a huge elongated table. The couple at the helm, with Estefanía Colmeiro in the kitchen and Uxío Fernández as maitre d', offers a fresh and modern cuisine based on Galician recipes and seasonal local products, to prepare dishes full of delicacy and flavour. Within its small menu, complemented by two set menus, there is a dish that has caught our attention for its different textures and temperatures, the combination of artichoke, prawn and foie gras."
Spain,Santiago de Compostela,Mar de Esteiro,Seafood,A moderate spend,2,"Lugar Ponte Sionlla, Santiago de Compostela, 15884, Spain",+34 981 88 80 57,https://guide.michelin.com/en/galicia/santiago-de-compostela/restaurant/mar-de-esteiro,"One of the best places for top-quality fish and seafood in Santiago. The success of this restaurant situated about 6km from Santiago is undoubtedly down to its superb ingredients, although the building itself is unique – the restaurant occupies an imposing renovated house which is a listed cultural monument. It also boasts an attractive garden with a summer terrace, a private bar and a number of contemporary-style dining rooms occupying what were once the bedrooms. Make sure you try the main speciality here (lobster with rice) as well as some of its popular stews (gurnard, brill, turbot, lobster with broad beans, plus spider crab in season)."
Spain,Sedella,El Chiringuito,Andalusian,A moderate spend,2,"Villa del Castillo, 24, Sedella, 29715, Spain",+34 601 99 55 59,https://guide.michelin.com/en/andalucia/sedella_1392070/restaurant/el-chiringuito,"Located around 60km from Málaga, in the Axarquía region, this is a restaurant that continues to gain a loyal following. It is situated in a mountain village where it occupies an unpretentious bar popular with locals. At the helm in the kitchen is young chef Víctor Hierrezuelo who has returned to his roots after studying hospitality and working in leading restaurants such as Arzak and Bardal. In this modest setting with a rustic and homely ambience that, for many years, was run by his grandparents, he has developed a local and regionally inspired à la carte that he has cleverly brought up to date (he also offers a tasting menu that requires advance booking). Although everything is excellent here, one standout dish was the unusually entitled dessert “Como decía Antonio, la misión del pobre... “as Antonio used to say, the poor man’s mission) which came as a pleasant surprise, so make sure you save space for this at the end of your meal."
Spain,Selva,Miceli,Traditional Cuisine,A moderate spend,2,"Àngels 11, Selva, 07313, Spain",+34 971 87 37 84,https://guide.michelin.com/en/islas-baleares/es-selva/restaurant/miceli,"A family-run restaurant with lots of personality that is as popular as ever with customers, occupying the charming stone house in which Miceli’s female chef was born. Taking its name from the filaments (mycelia) that mushrooms use to extract nutrients from the soil, it features delightful facilities, in particular the idyllic terrace, partially covered by a glass porch and boasting superb views. The chef enjoys passing from table to table to greet guests and to explain her updated take on traditional Mallorcan cuisine, which changes daily in line with market availability. Choose between the à la carte, the daily set menu, and several tasting menus."
Spain,Seville,Az-Zait,Contemporary,A moderate spend,2,"Plaza de San Lorenzo 1, Seville, 41002, Spain",+34 954 90 64 75,https://guide.michelin.com/en/andalucia/sevilla/restaurant/az-zait,"This restaurant, which takes its name from an Arabic word meaning ""olive juice"" (“aceite” is the Spanish word for “oil”), is constantly developing through its technical expertise and a strong conviction in all its dishes. It features two classic-style dining rooms in which to enjoy impeccable service, plus extra details such as its cheese and digestif trolleys (the latter is very extensive and unusual). Its concise à la carte of traditional and international dishes with modern touches is accompanied by two enticing tasting menus whose names highlight the different varieties of olive trees found in the Andalusian countryside: Lechín (7 courses) and Acebuche (9 courses)."
Spain,Seville,Balbuena y Huertas,Contemporary,A moderate spend,2,"San Jacinto 89, Seville, 41010, Spain",+34 955 44 20 81,https://guide.michelin.com/en/andalucia/sevilla/restaurant/balbuena-y-huertas,"An attractive restaurant in the heart of the city’s Triana district, where it occupies a beautiful building in regional style that is nowadays the Cavalta Boutique Hotel, but with its own independent entrance and a name that pays tribute to the architect who designed it. The cuisine here provides an updated take on regional dishes that always showcase seasonal Andalucian ingredients and is highlighted via the à la carte (featuring half-plate options and a small selection of rice dishes with wild mushrooms or “carillera” with a whisky sauce) and a tasting menu entitled Alegría."
Spain,Seville,Lalola de Javi Abascal,Traditional Cuisine,A moderate spend,2,"Marco Sancho 1, Seville, 41003, Spain",+34 633 45 71 62,https://guide.michelin.com/en/andalucia/sevilla/restaurant/lalola-de-javi-abascal,"Given its location in the 18C One Shot Palacio Conde de Torrejón hotel, this restaurant in Seville’s historic centre is easy to find. The restaurant, which has its own entrance to the side of the building and has its main dining room on an attractive covered patio, is run by a chef who prepares traditional cuisine with a contemporary touch. This is showcased on the à la carte and on an interesting tasting menu which is completely focused around Iberian pork (including the desserts!). Dishes you’ll find here include creamy rice with pig’s trotters and rice, “lagartito” of Iberian pork en papillote with cod, plus different types of game."
Spain,Suesa,Pan de Cuco,Farm to table,A moderate spend,2,"Barrio Calabazas 17, Suesa, 39150, Spain",+34 942 50 40 28,https://guide.michelin.com/en/cantabria/suesa/restaurant/pan-de-cuco,"This attractive large house by the main road boasts an unusual name (a type of sorrel that is found in fields of maize) and cuisine that comes as a pleasant surprise. It features a pleasant terrace, a gastro-bar with high tables perfect for tapas and raciones, plus a contemporary dining room with a rustic decor. The cooking here takes its inspiration from both the region and what’s in season, including top-quality local fish, delicious steak tartare, and tasty stews prepared with Pedresa chicken, a breed that is commonly known as “picasuelo” in Cantabria."
Spain,Sóller,Ca'n Boqueta,Regional Cuisine,A moderate spend,2,"Avenida de la Gran Via 43, Sóller, 07100, Spain",+34 971 63 83 98,https://guide.michelin.com/en/islas-baleares/soller/restaurant/ca%C2%B4n-boqueta,"Located in the centre of Sóller, one of Mallorca’s most picturesque towns, and easily accessible from Palma, including via the island’s historic train with its traditional wooden carriages. The restaurant occupies a typical Mallorcan house with an impeccable rustic decor and a particularly attractive rear patio with fine views of the valley and its famous orange groves. To this backdrop, owner-chef Kiko Martorell offers guests his updated and innovative take on Mallorcan cuisine that can be enjoyed on three constantly evolving tasting menus: a simpler offering served only at lunchtime and two more elaborate tasting menus, with four courses (plus appetisers) or the special nine-course menu."
Spain,Tarancón,La Martina,Traditional Cuisine,A moderate spend,2,"La Noria 8, Tarancón, 16400, Spain",+34 657 09 76 06,https://guide.michelin.com/en/castilla-la-mancha/tarancon/restaurant/la-martina,"Its owners describe La Martina as “a little gem”, an apt description given that this pretty restaurant occupies part of their own home! Situated in a residential district of chalets on the outskirts of Tarancón, this bright, charming restaurant is striking for its classic-contemporary decor which boasts numerous tasteful details and a predominantly white colour scheme. La Martina features an attractive dining room with a fireplace at one end, plus the Salón de Cristal, a pleasant glass-fronted porch. The cuisine has its roots in the region, reinterpreting the specialities of La Mancha through modern techniques and presentation."
Spain,Tariego de Cerrato,Casa Chesmy,Traditional Cuisine,A moderate spend,2,"Camino Hondo, Tariego de Cerrato, 34209, Spain",+34 627 52 05 80,https://guide.michelin.com/en/castilla-y-leon/tariego-de-cerrato/restaurant/casa-chesmy,"If you want to eat well and at a reasonable price, head to Casa Chesmy, a restaurant that has been in business for 20 years and is making a name for itself in the Cerrato region in the province of Palencia. Accessed via an attractive tree-shaded garden with an outdoor terrace, the three attractively appointed dining rooms have a rustic feel, one of which features an old kitchen as part of the decor. The traditional, home-style cooking here specialises in farm-reared pigeon and chicken – given that the owner has several dovecots, his own chicken farm, and a market garden that provides Casa Chesmy with many of its vegetables. A tranquil and pleasant experience!"
Spain,Tarragona,La Xarxa,Contemporary,A moderate spend,2,"de Sant Pere 38, Tarragona, 43004, Spain",+34 977 21 45 31,https://guide.michelin.com/en/catalunya/tarragona/restaurant/la-xarxa,"A restaurant that has been passed down from the parents to their children and, as a result, is enjoying a new lease of life! Despite this, its true essence, from its early days as a simple fishermen’s bar, remains. This impressively updated restaurant with huge round windows just a few metres from the port boasts a thoroughly modern à la carte with a nod to Asia (dumplings, Thai sauces etc) and an excellent choice of rice dishes. One of its unique features is that the chef’s father is himself a fisherman who has his own boat that he takes out every day, hence the quality and freshness of fish served here."
Spain,Tegueste,La Bola de Jorge Bosch,Traditional Cuisine,On a budget,1,"Lomo 18, Tegueste, 38280, Spain",+34 922 57 86 15,https://guide.michelin.com/en/canarias/tegueste/restaurant/la-bola-de-jorge-bosch,"This unique restaurant, which started life as a simple “guachinche” (an unassuming family eatery serving home cooking and its own home-produced wine) has remained faithful to its “gastro-guachinche” concept through this culinary venture in Tegueste. It features a spacious, rustically inspired yet elegant dining room, views of the sea and coast, and informal, contemporary and highly personal cuisine based around Canary Island ingredients. This is accompanied by a clear desire to reinvent the islands’ recipes, and dishes that are plentiful and copious. The à la carte, featuring unique options such as the burrata made with fresh milk from the island’s cows (served with tomatoes from the farmers’ market in Tegueste) and the pork cheek with the restaurant’s own Listan Negro wine, is complemented by two tasting menus (6 and 8 courses). The chillout zone here is also used for private events."
Spain,Terrassa,El Cel de les Oques,Modern Cuisine,A moderate spend,2,"De la Palla 15, Terrassa, 08221, Spain",+34 937 33 82 07,https://guide.michelin.com/en/catalunya/terrassa/restaurant/el-cel-de-les-oques,"A good location in a narrow pedestrianised street in Terrassa’s old quarter. The couple who own it (Imma is in charge of the dining room while Sergio mans the stoves) focus on updated traditional cuisine which, whenever possible, uses locally sourced organic ingredients and tries to revive long-forgotten recipes from local farms, albeit with a modern twist. The name of the restaurant, which translates literally as “the sky of the geese”, is an expression frequently used by Imma’s grandfather to describe anything that was “sublime”. Varied à la carte, set daily menu, plus an extensive seasonal tasting menu."
Spain,Terrassa,Vapor Gastronòmic,Regional Cuisine,On a budget,1,"De la Palla 15, Terrassa, 08221, Spain",+34 659 56 61 36,https://guide.michelin.com/en/catalunya/terrassa/restaurant/vapor-gastronomic,"Although the word “Vapor” (the Spanish for “steam”) automatically brings to mind the world of gastronomy, here, in a lively pedestrianised street in Terrassa’s old quarter, it is also used to pay tribute to the unusual industrial revolution that took place in Terrassa in the 19C, where steal transformed its textile industry and led to the town’s reputation as “the town of steam engines”. Behind the façade, you’ll find a pleasant brasserie-style eatery with an open-view kitchen, where the regionally inspired à la carte always champions locally produced and “zero-miles” ingredients. Make sure you enquire about the daily specials."
Spain,Tramacastilla de Tena,Lavedán,Regional Cuisine,A moderate spend,2,"Navero 19, Tramacastilla de Tena, 22663, Spain",+34 682 93 30 20,https://guide.michelin.com/en/aragon/tramacastilla-de-tena/restaurant/lavedan,"A restaurant with a rustic atmosphere that is considered a classic destination in the Valle de Tena. Occupying what was once a stable, it is now run by a young couple, with Sergio Sainz at the helm in the kitchen and Carla Frigolé in charge of the dining room. Lavedán has definitely moved with the times while retaining its full personality through its focus on the culinary traditions of the Aragonese Pyrenees area and its 'mountain gastronomy'. The cooking here is based around an updated take on local and regionally inspired dishes (their wild boar tongue in elderberry marinade won the award for Best Marinade in Spain at Madrid Fusión 2025), with a choice of ordering à la carte, a daily set menu called Chicorrón or a tasting menu called Borina en a val."
Spain,Tres Cantos,La Sartén,Fusion,A moderate spend,2,"Sector de los Pueblos 2, Tres Cantos, 28760, Spain",+34 918 03 17 51,https://guide.michelin.com/en/comunidad-de-madrid/tres-cantos/restaurant/la-sarten,"A unique, surprising and somewhat eclectic restaurant which, despite its young age, clearly demonstrates the chef’s passion for cooking. In the kitchen, chef Elena García conjures up a contemporary, fusion-inspired à la carte that introduces cooking from different parts of the world to the palate, from the recipes of Latin America to the sublime tastes of Spanish cuisine and the intense flavours of Asia. Media-raciones, plates for sharing and highly interesting dishes that don’t feature on the menu are also available. One dish that we enjoyed in particular was the mussels with a green curry sauce – a delicious fusion between Galicia and the exotic flavours of India."
Spain,Trujillo,Alberca,Contemporary,A moderate spend,2,"Victoria 8, Trujillo, 10200, Spain",+34 927 32 22 09,https://guide.michelin.com/en/extremadura/es-trujillo/restaurant/alberca,"Trujillo, commonly known as the town of the conquistadors, reveals a new side to itself if you visit this stone mansion, located in the heart of the old town. The restaurant, which has taken on a new lease of life having passed down a generation, has been modernised and surprises guests with a delightful terrace on an internal patio, where dinner is usually served. Here they prepare traditional Extremaduran cuisine with contemporary innovative touches, in which oak embers are the undisputed stars of the show. It is no surprise that chef Mario Clemente worked for nearly a year at the legendary and award-winning Etxebarri grill (Axpe). They offer an à la carte service and three fantastic tasting menus: 'Brasas', 'Humo' and 'Ceniza'. The chef often stops by the tables and interacts with diners!"
Spain,Ulldecona,Bistró Amunt,Traditional Cuisine,On a budget,1,"Barri Castell, Ulldecona, 43550, Spain",+34 604 97 47 44,https://guide.michelin.com/en/catalunya/ulldecona/restaurant/espacio-amunt,"With this bistro, located on the upper floor of the award-winning L'Antic Molí and with its own entrance, chef Vicent Guimerà diversifies the business by offering something that reflects the essence of his cuisine but in a more informal way. The proposal, with tradition at its core but with modern touches, revolves around a set menu with a choice of main course (there is also another, with the same offer, which includes two glasses of wine). The cuisine continues to be built from a focus on the seasonal produce of Terres de l'Ebre, Terres del Sénia and Parc Natural dels Ports. Among the dishes you will find stuffed peppers with aurora sauce, cabbage trinxat with pork belly, crispy rice with rabbit, lamb with shitake, shimejis and pumpkin, and more."
Spain,Urdaitz,Origen,Contemporary,On a budget,1,"Carretera N 135, Urdaitz, 31698, Spain",+34 948 30 41 09,https://guide.michelin.com/en/comunidad-foral-de-navarra/urdaitz/restaurant/origen-1202542,"Located on the ground floor of an old stone building (the same one that houses the two-Michelin-star El Molino de UrdÁniz), Origen showcases the cooking of award-winning chef David Yárnoz, albeit in a much more informal and relaxed format. Directly accessed from the street, it features a rustic-contemporary dining room, bare wood tables and a fixed-price menu (where you choose a starter, main course and dessert), including dishes such as the delicious glazed and baked organic trout with pickled beetroot and parsnips, that adopts a contemporary take on traditional and regional dishes. The continual focus here is on seasonal and locally sourced ingredients, with the option of ordering half-portions."
Spain,Val de San Lorenzo,La Lechería,Traditional Cuisine,A moderate spend,2,"La Lechería 1, Val de San Lorenzo, 24717, Spain",+34 987 63 50 73,https://guide.michelin.com/en/castilla-y-leon/val-de-san-lorenzo/restaurant/la-lecheria,"Famous for its artisanal blankets and bedspreads, Val de San Lorenzo is a small village just a few kilometres from Astorga in the heart of the Maragatería region in the province of León. This restaurant, occupying an old stone house that was once used as a dairy (hence its name), boasts a decidedly rustic yet meticulous decor which provides the backdrop for an à la carte of traditionally based cooking (cured meat croquettes; “false” duck risotto with wild mushrooms; pistachio biscuit with raspberry mousse and lemon ice-cream etc), impressively complemented by a tasting menu (served to the whole table) and its famous “Cocido Maragato” stew (available by pre-order only). You’ll also find a handful of cosy guestrooms and, in a nod to local history, a loom that is over 300 years old. If you have time, make sure you visit the local textile museum, the Batán Museo."
Spain,Valencia,2 Estaciones,Mediterranean Cuisine,A moderate spend,2,"Pintor Salvador Abril 28, Valencia, 46005, Spain",+34 963 03 46 70,https://guide.michelin.com/en/comunidad-valenciana/valencia/restaurant/2-estaciones,"Sometimes referred to as the Valencia’s Soho, the Ruzafa district has developed into one of the most interesting areas for food in the city. The district is home to 2 Estaciones, a restaurant now run by Alberto Alonso and Mar Soler, a couple who are both chefs and business partners in this exciting project. The informal bistro-style restaurant comprises a large bar, an open-view kitchen and some striking tables (covered with tablecloths) made from the legs of old sewing machines. The menu features seasonal Mediterranean cuisine including contemporary-style dishes and a choice of set menus."
Spain,Valencia,Memoria Gustativa,Modern Cuisine,A moderate spend,2,"Conde de Altea 43, Valencia, 46005, Spain",+34 963 14 45 51,https://guide.michelin.com/en/comunidad-valenciana/valencia/restaurant/memoria-gustativa,"You’ll soon realise that this is a typical “taberna” but with a difference – something that they are keen to emphasise on the windows of the front door. This eatery, with a bar at the entrance and a simply furnished dining room to the rear, is run by Javier Vega and Blanca Martínez, two cooks (and a couple) who have previously worked in prestigious restaurants such as DSTAgE (Madrid). Their cuisine is centred around taste memories from the past which aims to pay loyal homage to classic bar and “tasca” dishes, while at the same time reinterpreting these from a more contemporary gastronomic perspective and a focus on technique and creativity. The proposal, featuring surprising and delicate dishes such as potato, egg and onion (which looks like a flan), is available in two tasting menús: Olvido and Huella."
Spain,Valladolid,La Cocina de Manuel,Traditional Cuisine,A moderate spend,2,"Álvarez Taladriz 4, Valladolid, 47007, Spain",+34 983 02 35 51,https://guide.michelin.com/en/castilla-y-leon/valladolid/restaurant/la-cocina-de-manuel,"Boneless pig's trotters and sweet potato curry cream; gyoza stuffed with pancetta and prawns, with Cantonese sauce and Chinese chives; grilled Iberian pork with sour apple cream, candied endive and demi-glace... This restaurant, located near the Plaza de Toros, continues to win over visitors and fill up every day. The restaurant, with a classic-contemporary atmosphere not bereft of a certain elegance, is expertly run by Manuel Soler and Esther Ovejero, with Manuel in the kitchen and Esther emanating kindness in the various dining areas (including the bar). What's on offer? Traditional cuisine with modern touches and a hint of fusion, often enriched with different daily specials announced at the table."
Spain,Vera,Terraza Carmona,Regional Cuisine,A moderate spend,2,"Del Mar 1, Vera, 04620, Spain",+34 950 39 07 60,https://guide.michelin.com/en/andalucia/vera/restaurant/terraza-carmona,"A third-generation, family-run restaurant that has always shone a light on the gastronomic traditions of Almería, a fact highlighted and recognised by a statue of its founder Antonio Carmona Gallardo, on one side of the street. Occupying the hotel of the same name, it features a pleasant bar with a food display counter, a regionally inspired dining room, plus an attractive terrace. The extensive, traditionally focused à la carte features dishes from the region, grilled meats, fresh fish and seafood, daily specials, along with an appetising set menu. Unpretentious yet meticulously prepared cuisine based around top-quality ingredients."
Spain,Vigo,Casa Marco,Traditional Cuisine,A moderate spend,2,"Avenida García Barbón 123, Vigo, 36201, Spain",+34 986 22 51 10,https://guide.michelin.com/en/galicia/vigo/restaurant/casa-marco,"A particularly interesting option if you’re looking for elaborate traditional cuisine as an alternative to the usual fish and seafood on offer in the area. In addition, the restaurant has a classic, contemporary-style elegance, with a striking dining room to the rear which boasts a large window offering views of the chef at work in the kitchen. The à la carte features a good choice of meats (including IGP Castilla y León lamb), along with some rice dishes, fish straight from the market, and mouth-watering specialities such as baked loin of cod with onions and “panadera” potatoes, fried milk “dados” with orange on light Amaretto-flavoured natillas custard, and the baked local cheesecake with galleta biscuits."
Spain,Vigo,Enxebre,Contemporary,A moderate spend,2,"Cuba 26, Vigo, 36204, Spain",+34 986 02 86 78,https://guide.michelin.com/en/galicia/vigo/restaurant/enxebre,"The first thing that draws you to this restaurant, where the Galician name translates as something that is pure, authentic and genuine, is that it is run by a young couple, chefs Marcos Rodríguez and Patricia Uceda, the former from Vigo itself, the latter from Toledo. This modern space, laid out on two floors and boasting a semi-open-view kitchen, also has a bar counter where guests can dine while watching the chefs hard at work. The contemporary inspired à la carte showcases plenty of technical prowess through signature tapas such as the “cocido stew doughnut” and Enxebre’s own version of a cockle empanada, and is complemented by two tasting menus (Xenuíno and Xeitoso). Make sure you try the creamy cheesecake (which you can also order to take away)."
Spain,Vigo,Morrofino,Modern Cuisine,A moderate spend,2,"Serafín Avendaño 4-6, Vigo, 36201, Spain",+34 698 11 94 77,https://guide.michelin.com/en/galicia/vigo/restaurant/morrofino,"A restaurant-cum-taberna that continues to win over foodies, where the simple urban ambience comes as a pleasant surprise. Here, the chef is keen for the open-view kitchen behind the bar to take centre stage, creating exciting, technically adept and contemporary dishes with a creative twist and a street-food feel, while at the same time respecting traditional flavours. The à la carte offers dishes to share, backed up by two tastings menus (Origen and Morrofino) and attractive culinary creations that occasionally showcase interesting, internationally inspired fusions. We were particularly surprised and impressed by the smoked butter croquette with prawns and garlic."
Spain,Vilafranca del Penedès,El Cigró d'Or,Regional Cuisine,On a budget,1,"Plaça de l'Oli 1, Vilafranca del Penedès, 08720, Spain",+34 938 90 56 09,https://guide.michelin.com/en/catalunya/vilafranca-del-penedes/restaurant/el-cigro-d-or,"A restaurant with a somewhat surprising location on the second floor of the Mercat de la Carn, hence the guaranteed quality and freshness of its ingredients and produce. Choose between the dining room and a bar counter from where guests can view the live action in the kitchen. In the latter, chef Oriol Llavina’s focus is on an updated take on Catalan cuisine with a constant desire to showcase locally sourced ingredients. The focus midweek is on two set menu options (a daily menu on which you can still choose dishes, and the more elaborate Menú del Cigró), with a switch to more à la carte-style service at the weekend. Make sure you try the exquisite cannelloni (Canelons del Cigró) and the rice with cuttlefish and red prawns."
Spain,Vilamarí,Can Boix,Regional Cuisine,A moderate spend,2,"Carretera de Banyoles a l'Escala, Vilamarí, 17468, Spain",+34 608 21 80 18,https://guide.michelin.com/en/catalunya/vilamari/restaurant/can-boix,"Are you in the mood for genuine Catalan cuisine? In this cosy family restaurant, on the roadside and with stone walls, they offer the authenticity you're looking for, because the best thing about rural businesses is that they tend to shun the superfluous and build on honesty. The Boix brothers (Jordi and Albert), through their menu and a weekly set menu that evolves with the season, are firmly committed to traditional sea and mountain stews, meats grilled over a natural wood fire and, above all, the preparation of some truly exquisite rice dishes for two (there is even a vegan one). They also offer takeaway food!"
Spain,Villalba de la Sierra,Mesón Nelia,Contemporary,A moderate spend,2,"Carretera Cuenca-Tragacete, Villalba de la Sierra, 16140, Spain",+34 969 28 10 21,https://guide.michelin.com/en/castilla-la-mancha/villalba-de-la-sierra/restaurant/meson-nelia,"A restaurant with a good name in the local area, as the trade has been passed down from father to son for three generations. It boasts a good dining room, with fireplace, and a huge hall for events. Chef Javier Herráiz proposes an update to traditional Cuenca cuisine, always giving special prominence to stews and venison. On the à la carte you will find dishes such as a small glass of ajo arriero with apricot, cod with La Mancha ratatouille, or venison loin with pepper. Situated on the banks of the Júcar River, the setting is extremely attractive too, and they also manage four rural holiday homes!"
Spain,Villanueva de la Serena,Macarraca,Traditional Cuisine,A moderate spend,2,"Navegante Juan Patiño 78, Villanueva de la Serena, 06700, Spain",+34 613 09 52 91,https://guide.michelin.com/en/extremadura/villanueva-de-la-serena_1448463/restaurant/macarraca,"Under this intriguing name, which is a celebration of an almost forgotten dish from Extremadura, this simple restaurant attempts to revive traditional regional flavours from a modern perspective. The young duo at the helm, Josemi Martínez and Mercedes Rincón, are embarking on their own personal project here after working in some of the finest establishments, some even outside Spain. Both chefs, who throughout their careers have always been ambassadors for the products of their home region, uphold traditional Extremaduran recipes using modern techniques and the best local seasonal produce, bringing them to our palates through their à la carte menu and two tasting menus (Corto and Festival). Standout dishes? Don't miss the unique grilled Extremaduran ensaimada, the boneless Verato-Retinto kid and, above all, their multi-award-winning smoked cheese tart."
Spain,Villarrobledo,Azafrán,Regional Cuisine,A moderate spend,2,"Avenida Reyes Católicos 71, Villarrobledo, 02600, Spain",+34 967 14 52 98,https://guide.michelin.com/en/castilla-la-mancha/villarrobledo/restaurant/azafran,"This restaurant is guaranteed to please given the ability of chef Teresa Gutiérrez, who is also an ambassador for saffron from La Mancha, to combine the region’s strong flavours with contemporary techniques and an unmistakeable touch of femininity, unsurprising given that the team is 100% female! The à la carte, with its focus on contemporary regional cuisine, is complemented by two interesting menus, including a more extensive tasting option. Artisanal bread, Manchego cheeses and game (in season) also feature, alongside the chef’s mouthwatering array of desserts."
Spain,Xinorlet,Elías,Grills,A moderate spend,2,"Rosers 7, Xinorlet, 03649, Spain",+34 966 97 95 17,https://guide.michelin.com/en/comunidad-valenciana/xinorlet/restaurant/elias,"A restaurant with a long family history that has manged to change with the times without losing touch with its roots. Located in the centre of the village, its discreet façade conceals a pleasantly renovated interior with a contemporary feel, including a glass-fronted wine cellar and an open-view grill. The most admirable features here are the respect shown for traditional regional recipes and its cooking methods, with many dishes grilled over the embers in time-honoured fashion. Rice dishes are its speciality (the rice with rabbit and snails is particularly impressive), although it also offers typical recipes such as roasted almonds and “gachamiga”, a typical local dish."
Spain,Zafra,Acebuche,Fusion,A moderate spend,2,"Santa Marina 3, Zafra, 06300, Spain",+34 924 55 33 20,https://guide.michelin.com/en/extremadura/zafra/restaurant/acebuche,"Located in the part of town most popular with tourists, this restaurant is a leading name in Zafra’s culinary heritage. Now completely renovated, it has taken on a new lease of life in the hands of the couple running it. Carmen and Javo, who met at the one-Michelin-star El Invernadero in Madrid, decided to head off on their own and, in so doing, transformed the cuisine on offer here, skilfully combining the cooking of Extremadura with that of Argentina in a nod to their respective origins. Only one concise menu is available, although medias raciones are also an option."
Spain,Zarautz,Masta,Contemporary,A moderate spend,2,"Azara 1, Zarautz, 20800, Spain",+34 943 03 17 22,https://guide.michelin.com/en/pais-vasco/zarautz_1420514/restaurant/masta,"Behind the name, a Basque term for the mast of a ship, you will find a tremendously honest establishment that seeks to pay homage to Basque-Navarrese cuisine. The simple premises, in a pedestrianised street just a few steps from the beach, has been conceived as a contemporary eatery, with the soul of a bistro, where seasonal produce and market cuisine are the clear signs of identity, working regularly with small producers and fishermen from the area. Interesting fact: During dinner, the tables are decorated with candles in bottles, creating a cosy atmosphere."
Spain,Úbeda,Cantina La Estación,Contemporary,A moderate spend,2,"Cuesta Rodadera 1, Úbeda, 23400, Spain",+34 655 43 33 84,https://guide.michelin.com/en/andalucia/ubeda/restaurant/cantina-la-estacion,"Although located slightly away from the historic centre, this authentic “cantina” full of surprises is well worth the journey! It features a simple tapas bar in the style of an old railway station, which leads to the dining room, the latter imitating the interior of an old train carriage. The couple in charge, Montserrat and Antonio José, focus on contemporary seasonal cuisine, with the intention of always enhancing what they offer with artisanal breads, a small selection of olive oils, an enticing tasting menu and at least one different stew every day (there are also off-menu suggestions). The reasonably extensive and varied wine list adds to its appeal."
