Edition,Name,Locality,Listing_Type
2014,Al Quimia,Albufeira,award winner
2014,Arcadas,Coimbra,award winner
2014,Belcanto,Lisboa,award winner
2014,Boi na Brasa,Cascais,award winner
2014,Casa Mateus,Sesimbra,award winner
2014,Cato,Aljezur,award winner
2014,Cozinha da Terra,Paredes,award winner
2014,DOC,Armamar,award winner
2014,Degust’AR,Evora,award winner
2014,Eleven,Lisboa,award winner
2014,Enoteca Cartuxa,Evora,award winner
2014,Feitoria,Lisboa,award winner
2014,Ferrugem,Vila Nova De Famalicao,award winner
2014,Fialho,Evora,award winner
2014,Flor de Sal,Mirandela,award winner
2014,Fortaleza do Guincho,Cascais,award winner
2014,Henrique Leis,Loule,award winner
2014,Hool,Guimaraes,award winner
2014,Il Gallo D'Oro,Funchal,award winner
2014,L'AND Vineyards Restaurante,Montemor O Novo,award winner
2014,MARE - Restaurante & Gin Bar,Vagos,award winner
2014,O Barão,Alijo,award winner
2014,O Cortiço,Viseu,award winner
2014,O Talho,Lisboa,award winner
2014,Ocean,Lagoa Algarve,award winner
2014,Pequeno Mundo,Loule,award winner
2014,Solar dos Presuntos,Lisboa,award winner
2014,São Gião,Guimaraes,award winner
2014,The Yeatman,Vila Nova De Gaia,award winner
2014,Vila Joya,Albufeira,award winner
2015,A Cevicheria,Lisboa,award winner
2015,Arcadas,Coimbra,award winner
2015,Areias do Seixo,Torres Vedras,award winner
2015,Bastardo,Lisboa,award winner
2015,Belcanto,Lisboa,award winner
2015,Boi-Cavalo,Lisboa,award winner
2015,Cantina 32,Porto,award winner
2015,Cantinho do Avillez,Porto,award winner
2015,Casa de Chá da Boa Nova,Matosinhos,award winner
2015,Casta 85,Alenquer,award winner
2015,Cozinha da Terra,Paredes,award winner
2015,Degust’AR,Evora,award winner
2015,Dourum,Vila Nova De Gaia,award winner
2015,Egoísta,Povoa De Varzim,award winner
2015,Eleven,Lisboa,award winner
2015,Encosta da Muralha,Castelo Branco,award winner
2015,Feitoria,Lisboa,award winner
2015,Ferrugem,Vila Nova De Famalicao,award winner
2015,Fialho,Evora,award winner
2015,Fio D'Azeite,Aljustrel,award winner
2015,Fortaleza do Guincho,Cascais,award winner
2015,Frida - Cocina Mestiza,Porto,award winner
2015,G Pousada Restaurante,Braganca,award winner
2015,Henrique Leis,Loule,award winner
2015,Il Gallo D'Oro,Funchal,award winner
2015,Incomum by Luis Santos,Sintra,award winner
2015,L'AND Vineyards Restaurante,Montemor O Novo,award winner
2015,Largo do Paço,Amarante,award winner
2015,Marisco na Praça,Cascais,award winner
2015,Mesa de Lemos,Viseu,award winner
2015,Ocean,Lagoa Algarve,award winner
2015,Pedro Lemos,Porto,award winner
2015,Pequeno Mundo,Loule,award winner
2015,Reitoria,Porto,award winner
2015,Restaurante do Lousada Country Hotel,Lousada,award winner
2015,Santa Maria,Funchal,award winner
2015,São Gião,Guimaraes,award winner
2015,Tapas Bar,Figueira Da Foz,award winner
2015,Tasca das Tias,Angra Do Heroismo,award winner
2015,The Yeatman,Vila Nova De Gaia,award winner
2015,Vallecula,Guarda,award winner
2015,Vila Joya,Albufeira,award winner
2015,À Terra Praia Verde,Castro Marim,award winner
2016,1300 Taberna,Lisboa,full guide listing
2016,1858 BB Gourmet Criativo,Porto,full guide listing
2016,2 Passos,Loule,full guide listing
2016,3 Pipos,Tondela,full guide listing
2016,7 à 7,Moncao,full guide listing
2016,A Azenha do Mar,Odemira,full guide listing
2016,A Barca - Tranquitanas,Odemira,full guide listing
2016,A Bolota,Elvas,full guide listing
2016,A Cabana,Esposende,full guide listing
2016,A Cadeia Quinhentista,Estremoz,full guide listing
2016,A Carvalheira,Ponte De Lima,full guide listing
2016,A Cavalariça,Castro Verde,full guide listing
2016,A Celeste,Nazare,full guide listing
2016,A Cevicheria,Lisboa,full guide listing
2016,A Charrette,Monchique,full guide listing
2016,A Comidinha,Lagos,full guide listing
2016,A Cozinha do Manel,Porto,full guide listing
2016,A Escola,Alcacer Do Sal,full guide listing
2016,A Esquina,Barrancos,full guide listing
2016,A Estrela da Mó,Vila Nova De Poiares,full guide listing
2016,A Lareira,Mogadouro,full guide listing
2016,A Luciana,Oliveira De Frades,full guide listing
2016,A Lúria,Tomar,full guide listing
2016,A Maria,Alandroal,full guide listing
2016,A Marisqueira Ribamar,Mafra,full guide listing
2016,A Moagem,Montemor O Velho,full guide listing
2016,A Taberna,Coimbra,full guide listing
2016,A Talha,Chaves,full guide listing
2016,A Talha de Azeite,Grandola,full guide listing
2016,A Tulha,Ponte De Lima,full guide listing
2016,Abrigo do Pastor,Santa Cruz,full guide listing
2016,Adega Faustino,Chaves,full guide listing
2016,Adega Monhé,Santa Maria Da Feira,full guide listing
2016,Adega Popular,Fafe,full guide listing
2016,Adega Regional Sete Condes,Mondim De Basto,full guide listing
2016,Adega Típica 25 de Abril,Beja,full guide listing
2016,Adega Velha,Mourao,full guide listing
2016,Adega de São Mateus,Angra Do Heroismo,full guide listing
2016,Adega de São Nicolau,Porto,full guide listing
2016,Adega do Albertino,Caldas Da Rainha,full guide listing
2016,Adega do Sossego,Melgaco,full guide listing
2016,Adega dos Frades,Batalha,full guide listing
2016,Afonso,Mora,full guide listing
2016,Aidé,Pacos De Ferreira,full guide listing
2016,Aki-D'el-Mar,Nazare,full guide listing
2016,Al Quimia,Albufeira,full guide listing
2016,Alabote,Ribeira Grande,full guide listing
2016,Alentejo,Mertola,full guide listing
2016,Alentejo.Come,Amadora,full guide listing
2016,Alma,Lisboa,full guide listing
2016,Almourol,Vila Nova Da Barquinha,full guide listing
2016,Alquimia,Covilha,full guide listing
2016,Anfiteatro,Ponta Delgada,full guide listing
2016,Antiga Casa Marítima,Almada,full guide listing
2016,Antiqvvm,Porto,full guide listing
2016,António Padeiro,Alcobaca,full guide listing
2016,Aqui Há Peixe,Lisboa,full guide listing
2016,Aquário Marisqueira d'Espinho,Espinho,full guide listing
2016,Arcadas,Coimbra,full guide listing
2016,Arcoense,Braga,full guide listing
2016,Areias do Seixo,Torres Vedras,full guide listing
2016,Arola,Sintra,full guide listing
2016,Arte & Sal,Sines,full guide listing
2016,Astória,Porto,full guide listing
2016,Augusta,Braga,full guide listing
2016,B&G,Grandola,full guide listing
2016,B&G Vilalara Thalassa Resort,Lagoa Algarve,full guide listing
2016,BH Foz,Porto,full guide listing
2016,Barão Fladgate,Vila Nova De Gaia,full guide listing
2016,Bastardo,Lisboa,full guide listing
2016,Beef & Wines,Funchal,full guide listing
2016,Belcanto,Lisboa,full guide listing
2016,Belos Aires,Porto,full guide listing
2016,Bem-Me-Quer,Braga,full guide listing
2016,Berne,Manteigas,full guide listing
2016,Bistro 100 Maneiras,Lisboa,full guide listing
2016,Bistrô4,Lisboa,full guide listing
2016,Bocados Restaurante,Ponte De Lima,full guide listing
2016,Boi-Cavalo,Lisboa,full guide listing
2016,Bon Bon,Lagoa Algarve,full guide listing
2016,Bovino Steakhouse,Loule,full guide listing
2016,Brasa,Macedo De Cavaleiros,full guide listing
2016,Cabicanca,Aguiar Da Beira,full guide listing
2016,Cafeína,Porto,full guide listing
2016,Café Alentejo,Evora,full guide listing
2016,Café de São Bento,Lisboa,full guide listing
2016,Cais da Estação,Sines,full guide listing
2016,Cais da Villa,Vila Real,full guide listing
2016,Cais de Angra,Angra Do Heroismo,full guide listing
2016,Calça Curta,Carrazeda De Ansiaes,full guide listing
2016,Camelo,Viana Do Castelo,full guide listing
2016,Camelo,Seia,full guide listing
2016,Cancela Velha,Marco De Canaveses,full guide listing
2016,Caneiro,Cabeceiras De Basto,full guide listing
2016,Cantarinha do Guadiana,Vila Real De Santo Antonio,full guide listing
2016,Cantiflas,Sao Joao Da Pesqueira,full guide listing
2016,Cantina 32,Porto,full guide listing
2016,Cantinho do Antigamente,Terras De Bouro,full guide listing
2016,Cantinho do Avillez,Porto,full guide listing
2016,Cantinho do Avillez,Lisboa,full guide listing
2016,Canto dos Sabores,Vendas Novas,full guide listing
2016,Capriola,Golega,full guide listing
2016,Cardo,Evora,full guide listing
2016,Carvalho,Chaves,full guide listing
2016,Casa Arouquesa,Viseu,full guide listing
2016,Casa Cristininha,Santo Tirso,full guide listing
2016,Casa D'oro,Porto,full guide listing
2016,Casa D’Armas,Viana Do Castelo,full guide listing
2016,Casa Gallega,Oeiras,full guide listing
2016,Casa Mateus,Sesimbra,full guide listing
2016,Casa Mattos,Estarreja,full guide listing
2016,Casa Ti'Augusta,Proenca A Nova,full guide listing
2016,Casa Velha,Loule,full guide listing
2016,Casa Velha do Palheiro,Funchal,full guide listing
2016,Casa da Caínha,Mondim De Basto,full guide listing
2016,Casa da Dízima,Oeiras,full guide listing
2016,Casa da Nora,Leiria,full guide listing
2016,Casa da Ínsua,Penalva Do Castelo,full guide listing
2016,Casa das Velhas,Vila Nova De Cerveira,full guide listing
2016,Casa de Chá da Boa Nova,Matosinhos,full guide listing
2016,Casa de Pasto,Lisboa,full guide listing
2016,Casa de Pasto da Palmeira,Porto,full guide listing
2016,Casa de Souto Velho,Chaves,full guide listing
2016,Casa do Lago,Loule,full guide listing
2016,Cascata Restaurante Típico,Abrantes,full guide listing
2016,Casinha Velha,Leiria,full guide listing
2016,Casta 85,Alenquer,full guide listing
2016,Castas e Pratos,Peso Da Regua,full guide listing
2016,Castro da Cola,Ourique,full guide listing
2016,Cave 23,Lisboa,full guide listing
2016,Cella Bar,Madalena,full guide listing
2016,Cervejaria Brasão Aliados,Porto,full guide listing
2016,Cervejaria Ramiro,Lisboa,full guide listing
2016,Chalet Vicente,Funchal,full guide listing
2016,Chapitô à Mesa,Lisboa,full guide listing
2016,Chaxoila Casa de Pasto,Vila Real,full guide listing
2016,Chez Daniel,Santiago Do Cacem,full guide listing
2016,Chico Elias,Tomar,full guide listing
2016,Chá com Água Salgada,Vila Real De Santo Antonio,full guide listing
2016,Cimas,Cascais,full guide listing
2016,Cinta d'Ouro,Freixo De Espada A Cinta,full guide listing
2016,Colmeia,Guarda,full guide listing
2016,Come Prima,Lisboa,full guide listing
2016,Convento de Belmonte Gourmet,Belmonte,full guide listing
2016,Costa do Sol,Vila Pouca De Aguiar,full guide listing
2016,Costa do Vez,Arcos De Valdevez,full guide listing
2016,Cosy,Braga,full guide listing
2016,Cova da Loba,Celorico Da Beira,full guide listing
2016,Cozinha Típica do Montemuro - Mezio,Castro Daire,full guide listing
2016,Cozinha da Terra,Paredes,full guide listing
2016,Cozinha do Caracol,Angra Do Heroismo,full guide listing
2016,Cruel,Porto,full guide listing
2016,Cruz Sobral,Braga,full guide listing
2016,Cêpa Torta,Alijo,full guide listing
2016,D. Roberto,Braganca,full guide listing
2016,DOC,Armamar,full guide listing
2016,DOP,Porto,full guide listing
2016,Degust’AR,Evora,full guide listing
2016,Divinus,Evora,full guide listing
2016,Dom Joaquim,Evora,full guide listing
2016,Dom José,Bombarral,full guide listing
2016,Dom Júlio,Vila Nova De Cerveira,full guide listing
2016,Dom Sesnando,Penela,full guide listing
2016,Don Garfo,Guarda,full guide listing
2016,Dona Bia,Alcacer Do Sal,full guide listing
2016,Dona Ferreirinha,Castelo Branco,full guide listing
2016,Dona Isilda,Palmela,full guide listing
2016,Dona Júlia,Braga,full guide listing
2016,Dona Lurdes,Maia,full guide listing
2016,Dona Mafalda,Guimaraes,full guide listing
2016,Douro à Vista,Resende,full guide listing
2016,Dourum,Vila Nova De Gaia,full guide listing
2016,Duque de Caminha,Caminha,full guide listing
2016,Dux - Petiscos & Vinhos,Coimbra,full guide listing
2016,Dóri,Ilhavo,full guide listing
2016,Egoísta,Povoa De Varzim,full guide listing
2016,El Olivo,Braga,full guide listing
2016,Eleven,Lisboa,full guide listing
2016,Elvira,Braga,full guide listing
2016,Encosta da Muralha,Castelo Branco,full guide listing
2016,Espalha Brasas,Borba,full guide listing
2016,Esplanada Marisqueira A Antiga,Matosinhos,full guide listing
2016,Estoril Mandarim,Cascais,full guide listing
2016,Estórias na Casa da Comida,Lisboa,full guide listing
2016,Fajã dos Padres,Camara De Lobos,full guide listing
2016,Faro e Benfica,Faro,full guide listing
2016,Feitiço da Moura,Reguengos De Monsaraz,full guide listing
2016,Feitoria,Lisboa,full guide listing
2016,Ferrugem,Vila Nova De Famalicao,full guide listing
2016,Fialho,Evora,full guide listing
2016,Fio D'Azeite,Aljustrel,full guide listing
2016,Flor de Sal,Mirandela,full guide listing
2016,Flor de Sal,Entroncamento,full guide listing
2016,Flor do Ave,Trofa,full guide listing
2016,Florian,Loule,full guide listing
2016,Florêncio,Guimaraes,full guide listing
2016,Flow Restaurant & Bar,Porto,full guide listing
2016,Fonte Cuisine,Lajes Do Pico,full guide listing
2016,Foral de Melgaço,Melgaco,full guide listing
2016,Forneria São Pedro,Vila Nova De Gaia,full guide listing
2016,Fornos de Lava,Velas,full guide listing
2016,Fortaleza do Guincho,Cascais,full guide listing
2016,Furnas do Guincho,Cascais,full guide listing
2016,Fusion,Loule,full guide listing
2016,G Pousada Restaurante,Braganca,full guide listing
2016,Gadanha Mercearia e Restaurante,Estremoz,full guide listing
2016,Galeria do Largo,Porto,full guide listing
2016,Gambrinus,Lisboa,full guide listing
2016,Gavius,Condeixa A Nova,full guide listing
2016,Genuíno,Horta,full guide listing
2016,Gigi's,Loule,full guide listing
2016,Gilão,Tavira,full guide listing
2016,Gusto by Heinz Beck,Loule,full guide listing
2016,Henrique Leis,Loule,full guide listing
2016,Herdade dos Grous,Beja,full guide listing
2016,Hool,Guimaraes,full guide listing
2016,Ignácio,Braga,full guide listing
2016,Il Gallo D'Oro,Funchal,full guide listing
2016,Incomum by Luis Santos,Sintra,full guide listing
2016,Jesus é Goês,Lisboa,full guide listing
2016,Jorge do Peixe,Loule,full guide listing
2016,Kalifa OK,Mogadouro,full guide listing
2016,Kanazawa,Lisboa,full guide listing
2016,L'AND Vineyards Restaurante,Montemor O Novo,full guide listing
2016,LAB by Sergi Arola,Sintra,full guide listing
2016,LOCO,Lisboa,full guide listing
2016,La Cigale,Albufeira,full guide listing
2016,Lapa,Lisboa,full guide listing
2016,Largo do Paço,Amarante,full guide listing
2016,Lindolfo,Oliveira De Azemeis,full guide listing
2016,Lisbonense,Caldas Da Rainha,full guide listing
2016,Luar da Foia,Monchique,full guide listing
2016,Lá em Casa,Gouveia,full guide listing
2016,Madre de Água,Gouveia,full guide listing
2016,Malhadinha Nova,Beja,full guide listing
2016,Manuel Azinheirinha,Montemor O Novo,full guide listing
2016,Manuel Júlio,Mealhada,full guide listing
2016,Mar do Inferno,Cascais,full guide listing
2016,Maria Pia,Cascais,full guide listing
2016,Maria Rita,Mirandela,full guide listing
2016,Maria do Carmo,Vila Real,full guide listing
2016,Mariana,Viana Do Castelo,full guide listing
2016,Marinheiro,Povoa De Varzim,full guide listing
2016,Marisco na Praça,Cascais,full guide listing
2016,Marisqueira O Barqueiro,Funchal,full guide listing
2016,Marisqueira Os Fialhos,Tavira,full guide listing
2016,Marisqueira Rui,Silves,full guide listing
2016,Maré Alta - Peixe & Mariscos,Machico,full guide listing
2016,Marégrafo,Figueira Da Foz,full guide listing
2016,Mercado à Mesa,Santiago Do Cacem,full guide listing
2016,Mesa de Lemos,Viseu,full guide listing
2016,Mesón Andaluz,Lisboa,full guide listing
2016,Midori,Sintra,full guide listing
2016,Molhó Bico,Serpa,full guide listing
2016,Monverde,Amarante,full guide listing
2016,Mugasa,Anadia,full guide listing
2016,Muralha da Sé,Viseu,full guide listing
2016,Museu da Chanfana,Miranda Do Corvo,full guide listing
2016,Narcissus Fernandesii,Vila Vicosa,full guide listing
2016,Nariz do Mundo,Cabeceiras De Basto,full guide listing
2016,Noélia,Tavira,full guide listing
2016,O Adro,Serpa,full guide listing
2016,O Alambique de Ouro,Fundao,full guide listing
2016,O Alcochetano,Alcochete,full guide listing
2016,O Ancoradouro,Madalena,full guide listing
2016,O Arquinho do Castelo,Matosinhos,full guide listing
2016,O Bairro,Aveiro,full guide listing
2016,O Chana do Bernardino,Redondo,full guide listing
2016,O Chanquinhas,Matosinhos,full guide listing
2016,O Charneco,Lagoa Algarve,full guide listing
2016,O Convite,Ourem,full guide listing
2016,O Cortiço,Viseu,full guide listing
2016,O Escaroupim,Salvaterra De Magos,full guide listing
2016,O Escondido de Chamosinhos,Valenca,full guide listing
2016,O Fuso,Arruda Dos Vinhos,full guide listing
2016,O Gafanhoto,Ilhavo,full guide listing
2016,O Gaveto,Matosinhos,full guide listing
2016,O Geadas,Braganca,full guide listing
2016,O Horta,Olhao,full guide listing
2016,O Lagar,Torre De Moncorvo,full guide listing
2016,O Laranjeira,Viana Do Castelo,full guide listing
2016,O Moinho,Ponte Da Barca,full guide listing
2016,O Nobre,Lisboa,full guide listing
2016,O Paparico,Porto,full guide listing
2016,O Pascoal,Pampilhosa Da Serra,full guide listing
2016,O Paulo,Aljezur,full guide listing
2016,O Pelourinho,Arraiolos,full guide listing
2016,O Pão Saloio,Lourinha,full guide listing
2016,O Sapo,Penafiel,full guide listing
2016,O Talho,Lisboa,full guide listing
2016,O Telheiro,Aveiro,full guide listing
2016,O Telheiro do Abílio,Castelo Branco,full guide listing
2016,O Toucinho,Almeirim,full guide listing
2016,O Túlio,Nisa,full guide listing
2016,O Valério,Mangualde,full guide listing
2016,O Victor,Povoa De Lanhoso,full guide listing
2016,O Xarroco,Matosinhos,full guide listing
2016,O Álvaro,Portalegre,full guide listing
2016,Ocean,Lagoa Algarve,full guide listing
2016,Olivença,Ponte De Sor,full guide listing
2016,Open Brasserie Mediterrânica,Lisboa,full guide listing
2016,Os Lusíadas,Matosinhos,full guide listing
2016,"PVP: Pão, Vinho e Petiscos",Funchal,full guide listing
2016,Paixa,Loule,full guide listing
2016,Paladares da Quinta,Lagoa Sao Miguel,full guide listing
2016,Palhinhas Gold,Rio Maior,full guide listing
2016,Palitão,Castelo Branco,full guide listing
2016,Palma,Monforte,full guide listing
2016,Panorama,Lisboa,full guide listing
2016,Panorâmico,Braga,full guide listing
2016,Papa Figos,Idanha A Nova,full guide listing
2016,Paço dos Cunhas de Santar,Nelas,full guide listing
2016,Paços da Rainha,Leiria,full guide listing
2016,Pedra Furada,Barcelos,full guide listing
2016,Pedro Lemos,Porto,full guide listing
2016,Peixaria da Esquina,Lisboa,full guide listing
2016,Pequeno Mundo,Loule,full guide listing
2016,Petiscos & Granitos,Idanha A Nova,full guide listing
2016,Pizzeria Casa Vostra,Loule,full guide listing
2016,Pompílio,Elvas,full guide listing
2016,Ponte Velha,Serta,full guide listing
2016,Populi,Lisboa,full guide listing
2016,Portarossa,Porto,full guide listing
2016,Porto Novo,Porto,full guide listing
2016,Porto das Barcas,Odemira,full guide listing
2016,Portucale,Porto,full guide listing
2016,Puttanesca,Leiria,full guide listing
2016,Páteo Real,Alter Do Chao,full guide listing
2016,Pé na Água,Porto Santo,full guide listing
2016,Pôr do Sol,Lajes Das Flores,full guide listing
2016,Q.B. - Food Court,Angra Do Heroismo,full guide listing
2016,Quinta de Cabriz,Carregal Do Sal,full guide listing
2016,Quinta de São Rafael - Casa do Médico,Sines,full guide listing
2016,Quinta do Encontro,Anadia,full guide listing
2016,Quinta do Furão,Santana,full guide listing
2016,Quinta do Portal,Sabrosa,full guide listing
2016,R3,Praia Da Vitoria,full guide listing
2016,Real Abadia,Alcobaca,full guide listing
2016,Refeitório Quinhentista,Constancia,full guide listing
2016,Reitoria,Porto,full guide listing
2016,Restaurante Piscina Azenhas do Mar,Sintra,full guide listing
2016,Restaurante Santo António,Camara De Lobos,full guide listing
2016,Restaurante Termas Vizela,Vizela,full guide listing
2016,Restaurante Vale de Abraão,Lamego,full guide listing
2016,Restaurante da Adraga,Sintra,full guide listing
2016,Restaurante da Associação Agrícola,Ribeira Grande,full guide listing
2016,Restaurante da Pousada Mosteiro Crato,Crato,full guide listing
2016,Restaurante da Pousada Mosteiro de Amares,Amares,full guide listing
2016,Restaurante da Pousada de Valença,Valenca,full guide listing
2016,Restaurante da Quinta do Paço,Vila Real,full guide listing
2016,Restaurante do Hotel Bagoeira,Barcelos,full guide listing
2016,Restaurante do Lousada Country Hotel,Lousada,full guide listing
2016,Restaurante do Parque,Peniche,full guide listing
2016,Retiro da Cabreira,Vieira Do Minho,full guide listing
2016,Retiro do Raposo,Loures,full guide listing
2016,Rib Beef & Wine Porto,Porto,full guide listing
2016,Ribamar,Sesimbra,full guide listing
2016,Robalo,Sabugal,full guide listing
2016,Romando Privé,Vila Do Conde,full guide listing
2016,SHIKO - Tasca Japonesa,Porto,full guide listing
2016,Sabores da Quinta,Celorico De Basto,full guide listing
2016,Sabores da Ria,Olhao,full guide listing
2016,Sabores de Monsaraz,Reguengos De Monsaraz,full guide listing
2016,Sabores do Campo,Sao Bras De Alportel,full guide listing
2016,Sabores do Pinhal,Serta,full guide listing
2016,Salpoente,Aveiro,full guide listing
2016,Salsa e Coentros,Lisboa,full guide listing
2016,Salão Nobre - Vidago Palace Hotel,Chaves,full guide listing
2016,Santa Bárbara,Ribeira Grande,full guide listing
2016,Santa Luzia,Viseu,full guide listing
2016,Santa Maria,Funchal,full guide listing
2016,Santa Quitéria,Felgueiras,full guide listing
2016,Sea Me Peixaria Moderna,Lisboa,full guide listing
2016,Sempr'Assar,Matosinhos,full guide listing
2016,Senses,Lagos,full guide listing
2016,Soadro do Zêzere,Guarda,full guide listing
2016,Sol e Chuva,Montalegre,full guide listing
2016,Solar Bragançano,Braganca,full guide listing
2016,Solar do Bacalhau,Coimbra,full guide listing
2016,Solar dos Amigos,Caldas Da Rainha,full guide listing
2016,Solar dos Nunes,Lisboa,full guide listing
2016,Solar dos Presuntos,Lisboa,full guide listing
2016,Sommelier Lisbon,Lisboa,full guide listing
2016,Sueste,Lagoa Algarve,full guide listing
2016,São Gião,Guimaraes,full guide listing
2016,São Valentim,Matosinhos,full guide listing
2016,Taberna A Laranjinha,Covilha,full guide listing
2016,Taberna d'Adélia,Nazare,full guide listing
2016,Taberna da Maré,Portimao,full guide listing
2016,Taberna da Praça,Cascais,full guide listing
2016,Taberna da Rua das Flores,Lisboa,full guide listing
2016,Taberna do Adro,Elvas,full guide listing
2016,Taberna do Alfaiate,Cartaxo,full guide listing
2016,Taberna do Arrufa,Cuba,full guide listing
2016,Taberna do Carró,Torre De Moncorvo,full guide listing
2016,Taberna do Gabão,Aljezur,full guide listing
2016,Taberna do Liberato,Moura,full guide listing
2016,Taberna do Quinzena,Santarem,full guide listing
2016,Tachinho da Té,Tabuaco,full guide listing
2016,Tacho da Memória,Odivelas,full guide listing
2016,Tapas Bar,Figueira Da Foz,full guide listing
2016,Tarmar,Calheta,full guide listing
2016,Tasca Literária Dona Joana Rabo-de-Peixe,Funchal,full guide listing
2016,Tasca Maria Faia,Castelo Branco,full guide listing
2016,Tasca da Esquina,Lisboa,full guide listing
2016,Tasca da Quinta,Peso Da Regua,full guide listing
2016,Tasca das Tias,Angra Do Heroismo,full guide listing
2016,Tasca do Celso,Odemira,full guide listing
2016,Tasca do Joel,Peniche,full guide listing
2016,Tasca do Montinho,Avis,full guide listing
2016,Tasca do Petrol,Monchique,full guide listing
2016,Taska Comeres Algarvios,Faro,full guide listing
2016,Taska Quim Barbeiro,Chaves,full guide listing
2016,Tasquinha da D. Maria,Porto De Mos,full guide listing
2016,Tasquinha do Fumo,Baiao,full guide listing
2016,Tasquinha do Matias,Tarouca,full guide listing
2016,Tasquinha do Oliveira,Evora,full guide listing
2016,Taverna do 8 ó 80,Nazare,full guide listing
2016,Terra de Montanha,Vila Real,full guide listing
2016,Terraçu's Winery Restaurant,Sabrosa,full guide listing
2016,Tertúlia da Quinta,Almeirim,full guide listing
2016,The Dining Room,Funchal,full guide listing
2016,The Wine House Restaurante - Quinta da Pacheca,Lamego,full guide listing
2016,The Yeatman,Vila Nova De Gaia,full guide listing
2016,Tia Alice,Ourem,full guide listing
2016,Tia Rosa,Grandola,full guide listing
2016,Toca da Raposa,Sao Joao Da Pesqueira,full guide listing
2016,Tomo,Oeiras,full guide listing
2016,Torres,Vila Verde,full guide listing
2016,Toupeirinho,Matosinhos,full guide listing
2016,Traça,Porto,full guide listing
2016,Tábua d'Aço,Tabuaco,full guide listing
2016,Tágide,Lisboa,full guide listing
2016,Tézinho Marisqueira,Mira,full guide listing
2016,Uva Restaurante e Wine Bar,Funchal,full guide listing
2016,Valle Flôr,Lisboa,full guide listing
2016,Vallecula,Guarda,full guide listing
2016,Varanda,Lisboa,full guide listing
2016,Varanda da Estrela,Covilha,full guide listing
2016,Varanda do Casal,Figueiro Dos Vinhos,full guide listing
2016,Veneza,Albufeira,full guide listing
2016,Verdeal,Moimenta Da Beira,full guide listing
2016,Vila Joya,Albufeira,full guide listing
2016,Villa Cipriani,Funchal,full guide listing
2016,"Vimieiro - Food, Drinks & Friends",Penacova,full guide listing
2016,Vindouro,Lamego,full guide listing
2016,Vinum Restaurant & Wine Bar,Vila Nova De Gaia,full guide listing
2016,Vista,Portimao,full guide listing
2016,Vistas Rui Silvestre,Vila Real De Santo Antonio,full guide listing
2016,Viva Lisboa,Lisboa,full guide listing
2016,Voltar ao Cais,Vila Franca De Xira,full guide listing
2016,William Restaurant,Funchal,full guide listing
2016,Willie's,Loule,full guide listing
2016,Wish Restaurante & Sushi,Porto,full guide listing
2016,Xerém Fusion Cuisine,Albufeira,full guide listing
2016,À Terra Furnas,Povoacao,full guide listing
2016,Àbabuja,Portimao,full guide listing
2016,Ânfora,Lisboa,full guide listing
2016,Élebê,Porto,full guide listing
2016,Ó Balcão,Santarem,full guide listing
2017,1300 Taberna,Lisboa,full guide listing
2017,1811 - Bistro & Wine Bar,Funchal,full guide listing
2017,2 Passos,Loule,full guide listing
2017,3 Pipos,Tondela,full guide listing
2017,490 Taberna STB,Setubal,full guide listing
2017,7 à 7,Moncao,full guide listing
2017,A Azenha do Mar,Odemira,full guide listing
2017,A Barca - Tranquitanas,Odemira,full guide listing
2017,A Bolota,Elvas,full guide listing
2017,A Cabana,Esposende,full guide listing
2017,A Cadeia Quinhentista,Estremoz,full guide listing
2017,A Carvalheira,Ponte De Lima,full guide listing
2017,A Cavalariça,Castro Verde,full guide listing
2017,A Cave,Ilhavo,full guide listing
2017,A Cevicheria,Lisboa,full guide listing
2017,A Charrette,Monchique,full guide listing
2017,A Comidinha,Lagos,full guide listing
2017,A Cozinha do Manel,Porto,full guide listing
2017,A Cozinha por António Loureiro,Guimaraes,full guide listing
2017,A Escola,Alcacer Do Sal,full guide listing
2017,A Esquina,Barrancos,full guide listing
2017,A Estrela da Mó,Vila Nova De Poiares,full guide listing
2017,A Lareira,Mogadouro,full guide listing
2017,A Luciana,Oliveira De Frades,full guide listing
2017,A Lúria,Tomar,full guide listing
2017,A Maria,Alandroal,full guide listing
2017,A Marisqueira de Matosinhos,Matosinhos,full guide listing
2017,A Petisqueira,Lagos,full guide listing
2017,A Talha,Chaves,full guide listing
2017,A Talha de Azeite,Grandola,full guide listing
2017,A Tasca da Galega,Barreiro,full guide listing
2017,A Tulha,Ponte De Lima,full guide listing
2017,Abrigo do Pastor,Santa Cruz,full guide listing
2017,Adega Casa de Monte Pedral,Cuba,full guide listing
2017,Adega Faustino,Chaves,full guide listing
2017,Adega Monhé,Santa Maria Da Feira,full guide listing
2017,Adega Regional Sete Condes,Mondim De Basto,full guide listing
2017,Adega Típica 25 de Abril,Beja,full guide listing
2017,Adega Velha,Mourao,full guide listing
2017,Adega de São Mateus,Angra Do Heroismo,full guide listing
2017,Adega de São Nicolau,Porto,full guide listing
2017,Adega do Albertino,Caldas Da Rainha,full guide listing
2017,Adega do Sossego,Melgaco,full guide listing
2017,Adega dos Apalaches,Oleiros,full guide listing
2017,Adega dos Sabores,Mortagua,full guide listing
2017,Afonso,Mora,full guide listing
2017,Aidé,Pacos De Ferreira,full guide listing
2017,Aki-D'el-Mar,Nazare,full guide listing
2017,Al Quimia,Albufeira,full guide listing
2017,Alabote,Ribeira Grande,full guide listing
2017,Alambique,Calheta,full guide listing
2017,Alcides,Ponta Delgada,full guide listing
2017,Alentejo,Mertola,full guide listing
2017,Alentejo.Come,Amadora,full guide listing
2017,Alma,Lisboa,full guide listing
2017,Almourol,Vila Nova Da Barquinha,full guide listing
2017,Alquimia,Covilha,full guide listing
2017,Ammar,Matosinhos,full guide listing
2017,Anfiteatro,Ponta Delgada,full guide listing
2017,Antiqvvm,Porto,full guide listing
2017,António Padeiro,Alcobaca,full guide listing
2017,Aqui Há Peixe,Lisboa,full guide listing
2017,Aquário Marisqueira d'Espinho,Espinho,full guide listing
2017,Arcadas,Coimbra,full guide listing
2017,Arcoense,Braga,full guide listing
2017,Areias do Seixo,Torres Vedras,full guide listing
2017,Arte & Sal,Sines,full guide listing
2017,Assembleia,Arouca,full guide listing
2017,Astória,Porto,full guide listing
2017,Atira-te ao Rio,Almada,full guide listing
2017,Augusta,Braga,full guide listing
2017,B&G,Grandola,full guide listing
2017,B&G Vilalara Thalassa Resort,Lagoa Algarve,full guide listing
2017,Bacalhau & Afins,Aveiro,full guide listing
2017,Baptista,Caminha,full guide listing
2017,Barão Fladgate,Vila Nova De Gaia,full guide listing
2017,Bastardo,Lisboa,full guide listing
2017,Beef & Wines,Funchal,full guide listing
2017,Beira Mar,Cascais,full guide listing
2017,Belcanto,Lisboa,full guide listing
2017,Belos Aires,Porto,full guide listing
2017,Berne,Manteigas,full guide listing
2017,Bistro 100 Maneiras,Lisboa,full guide listing
2017,Bistrô4,Lisboa,full guide listing
2017,Bocados Restaurante,Ponte De Lima,full guide listing
2017,Boi-Cavalo,Lisboa,full guide listing
2017,Bon Bon,Lagoa Algarve,full guide listing
2017,Bonsai Restaurante Japonês,Lisboa,full guide listing
2017,Bovino Steakhouse,Loule,full guide listing
2017,Brasa,Macedo De Cavaleiros,full guide listing
2017,CISCO - Cozinha Tradicional,Almeirim,full guide listing
2017,Cabana do Pastor,Cantanhede,full guide listing
2017,Cabicanca,Aguiar Da Beira,full guide listing
2017,Cafeína,Porto,full guide listing
2017,Café Alentejo,Evora,full guide listing
2017,Café Garrett by Ohana,Lisboa,full guide listing
2017,Café Oriental,Guimaraes,full guide listing
2017,Café Portugal,Lisboa,full guide listing
2017,Café Príncipe Real,Lisboa,full guide listing
2017,Café de São Bento,Lisboa,full guide listing
2017,Cais da Estação,Sines,full guide listing
2017,Cais da Villa,Vila Real,full guide listing
2017,Cais de Angra,Angra Do Heroismo,full guide listing
2017,Calça Curta,Carrazeda De Ansiaes,full guide listing
2017,Camelo,Viana Do Castelo,full guide listing
2017,Camelo,Seia,full guide listing
2017,Cancela Velha,Marco De Canaveses,full guide listing
2017,Caneiro,Cabeceiras De Basto,full guide listing
2017,Caniço,Portimao,full guide listing
2017,Cantarinha do Guadiana,Vila Real De Santo Antonio,full guide listing
2017,Cantiflas,Sao Joao Da Pesqueira,full guide listing
2017,Cantina 32,Porto,full guide listing
2017,Cantinho do Antigamente,Terras De Bouro,full guide listing
2017,Cantinho do Avillez,Porto,full guide listing
2017,Cantinho do Avillez,Lisboa,full guide listing
2017,Canto dos Sabores,Vendas Novas,full guide listing
2017,Capriola,Golega,full guide listing
2017,Carvalho,Chaves,full guide listing
2017,Casa Arménio,Montemor O Velho,full guide listing
2017,Casa Arouquesa,Viseu,full guide listing
2017,Casa Cristininha,Santo Tirso,full guide listing
2017,Casa D'oro,Porto,full guide listing
2017,Casa D’Armas,Viana Do Castelo,full guide listing
2017,Casa Mateus,Sesimbra,full guide listing
2017,Casa Mattos,Estarreja,full guide listing
2017,Casa Mãe,Lagos,full guide listing
2017,Casa Nanda,Porto,full guide listing
2017,Casa Ti'Augusta,Proenca A Nova,full guide listing
2017,Casa Velha,Loule,full guide listing
2017,Casa Velha do Palheiro,Funchal,full guide listing
2017,Casa da Caínha,Mondim De Basto,full guide listing
2017,Casa da Dízima,Oeiras,full guide listing
2017,Casa da Nora,Leiria,full guide listing
2017,Casa da Ínsua,Penalva Do Castelo,full guide listing
2017,Casa das Velhas,Vila Nova De Cerveira,full guide listing
2017,Casa de Chá da Boa Nova,Matosinhos,full guide listing
2017,Casa de Pasto da Palmeira,Porto,full guide listing
2017,Casa do Avô,Sernancelhe,full guide listing
2017,Casa do Lago,Loule,full guide listing
2017,Casa do Polvo,Tavira,full guide listing
2017,Cascata Restaurante Típico,Abrantes,full guide listing
2017,Casinha Velha,Leiria,full guide listing
2017,Casta 85,Alenquer,full guide listing
2017,Castas e Pratos,Peso Da Regua,full guide listing
2017,Castro da Cola,Ourique,full guide listing
2017,Cave 23,Lisboa,full guide listing
2017,Cella Bar,Madalena,full guide listing
2017,Cervejaria Brasão Aliados,Porto,full guide listing
2017,Cervejaria Liberdade,Lisboa,full guide listing
2017,Cervejaria Ramiro,Lisboa,full guide listing
2017,Chalet Vicente,Funchal,full guide listing
2017,Chapitô à Mesa,Lisboa,full guide listing
2017,Chaxoila Casa de Pasto,Vila Real,full guide listing
2017,Chez Daniel,Santiago Do Cacem,full guide listing
2017,Chico Elias,Tomar,full guide listing
2017,Chá com Água Salgada,Vila Real De Santo Antonio,full guide listing
2017,Cimas,Cascais,full guide listing
2017,Cinta d'Ouro,Freixo De Espada A Cinta,full guide listing
2017,Clube de Caçadores,Viseu,full guide listing
2017,Come Prima,Lisboa,full guide listing
2017,Convento de Belmonte Gourmet,Belmonte,full guide listing
2017,Coral Beach Club,Camara De Lobos,full guide listing
2017,Costa do Sol,Vila Pouca De Aguiar,full guide listing
2017,Costa do Vez,Arcos De Valdevez,full guide listing
2017,Cova da Loba,Celorico Da Beira,full guide listing
2017,Cozinha Típica do Montemuro - Mezio,Castro Daire,full guide listing
2017,Cozinha da Sé,Braga,full guide listing
2017,Cozinha da Terra,Paredes,full guide listing
2017,Cozinha do Caracol,Angra Do Heroismo,full guide listing
2017,Cruel,Porto,full guide listing
2017,Cruz Sobral,Braga,full guide listing
2017,Cêpa Torta,Alijo,full guide listing
2017,D. Roberto,Braganca,full guide listing
2017,DOC,Armamar,full guide listing
2017,DOP,Porto,full guide listing
2017,De Pedra e Sal,Setubal,full guide listing
2017,Degust’AR,Evora,full guide listing
2017,Divinus,Evora,full guide listing
2017,Dom Feijão,Lisboa,full guide listing
2017,Dom Joaquim,Evora,full guide listing
2017,Dom José,Bombarral,full guide listing
2017,Dom Sesnando,Penela,full guide listing
2017,Don Peixe,Alcochete,full guide listing
2017,Dona Bia,Alcacer Do Sal,full guide listing
2017,Dona Ferreirinha,Castelo Branco,full guide listing
2017,Duque de Caminha,Caminha,full guide listing
2017,Dux - Petiscos & Vinhos,Coimbra,full guide listing
2017,Dóri,Ilhavo,full guide listing
2017,Egoísta,Povoa De Varzim,full guide listing
2017,El Olivo,Braga,full guide listing
2017,Eleven,Lisboa,full guide listing
2017,Elvira,Braga,full guide listing
2017,Em Banho Maria,Peniche,full guide listing
2017,Encosta da Muralha,Castelo Branco,full guide listing
2017,Enoteca Cartuxa,Evora,full guide listing
2017,Espalha Brasas,Borba,full guide listing
2017,Esplanada Furnas,Mafra,full guide listing
2017,Esplanada Marisqueira A Antiga,Matosinhos,full guide listing
2017,Esquina do Avesso,Matosinhos,full guide listing
2017,Estoril Mandarim,Cascais,full guide listing
2017,Estórias na Casa da Comida,Lisboa,full guide listing
2017,Fajã dos Padres,Camara De Lobos,full guide listing
2017,Faro e Benfica,Faro,full guide listing
2017,Feitoria,Lisboa,full guide listing
2017,Ferrugem,Vila Nova De Famalicao,full guide listing
2017,Fialho,Evora,full guide listing
2017,Fio D'Azeite,Aljustrel,full guide listing
2017,Flavors,Palmela,full guide listing
2017,Flor de Sal,Mirandela,full guide listing
2017,Flor de Sal,Entroncamento,full guide listing
2017,Flor do Ave,Trofa,full guide listing
2017,Florian,Loule,full guide listing
2017,Florêncio,Guimaraes,full guide listing
2017,Flow Restaurant & Bar,Porto,full guide listing
2017,Fonte Cuisine,Lajes Do Pico,full guide listing
2017,Foral de Melgaço,Melgaco,full guide listing
2017,Forneria São Pedro,Vila Nova De Gaia,full guide listing
2017,Fornos de Lava,Velas,full guide listing
2017,Fortaleza do Guincho,Cascais,full guide listing
2017,Frida - Cocina Mestiza,Porto,full guide listing
2017,Furnas do Guincho,Cascais,full guide listing
2017,G Pousada Restaurante,Braganca,full guide listing
2017,Gadanha Mercearia e Restaurante,Estremoz,full guide listing
2017,Galeria,Almada,full guide listing
2017,Galeria do Largo,Porto,full guide listing
2017,Gambrinus,Lisboa,full guide listing
2017,Genuíno,Horta,full guide listing
2017,Gigi's,Loule,full guide listing
2017,Gilão,Tavira,full guide listing
2017,Gusto by Heinz Beck,Loule,full guide listing
2017,Helana,Idanha A Nova,full guide listing
2017,Henrique Leis,Loule,full guide listing
2017,Herdade do Sobroso,Vidigueira,full guide listing
2017,Herdade dos Grous,Beja,full guide listing
2017,Hermínia,Fundao,full guide listing
2017,Histórico by PapaBoa,Guimaraes,full guide listing
2017,Hool,Guimaraes,full guide listing
2017,Ichiban,Porto,full guide listing
2017,Il Gallo D'Oro,Funchal,full guide listing
2017,Il Mercato,Lisboa,full guide listing
2017,Infame,Lisboa,full guide listing
2017,Jorge do Peixe,Loule,full guide listing
2017,Kanazawa,Lisboa,full guide listing
2017,L'AND Vineyards Restaurante,Montemor O Novo,full guide listing
2017,LAB by Sergi Arola,Sintra,full guide listing
2017,LOCO,Lisboa,full guide listing
2017,La Cigale,Albufeira,full guide listing
2017,Largo do Paço,Amarante,full guide listing
2017,Luar da Foia,Monchique,full guide listing
2017,Madre de Água,Gouveia,full guide listing
2017,Malhadinha Nova,Beja,full guide listing
2017,Manuel Júlio,Mealhada,full guide listing
2017,Mar do Inferno,Cascais,full guide listing
2017,Maria Pia,Cascais,full guide listing
2017,Maria Rita,Mirandela,full guide listing
2017,Maria do Carmo,Vila Real,full guide listing
2017,Marinheiro,Povoa De Varzim,full guide listing
2017,Marisco na Praça,Cascais,full guide listing
2017,Marisqueira Costa Alentejana,Odemira,full guide listing
2017,Marisqueira Os Fialhos,Tavira,full guide listing
2017,Marisqueira Rui,Silves,full guide listing
2017,Maré Alta - Peixe & Mariscos,Machico,full guide listing
2017,Marégrafo,Figueira Da Foz,full guide listing
2017,Mesa de Lemos,Viseu,full guide listing
2017,Mesón Andaluz,Lisboa,full guide listing
2017,Midori,Sintra,full guide listing
2017,Miss Jappa,Lisboa,full guide listing
2017,Mizu Teppanyaki,Lagoa Algarve,full guide listing
2017,Molhó Bico,Serpa,full guide listing
2017,Monverde,Amarante,full guide listing
2017,Mosteiro do Leitão,Batalha,full guide listing
2017,Mugasa,Anadia,full guide listing
2017,Muralha da Sé,Viseu,full guide listing
2017,Museu da Chanfana,Miranda Do Corvo,full guide listing
2017,Narcissus Fernandesii,Vila Vicosa,full guide listing
2017,Notes Bar & Kitchen,Coimbra,full guide listing
2017,Noélia,Tavira,full guide listing
2017,O Adro,Serpa,full guide listing
2017,O Alentejano,Serpa,full guide listing
2017,O Ancoradouro,Madalena,full guide listing
2017,O Arquinho do Castelo,Matosinhos,full guide listing
2017,O Açude,Coimbra,full guide listing
2017,O Bairro,Aveiro,full guide listing
2017,O Buke,Pampilhosa Da Serra,full guide listing
2017,O Cantinho do Tito,Viseu,full guide listing
2017,O Chana do Bernardino,Redondo,full guide listing
2017,O Chanquinhas,Matosinhos,full guide listing
2017,O Charneco,Lagoa Algarve,full guide listing
2017,O Convite,Ourem,full guide listing
2017,O Cortiço,Viseu,full guide listing
2017,O Escondido de Chamosinhos,Valenca,full guide listing
2017,O Fuso,Arruda Dos Vinhos,full guide listing
2017,O Gafanhoto,Ilhavo,full guide listing
2017,O Gaveto,Matosinhos,full guide listing
2017,O Geadas,Braganca,full guide listing
2017,O Horta,Olhao,full guide listing
2017,O Lagar,Torre De Moncorvo,full guide listing
2017,O Laranjeira,Viana Do Castelo,full guide listing
2017,O Miguel,Setubal,full guide listing
2017,O Moinho,Almodovar,full guide listing
2017,O Montanhês,Macedo De Cavaleiros,full guide listing
2017,O Mário,Fundao,full guide listing
2017,O Nobre,Lisboa,full guide listing
2017,O Paparico,Porto,full guide listing
2017,O Paulo,Aljezur,full guide listing
2017,O Peleiro,Figueira Da Foz,full guide listing
2017,O Pelourinho,Arraiolos,full guide listing
2017,O Regional do Cabrito,Condeixa A Nova,full guide listing
2017,O Sapo,Penafiel,full guide listing
2017,O Solar,Oliveira De Frades,full guide listing
2017,O Sítio do Rio,Aljezur,full guide listing
2017,O Telheiro,Aveiro,full guide listing
2017,O Telheiro do Abílio,Castelo Branco,full guide listing
2017,O Típico,Agueda,full guide listing
2017,O Túlio,Nisa,full guide listing
2017,O Valério,Mangualde,full guide listing
2017,O Victor,Povoa De Lanhoso,full guide listing
2017,O Xarroco,Matosinhos,full guide listing
2017,O Álvaro,Portalegre,full guide listing
2017,ODE Porto Wine House,Porto,full guide listing
2017,Ocean,Lagoa Algarve,full guide listing
2017,Oficina,Porto,full guide listing
2017,Olivença,Ponte De Sor,full guide listing
2017,Olivier Avenida,Lisboa,full guide listing
2017,Origens,Evora,full guide listing
2017,Os Castelhanos,Santa Maria Da Feira,full guide listing
2017,Os Lusíadas,Matosinhos,full guide listing
2017,Oxalá,Ovar,full guide listing
2017,"PVP: Pão, Vinho e Petiscos",Funchal,full guide listing
2017,Paixa,Loule,full guide listing
2017,Paladares da Quinta,Lagoa Sao Miguel,full guide listing
2017,Palma,Monforte,full guide listing
2017,Panorama,Lisboa,full guide listing
2017,Panorâmico,Braga,full guide listing
2017,Pap'açorda,Lisboa,full guide listing
2017,Papa Figos,Idanha A Nova,full guide listing
2017,Papa-Figos,Torres Novas,full guide listing
2017,Paço dos Cunhas de Santar,Nelas,full guide listing
2017,Pedra Furada,Barcelos,full guide listing
2017,Pedro Lemos,Porto,full guide listing
2017,Peixaria da Esquina,Lisboa,full guide listing
2017,Pequeno Mundo,Loule,full guide listing
2017,Pisca,Porto,full guide listing
2017,Pizzeria Casa Vostra,Loule,full guide listing
2017,Pompílio,Elvas,full guide listing
2017,Ponte Velha,Serta,full guide listing
2017,Ponto Final,Almada,full guide listing
2017,Portarossa,Porto,full guide listing
2017,Porto Novo,Porto,full guide listing
2017,Porto das Barcas,Odemira,full guide listing
2017,Praia Dourada,Silves,full guide listing
2017,Pulo do Lobo,Beja,full guide listing
2017,PuraLã,Covilha,full guide listing
2017,Puro 4050,Porto,full guide listing
2017,Puttanesca,Leiria,full guide listing
2017,Páteo Real,Alter Do Chao,full guide listing
2017,Páteo das Flores,Porto,full guide listing
2017,Pôr do Sol,Lajes Das Flores,full guide listing
2017,Q.B. - Food Court,Angra Do Heroismo,full guide listing
2017,Quinta de Cabriz,Carregal Do Sal,full guide listing
2017,Quinta do Arneiro,Mafra,full guide listing
2017,Quinta do Encontro,Anadia,full guide listing
2017,Quinta do Furão,Santana,full guide listing
2017,Quinta do Portal,Sabrosa,full guide listing
2017,Quinta dos Sabores,Ribeira Grande,full guide listing
2017,R3,Praia Da Vitoria,full guide listing
2017,Rabelo,Alijo,full guide listing
2017,Rabo d'Pêxe,Lisboa,full guide listing
2017,Refeitório Quinhentista,Constancia,full guide listing
2017,Reitoria,Porto,full guide listing
2017,Restaurante Santo António,Camara De Lobos,full guide listing
2017,Restaurante Termas Vizela,Vizela,full guide listing
2017,Restaurante Vale de Abraão,Lamego,full guide listing
2017,Restaurante da Adega,Vidigueira,full guide listing
2017,Restaurante da Adraga,Sintra,full guide listing
2017,Restaurante da Associação Agrícola,Ribeira Grande,full guide listing
2017,Restaurante da Herdade do Esporão,Reguengos De Monsaraz,full guide listing
2017,Restaurante da Pousada Mosteiro de Amares,Amares,full guide listing
2017,Restaurante da Quinta do Martelo,Angra Do Heroismo,full guide listing
2017,Restaurante do Parque,Peniche,full guide listing
2017,Retiro da Cabreira,Vieira Do Minho,full guide listing
2017,Rib Beef & Wine Porto,Porto,full guide listing
2017,Ribamar,Sesimbra,full guide listing
2017,Ribeirinha do Sado,Setubal,full guide listing
2017,Robalo,Sabugal,full guide listing
2017,Romando Privé,Vila Do Conde,full guide listing
2017,SHIKO - Tasca Japonesa,Porto,full guide listing
2017,Sabores da Quinta,Celorico De Basto,full guide listing
2017,Sabores da Ria,Olhao,full guide listing
2017,Sabores de Goa,Lisboa,full guide listing
2017,Sabores do Campo,Sao Bras De Alportel,full guide listing
2017,Sala de Corte,Lisboa,full guide listing
2017,Salpoente,Aveiro,full guide listing
2017,Salsa e Coentros,Lisboa,full guide listing
2017,Salão Nobre - Vidago Palace Hotel,Chaves,full guide listing
2017,Santa Bárbara,Ribeira Grande,full guide listing
2017,Santa Luzia,Viseu,full guide listing
2017,Santa Quitéria,Felgueiras,full guide listing
2017,Santo Amaro,Serta,full guide listing
2017,Sem Dúvida,Lisboa,full guide listing
2017,Sempr'Assar,Matosinhos,full guide listing
2017,Senses,Lagos,full guide listing
2017,Sentido do Mar,Almada,full guide listing
2017,Sete e Meio,Meda,full guide listing
2017,Sever Restaurante,Marvao,full guide listing
2017,Simply Tapas & Vinho,Loule,full guide listing
2017,Soadro do Zêzere,Guarda,full guide listing
2017,Solar Bragançano,Braganca,full guide listing
2017,Solar do Bacalhau,Coimbra,full guide listing
2017,Solar do Forcado,Portalegre,full guide listing
2017,Solar dos Amigos,Caldas Da Rainha,full guide listing
2017,Solar dos Nunes,Lisboa,full guide listing
2017,Solar dos Pintor,Loures,full guide listing
2017,Solar dos Presuntos,Lisboa,full guide listing
2017,Sra. Peliteiro,Esposende,full guide listing
2017,Sueste,Lagoa Algarve,full guide listing
2017,Sul,Mafra,full guide listing
2017,Sushi Fish,Peniche,full guide listing
2017,São Gião,Guimaraes,full guide listing
2017,São Valentim,Matosinhos,full guide listing
2017,Taberna - Bairro do Avillez,Lisboa,full guide listing
2017,Taberna A Laranjinha,Covilha,full guide listing
2017,Taberna d'Adélia,Nazare,full guide listing
2017,Taberna da Maré,Portimao,full guide listing
2017,Taberna da Praça,Cascais,full guide listing
2017,Taberna do Adro,Elvas,full guide listing
2017,Taberna do Alfaiate,Cartaxo,full guide listing
2017,Taberna do Arrufa,Cuba,full guide listing
2017,Taberna do Carró,Torre De Moncorvo,full guide listing
2017,Taberna do Gabão,Aljezur,full guide listing
2017,Taberna do Liberato,Moura,full guide listing
2017,Taberna do Quinzena,Santarem,full guide listing
2017,Tachinho da Té,Tabuaco,full guide listing
2017,Tago's - Food Experience,Almada,full guide listing
2017,Tasca Literária Dona Joana Rabo-de-Peixe,Funchal,full guide listing
2017,Tasca Maria Faia,Castelo Branco,full guide listing
2017,Tasca da Esquina,Lisboa,full guide listing
2017,Tasca da Quinta,Peso Da Regua,full guide listing
2017,Tasca das Tias,Angra Do Heroismo,full guide listing
2017,Tasca do Bernardo - O Cantinho da Elisabeth,Odemira,full guide listing
2017,Tasca do Celso,Odemira,full guide listing
2017,Tasca do Joel,Peniche,full guide listing
2017,Tasca do Montinho,Avis,full guide listing
2017,Tasca do Petrol,Monchique,full guide listing
2017,Taska Comeres Algarvios,Faro,full guide listing
2017,Tasquinha da D. Maria,Porto De Mos,full guide listing
2017,Tasquinha da Linda,Viana Do Castelo,full guide listing
2017,Tasquinha do Fumo,Baiao,full guide listing
2017,Tasquinha do Matias,Tarouca,full guide listing
2017,Tasquinha do Oliveira,Evora,full guide listing
2017,Taverna Vaca das Cordas,Ponte De Lima,full guide listing
2017,Taverna do 8 ó 80,Nazare,full guide listing
2017,Terra,Porto,full guide listing
2017,Terra Chã,Rio Maior,full guide listing
2017,Terra Mãe,Santa Maria Da Feira,full guide listing
2017,Terra de Montanha,Vila Real,full guide listing
2017,Terraçu's Winery Restaurant,Sabrosa,full guide listing
2017,Tertúlia da Quinta,Almeirim,full guide listing
2017,The Blini,Vila Nova De Gaia,full guide listing
2017,The Old House,Lisboa,full guide listing
2017,The Wine House Restaurante - Quinta da Pacheca,Lamego,full guide listing
2017,The Yeatman,Vila Nova De Gaia,full guide listing
2017,Ti Chôa,Angra Do Heroismo,full guide listing
2017,Tia Alice,Ourem,full guide listing
2017,Toca da Raposa,Sao Joao Da Pesqueira,full guide listing
2017,Tomo,Oeiras,full guide listing
2017,Torres,Vila Verde,full guide listing
2017,Torreão,Porto,full guide listing
2017,Toupeirinho,Matosinhos,full guide listing
2017,Traça,Porto,full guide listing
2017,Turismo Restaurante,Barcelos,full guide listing
2017,Tágide,Lisboa,full guide listing
2017,Uva Restaurante e Wine Bar,Funchal,full guide listing
2017,Valle Flôr,Lisboa,full guide listing
2017,Vallecula,Guarda,full guide listing
2017,Varanda,Lisboa,full guide listing
2017,Varanda da Estrela,Covilha,full guide listing
2017,Varanda do Casal,Figueiro Dos Vinhos,full guide listing
2017,Veneza,Albufeira,full guide listing
2017,Verdeal,Moimenta Da Beira,full guide listing
2017,Vila Joya,Albufeira,full guide listing
2017,Villa Cipriani,Funchal,full guide listing
2017,"Vimieiro - Food, Drinks & Friends",Penacova,full guide listing
2017,Vindouro,Lamego,full guide listing
2017,Vinum Restaurant & Wine Bar,Vila Nova De Gaia,full guide listing
2017,Vista,Portimao,full guide listing
2017,Vistas Rui Silvestre,Vila Real De Santo Antonio,full guide listing
2017,William Restaurant,Funchal,full guide listing
2017,Willie's,Loule,full guide listing
2017,Wine Bar 3V’s,Porto Santo,full guide listing
2017,Wish Restaurante & Sushi,Porto,full guide listing
2017,Xerém Fusion Cuisine,Albufeira,full guide listing
2017,Zest,Albufeira,full guide listing
2017,Zimbral,Setubal,full guide listing
2017,À Terra,Olhao,full guide listing
2017,À Terra Azor,Ponta Delgada,full guide listing
2017,À Terra Furnas,Povoacao,full guide listing
2017,À Terra Praia Verde,Castro Marim,full guide listing
2017,Àbabuja,Portimao,full guide listing
2017,Água e Sal,Sintra,full guide listing
2017,Ânfora,Lisboa,full guide listing
2017,Ó Balcão,Santarem,full guide listing
2018,1811 - Bistro & Wine Bar,Funchal,full guide listing
2018,1942,Elvas,full guide listing
2018,2 Passos,Loule,full guide listing
2018,3 Pipos,Tondela,full guide listing
2018,490 Taberna STB,Setubal,full guide listing
2018,7 à 7,Moncao,full guide listing
2018,A Azenha do Mar,Odemira,full guide listing
2018,A Barca - Tranquitanas,Odemira,full guide listing
2018,A Bolota,Elvas,full guide listing
2018,A Cabana,Esposende,full guide listing
2018,A Cadeia Quinhentista,Estremoz,full guide listing
2018,A Carvalheira,Ponte De Lima,full guide listing
2018,A Cavalariça,Castro Verde,full guide listing
2018,A Cave,Ilhavo,full guide listing
2018,A Cevicheria,Lisboa,full guide listing
2018,A Charrette,Monchique,full guide listing
2018,A Comidinha,Lagos,full guide listing
2018,A Confraria,Castelo De Vide,full guide listing
2018,A Cozinha do Manel,Porto,full guide listing
2018,A Cozinha por António Loureiro,Guimaraes,full guide listing
2018,A Escola,Alcacer Do Sal,full guide listing
2018,A Esquina,Barrancos,full guide listing
2018,A Estrela da Mó,Vila Nova De Poiares,full guide listing
2018,A Lareira,Mogadouro,full guide listing
2018,A Luciana,Oliveira De Frades,full guide listing
2018,A Lúria,Tomar,full guide listing
2018,A Maria,Alandroal,full guide listing
2018,A Marisqueira de Matosinhos,Matosinhos,full guide listing
2018,A Talha,Chaves,full guide listing
2018,A Talha de Azeite,Grandola,full guide listing
2018,A Tasca da Galega,Barreiro,full guide listing
2018,A Tulha,Ponte De Lima,full guide listing
2018,Abrigo do Pastor,Santa Cruz,full guide listing
2018,Adega Faustino,Chaves,full guide listing
2018,Adega Popular,Fafe,full guide listing
2018,Adega Regional Sete Condes,Mondim De Basto,full guide listing
2018,Adega Típica 25 de Abril,Beja,full guide listing
2018,Adega Típica da Pena,Sao Pedro Do Sul,full guide listing
2018,Adega Velha,Mourao,full guide listing
2018,Adega do Albertino,Caldas Da Rainha,full guide listing
2018,Adega do Ti Joaquim,Sao Pedro Do Sul,full guide listing
2018,Adega dos Apalaches,Oleiros,full guide listing
2018,Afonso,Mora,full guide listing
2018,Aidé,Pacos De Ferreira,full guide listing
2018,Aki-D'el-Mar,Nazare,full guide listing
2018,Al Garage,Lisboa,full guide listing
2018,Al Quimia,Albufeira,full guide listing
2018,Alabote,Ribeira Grande,full guide listing
2018,Alambique,Calheta,full guide listing
2018,Alecrim,Estremoz,full guide listing
2018,Alentejo à Mesa,Estremoz,full guide listing
2018,Alentejo.Come,Amadora,full guide listing
2018,Alma,Lisboa,full guide listing
2018,Almourol,Vila Nova Da Barquinha,full guide listing
2018,Alquimia,Covilha,full guide listing
2018,Amarra Ó Tejo,Almada,full guide listing
2018,Ammar,Matosinhos,full guide listing
2018,Anfiteatro,Ponta Delgada,full guide listing
2018,Antiqvvm,Porto,full guide listing
2018,Antunes,Porto,full guide listing
2018,António Padeiro,Alcobaca,full guide listing
2018,António Tá Certo,Loule,full guide listing
2018,Aquário Marisqueira d'Espinho,Espinho,full guide listing
2018,Arcadas,Coimbra,full guide listing
2018,Arcoense,Braga,full guide listing
2018,Areias do Seixo,Torres Vedras,full guide listing
2018,Arte & Sal,Sines,full guide listing
2018,Assembleia,Arouca,full guide listing
2018,Astória,Porto,full guide listing
2018,Augusta,Braga,full guide listing
2018,Azeite & Alho,Braga,full guide listing
2018,B&G,Grandola,full guide listing
2018,B&G Vilalara Thalassa Resort,Lagoa Algarve,full guide listing
2018,Bacalhau & Afins,Aveiro,full guide listing
2018,Baptista,Caminha,full guide listing
2018,Bar do Peixe,Sesimbra,full guide listing
2018,Beira Mar,Cascais,full guide listing
2018,Beira Mar,Angra Do Heroismo,full guide listing
2018,Belcanto,Lisboa,full guide listing
2018,Belos Aires,Porto,full guide listing
2018,Berne,Manteigas,full guide listing
2018,Bistro 100 Maneiras,Lisboa,full guide listing
2018,Bocados Restaurante,Ponte De Lima,full guide listing
2018,Boi-Cavalo,Lisboa,full guide listing
2018,Bon Bon,Lagoa Algarve,full guide listing
2018,Botequim da Mouraria,Evora,full guide listing
2018,Bovino Steakhouse,Loule,full guide listing
2018,Brasa,Macedo De Cavaleiros,full guide listing
2018,Burro Velho,Batalha,full guide listing
2018,CISCO - Cozinha Tradicional,Almeirim,full guide listing
2018,Cabana do Pastor,Cantanhede,full guide listing
2018,Cabicanca,Aguiar Da Beira,full guide listing
2018,Cafeína,Porto,full guide listing
2018,Café Alentejo,Evora,full guide listing
2018,Café Garrett by Ohana,Lisboa,full guide listing
2018,Café Oriental,Guimaraes,full guide listing
2018,Café de São Bento,Lisboa,full guide listing
2018,Cais da Estação,Sines,full guide listing
2018,Cais da Villa,Vila Real,full guide listing
2018,Calça Curta,Carrazeda De Ansiaes,full guide listing
2018,Camelo,Viana Do Castelo,full guide listing
2018,Camelo,Seia,full guide listing
2018,Cancela Velha,Marco De Canaveses,full guide listing
2018,Caneiro,Cabeceiras De Basto,full guide listing
2018,Caneta,Angra Do Heroismo,full guide listing
2018,Caniço,Portimao,full guide listing
2018,Cantarinha do Guadiana,Vila Real De Santo Antonio,full guide listing
2018,Cantiflas,Sao Joao Da Pesqueira,full guide listing
2018,Cantina 32,Porto,full guide listing
2018,Cantinho do Antigamente,Terras De Bouro,full guide listing
2018,Cantinho do Avillez,Porto,full guide listing
2018,Canto dos Sabores,Vendas Novas,full guide listing
2018,Capriola,Golega,full guide listing
2018,Carvalho,Chaves,full guide listing
2018,Casa Arménio,Montemor O Velho,full guide listing
2018,Casa Arouquesa,Viseu,full guide listing
2018,Casa Cristininha,Santo Tirso,full guide listing
2018,Casa D'oro,Porto,full guide listing
2018,Casa D’Armas,Viana Do Castelo,full guide listing
2018,Casa Mateus,Sesimbra,full guide listing
2018,Casa Mattos,Estarreja,full guide listing
2018,Casa Nanda,Porto,full guide listing
2018,Casa Ti'Augusta,Proenca A Nova,full guide listing
2018,Casa Velha,Loule,full guide listing
2018,Casa Velha do Palheiro,Funchal,full guide listing
2018,Casa Ventura,Amarante,full guide listing
2018,Casa da Caínha,Mondim De Basto,full guide listing
2018,Casa da Dízima,Oeiras,full guide listing
2018,Casa da Nora,Leiria,full guide listing
2018,Casa das Hortas,Braga,full guide listing
2018,Casa das Velhas,Vila Nova De Cerveira,full guide listing
2018,Casa de Chá da Boa Nova,Matosinhos,full guide listing
2018,Casa de Pasto Tamuje,Mertola,full guide listing
2018,Casa do Avô,Sernancelhe,full guide listing
2018,Casa do Polvo,Tavira,full guide listing
2018,Casa dos Bifes Caetano,Arouca,full guide listing
2018,Cascata Restaurante Típico,Abrantes,full guide listing
2018,Casinha Velha,Leiria,full guide listing
2018,Casta 85,Alenquer,full guide listing
2018,Castas e Pratos,Peso Da Regua,full guide listing
2018,Castro da Cola,Ourique,full guide listing
2018,Cella Bar,Madalena,full guide listing
2018,Cervejaria Brasão Aliados,Porto,full guide listing
2018,Cervejaria Lebrinha,Serpa,full guide listing
2018,Cervejaria Ramiro,Lisboa,full guide listing
2018,Chalet Vicente,Funchal,full guide listing
2018,Chaxoila Casa de Pasto,Vila Real,full guide listing
2018,Chez Daniel,Santiago Do Cacem,full guide listing
2018,Chico Elias,Tomar,full guide listing
2018,Chutnify,Lisboa,full guide listing
2018,Chá com Água Salgada,Vila Real De Santo Antonio,full guide listing
2018,Chão do Prado,Loures,full guide listing
2018,Cimas,Cascais,full guide listing
2018,Cinta d'Ouro,Freixo De Espada A Cinta,full guide listing
2018,Clube Naval de Santa Maria,Vila Do Porto,full guide listing
2018,Colher de Pau,Vale De Cambra,full guide listing
2018,Colmeia,Guarda,full guide listing
2018,Come Prima,Lisboa,full guide listing
2018,Comporta Café,Grandola,full guide listing
2018,Convento de Belmonte Gourmet,Belmonte,full guide listing
2018,Costa do Sol,Vila Pouca De Aguiar,full guide listing
2018,Costa do Vez,Arcos De Valdevez,full guide listing
2018,Cova da Loba,Celorico Da Beira,full guide listing
2018,Cozinha Típica do Montemuro - Mezio,Castro Daire,full guide listing
2018,Cozinha da Clara,Sabrosa,full guide listing
2018,Cozinha da Sé,Braga,full guide listing
2018,Cozinha da Terra,Paredes,full guide listing
2018,Cruel,Porto,full guide listing
2018,Cruz Sobral,Braga,full guide listing
2018,Cêpa Torta,Alijo,full guide listing
2018,D. Roberto,Braganca,full guide listing
2018,DOC,Armamar,full guide listing
2018,DOP,Porto,full guide listing
2018,De Pedra e Sal,Setubal,full guide listing
2018,Degust’AR,Evora,full guide listing
2018,Digby,Porto,full guide listing
2018,Divinus,Evora,full guide listing
2018,Dom Joaquim,Evora,full guide listing
2018,Dom José,Bombarral,full guide listing
2018,Dom José Pinhão,Constancia,full guide listing
2018,Dom Pedro de Pitões,Montalegre,full guide listing
2018,Dom Sesnando,Penela,full guide listing
2018,Don Peixe,Alcochete,full guide listing
2018,Dona Bia,Alcacer Do Sal,full guide listing
2018,Dona Ferreirinha,Castelo Branco,full guide listing
2018,Dona Isilda,Palmela,full guide listing
2018,DownUnder by Justin Jennings,Lisboa,full guide listing
2018,Duque de Caminha,Caminha,full guide listing
2018,Dux - Petiscos & Vinhos,Coimbra,full guide listing
2018,Dóri,Ilhavo,full guide listing
2018,Egoísta,Povoa De Varzim,full guide listing
2018,El Olivo,Braga,full guide listing
2018,Eleven,Lisboa,full guide listing
2018,Em Banho Maria,Peniche,full guide listing
2018,Encosta da Muralha,Castelo Branco,full guide listing
2018,Enoteca Cartuxa,Evora,full guide listing
2018,Espalha Brasas,Borba,full guide listing
2018,Esplanada Furnas,Mafra,full guide listing
2018,Esplanada Marisqueira A Antiga,Matosinhos,full guide listing
2018,Esquina do Avesso,Matosinhos,full guide listing
2018,Estoril Mandarim,Cascais,full guide listing
2018,Euskalduna Studio,Porto,full guide listing
2018,Fajã dos Padres,Camara De Lobos,full guide listing
2018,Faro e Benfica,Faro,full guide listing
2018,Feitoria,Lisboa,full guide listing
2018,Ferrugem,Vila Nova De Famalicao,full guide listing
2018,Fialho,Evora,full guide listing
2018,Fio D'Azeite,Aljustrel,full guide listing
2018,Flavors,Palmela,full guide listing
2018,Flor de Sal,Mirandela,full guide listing
2018,Flor de Sal,Entroncamento,full guide listing
2018,Flor do Ave,Trofa,full guide listing
2018,Florêncio,Guimaraes,full guide listing
2018,Foral de Melgaço,Melgaco,full guide listing
2018,Fornos de Lava,Velas,full guide listing
2018,Fortaleza do Guincho,Cascais,full guide listing
2018,Furnas do Guincho,Cascais,full guide listing
2018,Fusion,Loule,full guide listing
2018,G Pousada Restaurante,Braganca,full guide listing
2018,Gadanha Mercearia e Restaurante,Estremoz,full guide listing
2018,Galeria,Almada,full guide listing
2018,Galeria do Largo,Porto,full guide listing
2018,Gambrinus,Lisboa,full guide listing
2018,Genuíno,Horta,full guide listing
2018,Gigi's,Loule,full guide listing
2018,Gilão,Tavira,full guide listing
2018,Gusto by Heinz Beck,Loule,full guide listing
2018,Helana,Idanha A Nova,full guide listing
2018,Henrique Leis,Loule,full guide listing
2018,Herdade do Sobroso,Vidigueira,full guide listing
2018,Herdade dos Grous,Beja,full guide listing
2018,Hool,Guimaraes,full guide listing
2018,Il Gallo D'Oro,Funchal,full guide listing
2018,Incomum by Luis Santos,Sintra,full guide listing
2018,JNcQUOI Avenida,Lisboa,full guide listing
2018,Jorge do Peixe,Loule,full guide listing
2018,Kalifa OK,Mogadouro,full guide listing
2018,Kanazawa,Lisboa,full guide listing
2018,L'AND Vineyards Restaurante,Montemor O Novo,full guide listing
2018,LAB by Sergi Arola,Sintra,full guide listing
2018,LOCO,Lisboa,full guide listing
2018,La Cigale,Albufeira,full guide listing
2018,Largo do Paço,Amarante,full guide listing
2018,Legacy Winery,Estremoz,full guide listing
2018,Lisboa à Vista,Seixal,full guide listing
2018,Luar da Foia,Monchique,full guide listing
2018,Lá em Casa,Gouveia,full guide listing
2018,MUU Steakhouse,Porto,full guide listing
2018,Madre de Água,Gouveia,full guide listing
2018,Malhadinha Nova,Beja,full guide listing
2018,Manuel Azinheirinha,Montemor O Novo,full guide listing
2018,Manuel Júlio,Mealhada,full guide listing
2018,Mar do Inferno,Cascais,full guide listing
2018,Maria Rita,Mirandela,full guide listing
2018,Marinheiro,Povoa De Varzim,full guide listing
2018,Marisco na Praça,Cascais,full guide listing
2018,Mariserra,Ponta Delgada,full guide listing
2018,Marisqueira Costa Alentejana,Odemira,full guide listing
2018,Marisqueira O Barqueiro,Funchal,full guide listing
2018,Marisqueira Os Fialhos,Tavira,full guide listing
2018,Marisqueira Rui,Silves,full guide listing
2018,Maré Alta - Peixe & Mariscos,Machico,full guide listing
2018,Marégrafo,Figueira Da Foz,full guide listing
2018,Mercado à Mesa,Santiago Do Cacem,full guide listing
2018,Mesa com Tradição,Vila Nova De Gaia,full guide listing
2018,Mesa de Lemos,Viseu,full guide listing
2018,Mesón Andaluz,Lisboa,full guide listing
2018,Mezanino - Finger Food & Bar,Guimaraes,full guide listing
2018,Mezze Portugal by Pão a Pão,Lisboa,full guide listing
2018,Midori,Sintra,full guide listing
2018,Mistu,Porto,full guide listing
2018,Mizu Teppanyaki,Lagoa Algarve,full guide listing
2018,Moinho Alentejano,Almada,full guide listing
2018,Molhó Bico,Serpa,full guide listing
2018,Monverde,Amarante,full guide listing
2018,Mosteiro do Leitão,Batalha,full guide listing
2018,Mugasa,Anadia,full guide listing
2018,Mundo,Porto,full guide listing
2018,Muralha da Sé,Viseu,full guide listing
2018,Museu da Chanfana,Miranda Do Corvo,full guide listing
2018,Mário Luso,Vila Nova De Gaia,full guide listing
2018,Narcissus Fernandesii,Vila Vicosa,full guide listing
2018,Notes Bar & Kitchen,Coimbra,full guide listing
2018,Noélia,Tavira,full guide listing
2018,O Abel,Braganca,full guide listing
2018,O Adro,Serpa,full guide listing
2018,O Alambique de Ouro,Fundao,full guide listing
2018,O Alpendre,Arraiolos,full guide listing
2018,O Ancoradouro,Madalena,full guide listing
2018,O Arquinho do Castelo,Matosinhos,full guide listing
2018,O Açude,Coimbra,full guide listing
2018,O Bairro,Aveiro,full guide listing
2018,O Brouas,Paredes,full guide listing
2018,O Buke,Pampilhosa Da Serra,full guide listing
2018,O Cantinho do Aziz,Lisboa,full guide listing
2018,O Cantinho do Tito,Viseu,full guide listing
2018,O Chana do Bernardino,Redondo,full guide listing
2018,O Chanquinhas,Matosinhos,full guide listing
2018,O Charneco,Lagoa Algarve,full guide listing
2018,O Convite,Ourem,full guide listing
2018,O Cortiço,Viseu,full guide listing
2018,O Cruzeiro,Idanha A Nova,full guide listing
2018,O Escaroupim,Salvaterra De Magos,full guide listing
2018,O Escondido de Chamosinhos,Valenca,full guide listing
2018,O Fuso,Arruda Dos Vinhos,full guide listing
2018,O Gafanhoto,Ilhavo,full guide listing
2018,O Gaveto,Matosinhos,full guide listing
2018,O Geadas,Braganca,full guide listing
2018,O Horta,Olhao,full guide listing
2018,O Lagar,Torre De Moncorvo,full guide listing
2018,O Laranjeira,Viana Do Castelo,full guide listing
2018,O Moinho,Almodovar,full guide listing
2018,O Montanhês,Macedo De Cavaleiros,full guide listing
2018,O Nobre,Lisboa,full guide listing
2018,O Orelhas,Oeiras,full guide listing
2018,O Padeiro,Ponte De Sor,full guide listing
2018,O Paparico,Porto,full guide listing
2018,O Paulo,Aljezur,full guide listing
2018,O Peixeiro,Espinho,full guide listing
2018,O Peleiro,Figueira Da Foz,full guide listing
2018,O Pelourinho,Arraiolos,full guide listing
2018,O Pão Saloio,Lourinha,full guide listing
2018,O Rápido,Porto,full guide listing
2018,O Sapo,Penafiel,full guide listing
2018,O Telheiro,Aveiro,full guide listing
2018,O Toucinho,Almeirim,full guide listing
2018,O Típico,Agueda,full guide listing
2018,O Túlio,Nisa,full guide listing
2018,O Valério,Mangualde,full guide listing
2018,O Victor,Povoa De Lanhoso,full guide listing
2018,O Xarroco,Matosinhos,full guide listing
2018,O Álvaro,Portalegre,full guide listing
2018,ODE Porto Wine House,Porto,full guide listing
2018,Ocean,Lagoa Algarve,full guide listing
2018,Oficina,Porto,full guide listing
2018,Olivença,Ponte De Sor,full guide listing
2018,Olivier Avenida,Lisboa,full guide listing
2018,Origens,Evora,full guide listing
2018,Os Tibetanos,Lisboa,full guide listing
2018,"PVP: Pão, Vinho e Petiscos",Funchal,full guide listing
2018,Paladares da Quinta,Lagoa Sao Miguel,full guide listing
2018,Palma,Monforte,full guide listing
2018,Papa-Figos,Torres Novas,full guide listing
2018,Parrilla Natural,Loule,full guide listing
2018,Paço da Rainha,Lisboa,full guide listing
2018,Paço dos Cunhas de Santar,Nelas,full guide listing
2018,País das Uvas,Vidigueira,full guide listing
2018,Pedra Furada,Barcelos,full guide listing
2018,Pedro Lemos,Porto,full guide listing
2018,Pequeno Mundo,Loule,full guide listing
2018,Petz Bar,Carregal Do Sal,full guide listing
2018,Pizzeria Casa Vostra,Loule,full guide listing
2018,Pompílio,Elvas,full guide listing
2018,Ponta da Calheta,Porto Santo,full guide listing
2018,Ponte Velha,Serta,full guide listing
2018,Portarossa,Porto,full guide listing
2018,Porto Novo,Porto,full guide listing
2018,Porto das Barcas,Odemira,full guide listing
2018,Prado,Lisboa,full guide listing
2018,Puro 4050,Porto,full guide listing
2018,Puttanesca,Leiria,full guide listing
2018,Páteo Real,Alter Do Chao,full guide listing
2018,Páteo Velho,Alenquer,full guide listing
2018,Páteo das Flores,Porto,full guide listing
2018,Pátio dos Petiscos,Montemor O Novo,full guide listing
2018,Pérola da Serra,Palmela,full guide listing
2018,Pôr do Sol,Lajes Das Flores,full guide listing
2018,Q.B. - Food Court,Angra Do Heroismo,full guide listing
2018,Quanjude,Lisboa,full guide listing
2018,Quinta da Serra,Camara De Lobos,full guide listing
2018,Quinta de Cabriz,Carregal Do Sal,full guide listing
2018,Quinta do Caminho,Valenca,full guide listing
2018,Quinta do Encontro,Anadia,full guide listing
2018,Quinta do Furão,Santana,full guide listing
2018,Quinta do Portal,Sabrosa,full guide listing
2018,Quinta dos Sabores,Ribeira Grande,full guide listing
2018,RIB - Beef & Wine,Lisboa,full guide listing
2018,Rabelo,Alijo,full guide listing
2018,Real Indiana,Porto,full guide listing
2018,Reitoria,Porto,full guide listing
2018,Restaurante Piscina Azenhas do Mar,Sintra,full guide listing
2018,Restaurante Vale de Abraão,Lamego,full guide listing
2018,Restaurante da Adraga,Sintra,full guide listing
2018,Restaurante da Pousada Mosteiro de Amares,Amares,full guide listing
2018,Retiro da Cabreira,Vieira Do Minho,full guide listing
2018,Ria,Loule,full guide listing
2018,Rib Beef & Wine Porto,Porto,full guide listing
2018,Ribamar,Sesimbra,full guide listing
2018,Ribeirinha do Sado,Setubal,full guide listing
2018,Rio Beça,Boticas,full guide listing
2018,Ristorante Belmondo,Lagoa Algarve,full guide listing
2018,Robalo,Sabugal,full guide listing
2018,Romando Privé,Vila Do Conde,full guide listing
2018,SHIKO - Tasca Japonesa,Porto,full guide listing
2018,Sabores da Aldeia,Lousa,full guide listing
2018,Sabores da Quinta,Celorico De Basto,full guide listing
2018,Sabores da Ria,Olhao,full guide listing
2018,Sabores de Monsaraz,Reguengos De Monsaraz,full guide listing
2018,Sabores do Campo,Sao Bras De Alportel,full guide listing
2018,Salarium - Sal & Sabores,Rio Maior,full guide listing
2018,Salpoente,Aveiro,full guide listing
2018,Salão Nobre - Vidago Palace Hotel,Chaves,full guide listing
2018,Santa Luzia,Viseu,full guide listing
2018,Santa Quitéria,Felgueiras,full guide listing
2018,Senses,Lagos,full guide listing
2018,Sete Restaurante,Coimbra,full guide listing
2018,Simply Tapas & Vinho,Loule,full guide listing
2018,Soadro do Zêzere,Guarda,full guide listing
2018,Solar Bragançano,Braganca,full guide listing
2018,Solar do Forcado,Portalegre,full guide listing
2018,Solar dos Amigos,Caldas Da Rainha,full guide listing
2018,Solar dos Nunes,Lisboa,full guide listing
2018,Solar dos Pintor,Loures,full guide listing
2018,Solar dos Presuntos,Lisboa,full guide listing
2018,Sra. Peliteiro,Esposende,full guide listing
2018,Suba,Lisboa,full guide listing
2018,Sueste,Lagoa Algarve,full guide listing
2018,Sul,Mafra,full guide listing
2018,Sushi Yama,Loule,full guide listing
2018,São Gião,Guimaraes,full guide listing
2018,São Valentim,Matosinhos,full guide listing
2018,Taberna - Bairro do Avillez,Lisboa,full guide listing
2018,Taberna A Laranjinha,Covilha,full guide listing
2018,Taberna Sal Grosso,Lisboa,full guide listing
2018,Taberna Tintos & Petiscos,Monforte,full guide listing
2018,Taberna Típica Quarta-Feira,Evora,full guide listing
2018,Taberna d'Adélia,Nazare,full guide listing
2018,Taberna da Helena,Carrazeda De Ansiaes,full guide listing
2018,Taberna da Maré,Portimao,full guide listing
2018,Taberna do Adro,Elvas,full guide listing
2018,Taberna do Alfaiate,Cartaxo,full guide listing
2018,Taberna do Arrufa,Cuba,full guide listing
2018,Taberna do Carró,Torre De Moncorvo,full guide listing
2018,Taberna do Liberato,Moura,full guide listing
2018,Taberna do Quinzena,Santarem,full guide listing
2018,Tasca Maria Faia,Castelo Branco,full guide listing
2018,Tasca da Esquina,Lisboa,full guide listing
2018,Tasca da Quinta,Peso Da Regua,full guide listing
2018,Tasca do Bernardo - O Cantinho da Elisabeth,Odemira,full guide listing
2018,Tasca do Celso,Odemira,full guide listing
2018,Tasca do Joel,Peniche,full guide listing
2018,Tasca do Montinho,Avis,full guide listing
2018,Tasca do Petrol,Monchique,full guide listing
2018,Tasquinha da D. Maria,Porto De Mos,full guide listing
2018,Tasquinha da Linda,Viana Do Castelo,full guide listing
2018,Tasquinha do Fumo,Baiao,full guide listing
2018,Tasquinha do Matias,Tarouca,full guide listing
2018,Tasquinha do Oliveira,Evora,full guide listing
2018,Taverna Vaca das Cordas,Ponte De Lima,full guide listing
2018,Taverna do 8 ó 80,Nazare,full guide listing
2018,Taxo,Cartaxo,full guide listing
2018,Terra Chã,Rio Maior,full guide listing
2018,Terra Mãe,Santa Maria Da Feira,full guide listing
2018,Terraçu's Winery Restaurant,Sabrosa,full guide listing
2018,Tertúlia da Quinta,Almeirim,full guide listing
2018,Thai Vilamoura,Loule,full guide listing
2018,The Blini,Vila Nova De Gaia,full guide listing
2018,The Wine House Restaurante - Quinta da Pacheca,Lamego,full guide listing
2018,The Yeatman,Vila Nova De Gaia,full guide listing
2018,Tia Alice,Ourem,full guide listing
2018,Tia Orlanda,Porto,full guide listing
2018,Toca da Raposa,Sao Joao Da Pesqueira,full guide listing
2018,Tomo,Oeiras,full guide listing
2018,Torres,Vila Verde,full guide listing
2018,Toupeirinho,Matosinhos,full guide listing
2018,Traça,Porto,full guide listing
2018,Turismo Restaurante,Barcelos,full guide listing
2018,Tábua d'Aço,Tabuaco,full guide listing
2018,Uva Restaurante e Wine Bar,Funchal,full guide listing
2018,Valle Flôr,Lisboa,full guide listing
2018,Vallecula,Guarda,full guide listing
2018,Varanda,Lisboa,full guide listing
2018,Varanda da Estrela,Covilha,full guide listing
2018,Varanda do Casal,Figueiro Dos Vinhos,full guide listing
2018,Veneza,Albufeira,full guide listing
2018,Via Graça,Lisboa,full guide listing
2018,Vidal,Agueda,full guide listing
2018,Vila Joya,Albufeira,full guide listing
2018,Vila Vita Biergarten,Lagoa Algarve,full guide listing
2018,Villa Cipriani,Funchal,full guide listing
2018,"Vimieiro - Food, Drinks & Friends",Penacova,full guide listing
2018,Vindouro,Lamego,full guide listing
2018,Vinum Restaurant & Wine Bar,Vila Nova De Gaia,full guide listing
2018,Vista,Portimao,full guide listing
2018,Vistas Rui Silvestre,Vila Real De Santo Antonio,full guide listing
2018,Voltar ao Cais,Vila Franca De Xira,full guide listing
2018,Várzea Horta & Bistrô,Aljezur,full guide listing
2018,William Restaurant,Funchal,full guide listing
2018,Willie's,Loule,full guide listing
2018,Wine Bar 3V’s,Porto Santo,full guide listing
2018,Wish Restaurante & Sushi,Porto,full guide listing
2018,À Terra Azor,Ponta Delgada,full guide listing
2018,Àbabuja,Portimao,full guide listing
2018,Água e Sal,Sintra,full guide listing
2018,Ó Balcão,Santarem,full guide listing
2019,100 Maneiras,Lisboa,full guide listing
2019,1811 - Bistro & Wine Bar,Funchal,full guide listing
2019,1942,Elvas,full guide listing
2019,2 Passos,Loule,full guide listing
2019,3 Pipos,Tondela,full guide listing
2019,490 Taberna STB,Setubal,full guide listing
2019,7 à 7,Moncao,full guide listing
2019,A Azenha do Mar,Odemira,full guide listing
2019,A Barca - Tranquitanas,Odemira,full guide listing
2019,A Bolota,Elvas,full guide listing
2019,A Cabana,Esposende,full guide listing
2019,A Carvalheira,Ponte De Lima,full guide listing
2019,A Cavalariça,Castro Verde,full guide listing
2019,A Cave,Ilhavo,full guide listing
2019,A Celeste,Nazare,full guide listing
2019,A Cevicheria,Lisboa,full guide listing
2019,A Charrette,Monchique,full guide listing
2019,A Comidinha,Lagos,full guide listing
2019,A Confraria,Castelo De Vide,full guide listing
2019,A Cozinha do Manel,Porto,full guide listing
2019,A Cozinha por António Loureiro,Guimaraes,full guide listing
2019,A Eira do Mel,Vila Do Bispo,full guide listing
2019,A Escola,Alcacer Do Sal,full guide listing
2019,A Esquina,Barrancos,full guide listing
2019,A Estalagem,Arronches,full guide listing
2019,A Estrela da Mó,Vila Nova De Poiares,full guide listing
2019,A Lareira,Mogadouro,full guide listing
2019,A Luciana,Oliveira De Frades,full guide listing
2019,A Lúria,Tomar,full guide listing
2019,A Maria,Alandroal,full guide listing
2019,A Pipa,Beja,full guide listing
2019,A Taberna,Coimbra,full guide listing
2019,A Talha,Chaves,full guide listing
2019,A Talha de Azeite,Grandola,full guide listing
2019,A Tasca,Ponta Delgada,full guide listing
2019,A Tasca da Galega,Barreiro,full guide listing
2019,A Tulha,Ponte De Lima,full guide listing
2019,A Ver Tavira,Tavira,full guide listing
2019,Abrigo do Pastor,Santa Cruz,full guide listing
2019,Adega Faustino,Chaves,full guide listing
2019,Adega Sabino,Melgaco,full guide listing
2019,Adega Típica 25 de Abril,Beja,full guide listing
2019,Adega Típica da Pena,Sao Pedro Do Sul,full guide listing
2019,Adega Velha,Mourao,full guide listing
2019,Adega Vila Lisa,Portimao,full guide listing
2019,Adega da Tia Matilde,Lisboa,full guide listing
2019,Adega do Albertino,Caldas Da Rainha,full guide listing
2019,Adega dos Apalaches,Oleiros,full guide listing
2019,Adega dos Ramalhos,Alandroal,full guide listing
2019,Afonso,Mora,full guide listing
2019,Aidé,Pacos De Ferreira,full guide listing
2019,Aki-D'el-Mar,Nazare,full guide listing
2019,Al Quimia,Albufeira,full guide listing
2019,Alabote,Ribeira Grande,full guide listing
2019,Alambique,Calheta,full guide listing
2019,Alameda Restaurante & Rooftop,Faro,full guide listing
2019,Alecrim,Estremoz,full guide listing
2019,Alentejo à Mesa,Estremoz,full guide listing
2019,Alentejo.Come,Amadora,full guide listing
2019,Alma,Lisboa,full guide listing
2019,Almeja,Porto,full guide listing
2019,Almourol,Vila Nova Da Barquinha,full guide listing
2019,Alquimia,Covilha,full guide listing
2019,Altinho - Tapas e Petiscos,Aljezur,full guide listing
2019,Amarra Ó Tejo,Almada,full guide listing
2019,Ammar,Matosinhos,full guide listing
2019,Anfiteatro,Ponta Delgada,full guide listing
2019,Antiqvvm,Porto,full guide listing
2019,António Padeiro,Alcobaca,full guide listing
2019,António Tá Certo,Loule,full guide listing
2019,Aquário Marisqueira d'Espinho,Espinho,full guide listing
2019,Ararate,Lisboa,full guide listing
2019,Arcadas,Coimbra,full guide listing
2019,Arcoense,Braga,full guide listing
2019,Arte & Sal,Sines,full guide listing
2019,Astória,Porto,full guide listing
2019,Augusta,Braga,full guide listing
2019,Avenida Restaurante,Lagos,full guide listing
2019,B&G,Grandola,full guide listing
2019,B&G Vilalara Thalassa Resort,Lagoa Algarve,full guide listing
2019,Bacalhau & Afins,Aveiro,full guide listing
2019,Balcony Restaurant,Ponta Delgada,full guide listing
2019,Baptista,Caminha,full guide listing
2019,Bar do Peixe,Sesimbra,full guide listing
2019,Beira Mar,Cascais,full guide listing
2019,Beira Mar,Angra Do Heroismo,full guide listing
2019,Belcanto,Lisboa,full guide listing
2019,Berne,Manteigas,full guide listing
2019,Bistro 100 Maneiras,Lisboa,full guide listing
2019,Boa-Bao,Porto,full guide listing
2019,Bocados Restaurante,Ponte De Lima,full guide listing
2019,Boi-Cavalo,Lisboa,full guide listing
2019,Bon Bon,Lagoa Algarve,full guide listing
2019,Bovino Steakhouse,Loule,full guide listing
2019,Burro Velho,Batalha,full guide listing
2019,CISCO - Cozinha Tradicional,Almeirim,full guide listing
2019,Cabicanca,Aguiar Da Beira,full guide listing
2019,Cabra Preta,Castelo Branco,full guide listing
2019,Cafeína,Porto,full guide listing
2019,Café Alentejo,Evora,full guide listing
2019,Café Oriental,Guimaraes,full guide listing
2019,Café de São Bento,Lisboa,full guide listing
2019,Cais da Estação,Sines,full guide listing
2019,Cais da Villa,Vila Real,full guide listing
2019,Cais do Pescado,Aveiro,full guide listing
2019,Caloura Bar Restaurante,Lagoa Sao Miguel,full guide listing
2019,Calça Curta,Carrazeda De Ansiaes,full guide listing
2019,Camelo,Viana Do Castelo,full guide listing
2019,Camelo,Seia,full guide listing
2019,Cancela Velha,Marco De Canaveses,full guide listing
2019,Caneiro,Cabeceiras De Basto,full guide listing
2019,Caneta,Angra Do Heroismo,full guide listing
2019,Caniço,Portimao,full guide listing
2019,Cantarinha do Guadiana,Vila Real De Santo Antonio,full guide listing
2019,Cantiflas,Sao Joao Da Pesqueira,full guide listing
2019,Cantinho da Serra,Santana,full guide listing
2019,Cantinho do Antigamente,Terras De Bouro,full guide listing
2019,Cantinho do Avillez,Porto,full guide listing
2019,Canto dos Sabores,Vendas Novas,full guide listing
2019,Capriola,Golega,full guide listing
2019,Carvalho,Chaves,full guide listing
2019,Casa Arménio,Montemor O Velho,full guide listing
2019,Casa Arouquesa,Viseu,full guide listing
2019,Casa Chef Victor Felisberto,Abrantes,full guide listing
2019,Casa Cristininha,Santo Tirso,full guide listing
2019,Casa D'oro,Porto,full guide listing
2019,Casa Mateus,Sesimbra,full guide listing
2019,Casa Mattos,Estarreja,full guide listing
2019,Casa Nanda,Porto,full guide listing
2019,Casa Ti'Augusta,Proenca A Nova,full guide listing
2019,Casa Velha,Loule,full guide listing
2019,Casa Velha do Palheiro,Funchal,full guide listing
2019,Casa Ventura,Amarante,full guide listing
2019,Casa da Caínha,Mondim De Basto,full guide listing
2019,Casa da Dízima,Oeiras,full guide listing
2019,Casa da Esquila,Sabugal,full guide listing
2019,Casa da Nora,Leiria,full guide listing
2019,Casa das Hortas,Braga,full guide listing
2019,Casa das Velhas,Vila Nova De Cerveira,full guide listing
2019,Casa de Chá da Boa Nova,Matosinhos,full guide listing
2019,Casa do Avô,Sernancelhe,full guide listing
2019,Casa do Ensaio,Ansiao,full guide listing
2019,Casa do Pedro,Boticas,full guide listing
2019,Casa do Polvo,Tavira,full guide listing
2019,Casa dos Bifes Caetano,Arouca,full guide listing
2019,Casario,Porto,full guide listing
2019,Casas do Bragal,Coimbra,full guide listing
2019,Casinha Velha,Leiria,full guide listing
2019,Casta 85,Alenquer,full guide listing
2019,Castas e Pratos,Peso Da Regua,full guide listing
2019,Castro da Cola,Ourique,full guide listing
2019,Ceia,Lisboa,full guide listing
2019,Cella Bar,Madalena,full guide listing
2019,Cervejaria Brasão Aliados,Porto,full guide listing
2019,Cervejaria Mar,Aljezur,full guide listing
2019,Cervejaria Ramiro,Lisboa,full guide listing
2019,Chalet Vicente,Funchal,full guide listing
2019,Chaxoila Casa de Pasto,Vila Real,full guide listing
2019,Chez Daniel,Santiago Do Cacem,full guide listing
2019,Chico Elias,Tomar,full guide listing
2019,Churrasqueira Filip.é,Marvao,full guide listing
2019,Chutnify,Lisboa,full guide listing
2019,Chá com Água Salgada,Vila Real De Santo Antonio,full guide listing
2019,Cimas,Cascais,full guide listing
2019,Cinta d'Ouro,Freixo De Espada A Cinta,full guide listing
2019,Clube de Caçadores,Viseu,full guide listing
2019,Colher de Pau,Vale De Cambra,full guide listing
2019,Colmeia,Guarda,full guide listing
2019,Come Prima,Lisboa,full guide listing
2019,Comida de Santo,Lisboa,full guide listing
2019,Comporta Café,Grandola,full guide listing
2019,Convento de Belmonte Gourmet,Belmonte,full guide listing
2019,Costa do Sol,Vila Pouca De Aguiar,full guide listing
2019,Costa do Vez,Arcos De Valdevez,full guide listing
2019,Cova da Loba,Celorico Da Beira,full guide listing
2019,Cozinha Típica do Montemuro - Mezio,Castro Daire,full guide listing
2019,Cozinha d'Aboim,Portel,full guide listing
2019,Cozinha da Clara,Sabrosa,full guide listing
2019,Cozinha da Sé,Braga,full guide listing
2019,Cozinha da Terra,Paredes,full guide listing
2019,Cruel,Porto,full guide listing
2019,Cêpa Torta,Alijo,full guide listing
2019,D'Bacalhau,Lisboa,full guide listing
2019,D. Roberto,Braganca,full guide listing
2019,DOC,Armamar,full guide listing
2019,DOP,Porto,full guide listing
2019,Degust’AR,Evora,full guide listing
2019,Destilaria do Ferrador,Odemira,full guide listing
2019,Divinus,Evora,full guide listing
2019,Dom Joaquim,Evora,full guide listing
2019,Dom José,Bombarral,full guide listing
2019,Dom José Pinhão,Constancia,full guide listing
2019,Dom Sesnando,Penela,full guide listing
2019,Don Peixe,Alcochete,full guide listing
2019,Dona Bia,Alcacer Do Sal,full guide listing
2019,Dona Ferreirinha,Castelo Branco,full guide listing
2019,Dona Isilda,Palmela,full guide listing
2019,Duque de Caminha,Caminha,full guide listing
2019,Dux - Petiscos & Vinhos,Coimbra,full guide listing
2019,Dóri,Ilhavo,full guide listing
2019,EPUR,Lisboa,full guide listing
2019,Egoísta,Povoa De Varzim,full guide listing
2019,Eira dos Sabores,Vouzela,full guide listing
2019,Elemento,Porto,full guide listing
2019,Eleven,Lisboa,full guide listing
2019,Encosta da Muralha,Castelo Branco,full guide listing
2019,Enoteca 17.56,Vila Nova De Gaia,full guide listing
2019,Enoteca Cartuxa,Evora,full guide listing
2019,Entre Portas,Pinhel,full guide listing
2019,Espalha Brasas,Borba,full guide listing
2019,Espaço Casa Amarela,Mertola,full guide listing
2019,Esplanada Furnas,Mafra,full guide listing
2019,Esplanada Marisqueira A Antiga,Matosinhos,full guide listing
2019,Esquina do Avesso,Matosinhos,full guide listing
2019,Estaminé,Faro,full guide listing
2019,Estoril Mandarim,Cascais,full guide listing
2019,Estrela do Mar,Marinha Grande,full guide listing
2019,Euskalduna Studio,Porto,full guide listing
2019,Fajã dos Padres,Camara De Lobos,full guide listing
2019,Faro e Benfica,Faro,full guide listing
2019,Fava Tonka,Matosinhos,full guide listing
2019,FeelViana Restaurante,Viana Do Castelo,full guide listing
2019,Feitoria,Lisboa,full guide listing
2019,Ferradosa - Cais da Estação,Sao Joao Da Pesqueira,full guide listing
2019,Ferrugem,Vila Nova De Famalicao,full guide listing
2019,Fialho,Evora,full guide listing
2019,Fifty Seconds,Lisboa,full guide listing
2019,Fio D'Azeite,Aljustrel,full guide listing
2019,Flavors,Palmela,full guide listing
2019,Flor de Sal,Mirandela,full guide listing
2019,Flor de Sal,Entroncamento,full guide listing
2019,Flor do Ave,Trofa,full guide listing
2019,Florêncio,Guimaraes,full guide listing
2019,Foral de Melgaço,Melgaco,full guide listing
2019,Forno da Mimi & Rodízio Real,Viseu,full guide listing
2019,Fornos de Lava,Velas,full guide listing
2019,Fortaleza do Guincho,Cascais,full guide listing
2019,Frida - Cocina Mestiza,Porto,full guide listing
2019,Furnas do Guincho,Cascais,full guide listing
2019,G Pousada Restaurante,Braganca,full guide listing
2019,Gadanha Mercearia e Restaurante,Estremoz,full guide listing
2019,Galeria,Almada,full guide listing
2019,Galeria do Largo,Porto,full guide listing
2019,Gambrinus,Lisboa,full guide listing
2019,Genuíno,Horta,full guide listing
2019,Geographia,Lisboa,full guide listing
2019,Gigi's,Loule,full guide listing
2019,Gilão,Tavira,full guide listing
2019,Gomes - Casa de Vinhos e Petiscos,Alcacer Do Sal,full guide listing
2019,Grand Salon,Vila Real De Santo Antonio,full guide listing
2019,Green Valley Restaurant,Camara De Lobos,full guide listing
2019,Gusto by Heinz Beck,Loule,full guide listing
2019,Helana,Idanha A Nova,full guide listing
2019,Henrique Leis,Loule,full guide listing
2019,Herdade do Sobroso,Vidigueira,full guide listing
2019,Hermínia,Fundao,full guide listing
2019,Hool,Guimaraes,full guide listing
2019,Ichiban,Porto,full guide listing
2019,Il Gallo D'Oro,Funchal,full guide listing
2019,In Diferente,Porto,full guide listing
2019,Incomum by Luis Santos,Sintra,full guide listing
2019,JNcQUOI Avenida,Lisboa,full guide listing
2019,Jorge do Peixe,Loule,full guide listing
2019,Kampo by Chef Júlio Pereira,Funchal,full guide listing
2019,Kanazawa,Lisboa,full guide listing
2019,L'AND Vineyards Restaurante,Montemor O Novo,full guide listing
2019,LAB by Sergi Arola,Sintra,full guide listing
2019,LOCO,Lisboa,full guide listing
2019,La Cigale,Albufeira,full guide listing
2019,Largo do Paço,Amarante,full guide listing
2019,Le Babachris,Guimaraes,full guide listing
2019,Le Monument,Porto,full guide listing
2019,Luar da Foia,Monchique,full guide listing
2019,Lá ao Fundo,Funchal,full guide listing
2019,Lá em Casa,Gouveia,full guide listing
2019,MUU Steakhouse,Porto,full guide listing
2019,Madre de Água,Gouveia,full guide listing
2019,Magma,Sao Roque Do Pico,full guide listing
2019,Magnuns & Co.,Mealhada,full guide listing
2019,Malhadinha Nova,Beja,full guide listing
2019,Manuel Azinheirinha,Montemor O Novo,full guide listing
2019,Manuel Júlio,Mealhada,full guide listing
2019,Mar d'Estórias,Lagos,full guide listing
2019,Mar do Inferno,Cascais,full guide listing
2019,Maria Rita,Mirandela,full guide listing
2019,Marinheiro,Povoa De Varzim,full guide listing
2019,Marisco na Praça,Cascais,full guide listing
2019,Mariserra,Ponta Delgada,full guide listing
2019,Marisqueira Costa Alentejana,Odemira,full guide listing
2019,Marisqueira Mirandum,Peniche,full guide listing
2019,Marisqueira O Barqueiro,Funchal,full guide listing
2019,Marisqueira Os Fialhos,Tavira,full guide listing
2019,Marisqueira Rui,Silves,full guide listing
2019,Marquês de Marialva,Cantanhede,full guide listing
2019,Maré Alta - Peixe & Mariscos,Machico,full guide listing
2019,Marégrafo,Figueira Da Foz,full guide listing
2019,Mercado à Mesa,Santiago Do Cacem,full guide listing
2019,Mesa Real,Mealhada,full guide listing
2019,Mesa com Tradição,Vila Nova De Gaia,full guide listing
2019,Mesa de Lemos,Viseu,full guide listing
2019,Mesón Andaluz,Lisboa,full guide listing
2019,Mezanino - Finger Food & Bar,Guimaraes,full guide listing
2019,Mezze Portugal by Pão a Pão,Lisboa,full guide listing
2019,Midori,Sintra,full guide listing
2019,Mistu,Porto,full guide listing
2019,Mito,Porto,full guide listing
2019,Mizu Teppanyaki,Lagoa Algarve,full guide listing
2019,Moinho Alentejano,Almada,full guide listing
2019,Molhó Bico,Serpa,full guide listing
2019,Monverde,Amarante,full guide listing
2019,Mosteiro do Leitão,Batalha,full guide listing
2019,Mugasa,Anadia,full guide listing
2019,Mundet Factory,Seixal,full guide listing
2019,Mundo,Porto,full guide listing
2019,Muralha da Sé,Viseu,full guide listing
2019,Museu da Chanfana,Miranda Do Corvo,full guide listing
2019,Mwana Pwo,Lisboa,full guide listing
2019,Mário Luso,Vila Nova De Gaia,full guide listing
2019,Narcissus Fernandesii,Vila Vicosa,full guide listing
2019,Notes Bar & Kitchen,Coimbra,full guide listing
2019,Noélia,Tavira,full guide listing
2019,O Abel,Braganca,full guide listing
2019,O Adro,Serpa,full guide listing
2019,O Alambique de Ouro,Fundao,full guide listing
2019,O Alentejano,Serpa,full guide listing
2019,O Alpendre,Arraiolos,full guide listing
2019,O Ancoradouro,Madalena,full guide listing
2019,O Arquinho do Castelo,Matosinhos,full guide listing
2019,O Açude,Coimbra,full guide listing
2019,O Bairro,Aveiro,full guide listing
2019,O Barracão,Vagos,full guide listing
2019,O Bigodes,Macao,full guide listing
2019,O Brouas,Paredes,full guide listing
2019,O Buke,Pampilhosa Da Serra,full guide listing
2019,O Buraco,Porto,full guide listing
2019,O Cantinho do Aziz,Lisboa,full guide listing
2019,O Cantinho do Tito,Viseu,full guide listing
2019,O Chana do Bernardino,Redondo,full guide listing
2019,O Chanquinhas,Matosinhos,full guide listing
2019,O Charneco,Lagoa Algarve,full guide listing
2019,O Convite,Ourem,full guide listing
2019,O Escaroupim,Salvaterra De Magos,full guide listing
2019,O Escondido de Chamosinhos,Valenca,full guide listing
2019,O Fuso,Arruda Dos Vinhos,full guide listing
2019,O Gafanhoto,Ilhavo,full guide listing
2019,O Gaveto,Matosinhos,full guide listing
2019,O Geadas,Braganca,full guide listing
2019,O Horta,Olhao,full guide listing
2019,O Josué,Odemira,full guide listing
2019,O Lagar,Torre De Moncorvo,full guide listing
2019,O Laranjeira,Viana Do Castelo,full guide listing
2019,O Magano,Lisboa,full guide listing
2019,O Manjar do Marquês,Pombal,full guide listing
2019,O Miguel,Setubal,full guide listing
2019,O Moinho,Ponte Da Barca,full guide listing
2019,O Moinho,Almodovar,full guide listing
2019,O Montanhês,Macedo De Cavaleiros,full guide listing
2019,O Mário,Fundao,full guide listing
2019,O Nobre,Lisboa,full guide listing
2019,O Orelhas,Oeiras,full guide listing
2019,O Padeiro,Ponte De Sor,full guide listing
2019,O Paparico,Porto,full guide listing
2019,O Paulo,Aljezur,full guide listing
2019,O Peixeiro,Espinho,full guide listing
2019,O Peleiro,Figueira Da Foz,full guide listing
2019,O Pelourinho,Arraiolos,full guide listing
2019,O Pão Saloio,Lourinha,full guide listing
2019,O Regional do Cabrito,Condeixa A Nova,full guide listing
2019,O Rápido,Porto,full guide listing
2019,O Sapo,Penafiel,full guide listing
2019,O Telheiro,Aveiro,full guide listing
2019,O Típico,Agueda,full guide listing
2019,O Túlio,Nisa,full guide listing
2019,O Valério,Mangualde,full guide listing
2019,O Victor,Povoa De Lanhoso,full guide listing
2019,O Victor,Montijo,full guide listing
2019,O Álvaro,Portalegre,full guide listing
2019,ODE Porto Wine House,Porto,full guide listing
2019,Ocean,Lagoa Algarve,full guide listing
2019,Oficina,Porto,full guide listing
2019,Olea,Oliveira Do Hospital,full guide listing
2019,Olivença,Ponte De Sor,full guide listing
2019,Origens,Evora,full guide listing
2019,Os Castelhanos,Santa Maria Da Feira,full guide listing
2019,Os Tibetanos,Lisboa,full guide listing
2019,Oxalá,Ovar,full guide listing
2019,"PVP: Pão, Vinho e Petiscos",Funchal,full guide listing
2019,Pabe,Lisboa,full guide listing
2019,Palma,Monforte,full guide listing
2019,Panorama,Abrantes,full guide listing
2019,Papa-Figos,Torres Novas,full guide listing
2019,Parlamento,Arouca,full guide listing
2019,Paço dos Cunhas de Santar,Nelas,full guide listing
2019,País das Uvas,Vidigueira,full guide listing
2019,Pecado,Fundao,full guide listing
2019,Pedra Furada,Barcelos,full guide listing
2019,Pedro Lemos,Porto,full guide listing
2019,Pequeno Mundo,Loule,full guide listing
2019,Petiscaria Preguiça,Vila Nova De Foz Coa,full guide listing
2019,Pizzeria Casa Vostra,Loule,full guide listing
2019,Pompílio,Elvas,full guide listing
2019,Ponta da Calheta,Porto Santo,full guide listing
2019,Ponte Velha,Serta,full guide listing
2019,Portarossa,Porto,full guide listing
2019,Porto Novo,Porto,full guide listing
2019,Porto das Barcas,Odemira,full guide listing
2019,Prado,Lisboa,full guide listing
2019,Praia no Parque,Lisboa,full guide listing
2019,Pulo do Lobo,Beja,full guide listing
2019,Puro 4050,Porto,full guide listing
2019,Puro Beach Vilamoura,Loule,full guide listing
2019,Puttanesca,Leiria,full guide listing
2019,Páteo Real,Alter Do Chao,full guide listing
2019,Páteo Velho,Alenquer,full guide listing
2019,Páteo das Flores,Porto,full guide listing
2019,Pérola da Serra,Palmela,full guide listing
2019,Pôr do Sol,Lajes Das Flores,full guide listing
2019,Q.B. - Food Court,Angra Do Heroismo,full guide listing
2019,Quinta de Cabriz,Carregal Do Sal,full guide listing
2019,Quinta do Caminho,Valenca,full guide listing
2019,Quinta do Encontro,Anadia,full guide listing
2019,Quinta do Furão,Santana,full guide listing
2019,Quinta do Portal,Sabrosa,full guide listing
2019,Quinta dos Sabores,Ribeira Grande,full guide listing
2019,RIB - Beef & Wine,Lisboa,full guide listing
2019,Rabelo,Alijo,full guide listing
2019,Real Indiana,Porto,full guide listing
2019,Recanto dos Carvalhos,Cinfaes,full guide listing
2019,Refeitro da Baixa,Coimbra,full guide listing
2019,Rei das Praias,Lagoa Algarve,full guide listing
2019,Reitoria,Porto,full guide listing
2019,Restaurante & Churrasqueira do Paço,Cabeceiras De Basto,full guide listing
2019,Restaurante Meira,Caminha,full guide listing
2019,Restaurante Piscina Azenhas do Mar,Sintra,full guide listing
2019,Restaurante Vale de Abraão,Lamego,full guide listing
2019,Restaurante da Adraga,Sintra,full guide listing
2019,Restaurante da Herdade do Esporão,Reguengos De Monsaraz,full guide listing
2019,Restaurante da Pousada Mosteiro de Amares,Amares,full guide listing
2019,Restaurante da Quinta do Quetzal,Vidigueira,full guide listing
2019,Retiro da Cabreira,Vieira Do Minho,full guide listing
2019,Rib Beef & Wine Porto,Porto,full guide listing
2019,Ribamar,Sesimbra,full guide listing
2019,Ribeirinha do Sado,Setubal,full guide listing
2019,Rio Beça,Boticas,full guide listing
2019,Robalo,Sabugal,full guide listing
2019,Romando Privé,Vila Do Conde,full guide listing
2019,Roots Restaurant & Bar,Oliveira Do Hospital,full guide listing
2019,SHIKO - Tasca Japonesa,Porto,full guide listing
2019,Sabores da Aldeia,Lousa,full guide listing
2019,Sabores da Quinta,Celorico De Basto,full guide listing
2019,Sabores da Ria,Olhao,full guide listing
2019,Sabores de Monsaraz,Reguengos De Monsaraz,full guide listing
2019,Sabores do Campo,Sao Bras De Alportel,full guide listing
2019,Saca-Rolhas Taberna,Ponta Delgada,full guide listing
2019,Sala de Corte,Lisboa,full guide listing
2019,Salarium - Sal & Sabores,Rio Maior,full guide listing
2019,Salpoente,Aveiro,full guide listing
2019,Salão Nobre - Vidago Palace Hotel,Chaves,full guide listing
2019,Santa Luzia,Viseu,full guide listing
2019,Santa Quitéria,Felgueiras,full guide listing
2019,Santo Amaro,Serta,full guide listing
2019,Seen Lisboa,Lisboa,full guide listing
2019,Segredo d'Alecrim,Fronteira,full guide listing
2019,Sem Porta,Grandola,full guide listing
2019,Senses,Lagos,full guide listing
2019,Sete Restaurante,Coimbra,full guide listing
2019,Simply Tapas & Vinho,Loule,full guide listing
2019,Soadro do Zêzere,Guarda,full guide listing
2019,Solar do Forcado,Portalegre,full guide listing
2019,Solar dos Amigos,Caldas Da Rainha,full guide listing
2019,Solar dos Pintor,Loures,full guide listing
2019,Solar dos Presuntos,Lisboa,full guide listing
2019,Soão - Taberna Asiática,Lisboa,full guide listing
2019,Sra. Peliteiro,Esposende,full guide listing
2019,Subenshi Aveiro,Aveiro,full guide listing
2019,Sueste,Lagoa Algarve,full guide listing
2019,Sul,Mafra,full guide listing
2019,Sushi Yama,Loule,full guide listing
2019,Sála de João Sá,Lisboa,full guide listing
2019,São Gião,Guimaraes,full guide listing
2019,São Valentim,Matosinhos,full guide listing
2019,Taberna - Bairro do Avillez,Lisboa,full guide listing
2019,Taberna A Laranjinha,Covilha,full guide listing
2019,Taberna Laura,Coimbra,full guide listing
2019,Taberna Marginal,Alcobaca,full guide listing
2019,Taberna Sal Grosso,Lisboa,full guide listing
2019,Taberna Tintos & Petiscos,Monforte,full guide listing
2019,Taberna Típica Quarta-Feira,Evora,full guide listing
2019,Taberna d'Adélia,Nazare,full guide listing
2019,Taberna d'Vila,Grandola,full guide listing
2019,Taberna da Maré,Portimao,full guide listing
2019,Taberna da Rua das Flores,Lisboa,full guide listing
2019,Taberna do Adro,Elvas,full guide listing
2019,Taberna do Alfaiate,Cartaxo,full guide listing
2019,Taberna do Arrufa,Cuba,full guide listing
2019,Taberna do Carró,Torre De Moncorvo,full guide listing
2019,Taberna do Ferrador,Pedrogao Grande,full guide listing
2019,Taberna do Liberato,Moura,full guide listing
2019,Taberna do Quinzena,Santarem,full guide listing
2019,Taberna dos Mercadores,Porto,full guide listing
2019,Tasca Maria Faia,Castelo Branco,full guide listing
2019,Tasca da Esquina,Lisboa,full guide listing
2019,Tasca da Lota,Lagos,full guide listing
2019,Tasca da Quinta,Peso Da Regua,full guide listing
2019,Tasca do Celso,Odemira,full guide listing
2019,Tasca do Joel,Peniche,full guide listing
2019,Tasca do Montinho,Avis,full guide listing
2019,Tasca do Petrol,Monchique,full guide listing
2019,Tasquinha Vieira,Ponta Delgada,full guide listing
2019,Tasquinha da D. Maria,Porto De Mos,full guide listing
2019,Tasquinha da Linda,Viana Do Castelo,full guide listing
2019,Tasquinha do Fumo,Baiao,full guide listing
2019,Tasquinha do Matias,Tarouca,full guide listing
2019,Tasquinha do Oliveira,Evora,full guide listing
2019,Tasquinha do Pescador,Praia Da Vitoria,full guide listing
2019,Taverna Vaca das Cordas,Ponte De Lima,full guide listing
2019,Taverna do 8 ó 80,Nazare,full guide listing
2019,Taxo,Cartaxo,full guide listing
2019,Terra,Porto,full guide listing
2019,Terra Chã,Rio Maior,full guide listing
2019,Terra Mãe,Santa Maria Da Feira,full guide listing
2019,Terraçu's Winery Restaurant,Sabrosa,full guide listing
2019,Tertúlia da Quinta,Almeirim,full guide listing
2019,Thai Vilamoura,Loule,full guide listing
2019,The Blini,Vila Nova De Gaia,full guide listing
2019,The Dining Room,Funchal,full guide listing
2019,The George Restaurante & Terrace,Vila Nova De Gaia,full guide listing
2019,The History Man,Obidos,full guide listing
2019,The Old House,Lisboa,full guide listing
2019,The Wine House Restaurante - Quinta da Pacheca,Lamego,full guide listing
2019,The Yeatman,Vila Nova De Gaia,full guide listing
2019,Ti Chôa,Angra Do Heroismo,full guide listing
2019,Tia Alice,Ourem,full guide listing
2019,Tia Orlanda,Porto,full guide listing
2019,Tico Tico,Loule,full guide listing
2019,Toca da Raposa,Sao Joao Da Pesqueira,full guide listing
2019,Tombalobos,Portalegre,full guide listing
2019,Tomo,Oeiras,full guide listing
2019,Torres,Vila Verde,full guide listing
2019,Toupeirinho,Matosinhos,full guide listing
2019,Traça,Porto,full guide listing
2019,Turismo Restaurante,Barcelos,full guide listing
2019,Tábua d'Aço,Tabuaco,full guide listing
2019,Uva Restaurante e Wine Bar,Funchal,full guide listing
2019,Vallecula,Guarda,full guide listing
2019,Varanda,Lisboa,full guide listing
2019,Varanda da Estrela,Covilha,full guide listing
2019,Varanda do Casal,Figueiro Dos Vinhos,full guide listing
2019,Veneza,Albufeira,full guide listing
2019,Via Graça,Lisboa,full guide listing
2019,Vidal,Agueda,full guide listing
2019,Vila Joya,Albufeira,full guide listing
2019,Villa Cipriani,Funchal,full guide listing
2019,"Vimieiro - Food, Drinks & Friends",Penacova,full guide listing
2019,Vindouro,Lamego,full guide listing
2019,Vinum Restaurant & Wine Bar,Vila Nova De Gaia,full guide listing
2019,Vista,Portimao,full guide listing
2019,Vistas Rui Silvestre,Vila Real De Santo Antonio,full guide listing
2019,Voltar ao Cais,Vila Franca De Xira,full guide listing
2019,Volver de Carne y Alma,Lisboa,full guide listing
2019,Várzea Horta & Bistrô,Aljezur,full guide listing
2019,William Restaurant,Funchal,full guide listing
2019,Willie's,Loule,full guide listing
2019,Wine Bar 3V’s,Porto Santo,full guide listing
2019,Wish Restaurante & Sushi,Porto,full guide listing
2019,Yakuza by Olivier,Lisboa,full guide listing
2019,À Terra Azor,Ponta Delgada,full guide listing
2019,Àbabuja,Portimao,full guide listing
2019,Ó Balcão,Santarem,full guide listing
2019,Õtaka,Ponta Delgada,full guide listing
2020,100 Maneiras,Lisboa,award winner
2020,A Cozinha do Manel,Porto,award winner
2020,A Cozinha por António Loureiro,Guimaraes,award winner
2020,AVISTA,Funchal,award winner
2020,Adega da Tia Matilde,Lisboa,award winner
2020,Akua by Chef Júlio Pereira,Funchal,award winner
2020,Alma,Lisboa,award winner
2020,Antiqvvm,Porto,award winner
2020,Atrevo,Porto,award winner
2020,Belcanto,Lisboa,award winner
2020,Bon Bon,Lagoa Algarve,award winner
2020,Bota D'Água,Viana Do Castelo,award winner
2020,CHECKin Faro by Leonel Pereira,Faro,award winner
2020,CaféZique,Loule,award winner
2020,Caneiro,Cabeceiras De Basto,award winner
2020,Cantarinha do Guadiana,Vila Real De Santo Antonio,award winner
2020,Casa Davolta,Cascais,award winner
2020,Casa de Chá da Boa Nova,Matosinhos,award winner
2020,Casa do Clube,Covilha,award winner
2020,Cimas,Cascais,award winner
2020,Convento de Belmonte Gourmet,Belmonte,award winner
2020,Cozinha da Sé,Braga,award winner
2020,Cozinha da Terra,Paredes,award winner
2020,Culina,Odivelas,award winner
2020,DAbeira Country & Lounge Restaurant,Covilha,award winner
2020,DeRaiz,Viseu,award winner
2020,EPUR,Lisboa,award winner
2020,Eneko Lisboa,Lisboa,award winner
2020,Euskalduna Studio,Porto,award winner
2020,Feitoria,Lisboa,award winner
2020,Ferrugem,Vila Nova De Famalicao,award winner
2020,Fialho,Evora,award winner
2020,Fifty Seconds,Lisboa,award winner
2020,Flor de Lis,Porto,award winner
2020,Fortaleza do Guincho,Cascais,award winner
2020,G Pousada Restaurante,Braganca,award winner
2020,Gigi's,Loule,award winner
2020,Honor,Almada,award winner
2020,Il Gallo D'Oro,Funchal,award winner
2020,JNcQUOI ASIA,Lisboa,award winner
2020,JNcQUOI Avenida,Lisboa,award winner
2020,LAB by Sergi Arola,Sintra,award winner
2020,LOCO,Lisboa,award winner
2020,Largo do Paço,Amarante,award winner
2020,Louro,Viana Do Castelo,award winner
2020,Líquen,Povoacao,award winner
2020,Marina by Luís Lavrador,Ilhavo,award winner
2020,Memória,Lisboa,award winner
2020,Mesa de Lemos,Viseu,award winner
2020,Noélia,Tavira,award winner
2020,Näperõn,Aljezur,award winner
2020,O Boteco,Lisboa,award winner
2020,O Gaveto,Matosinhos,award winner
2020,O Laranjeira,Viana Do Castelo,award winner
2020,O Manjar do Marquês,Pombal,award winner
2020,O Paparico,Porto,award winner
2020,O Victor,Povoa De Lanhoso,award winner
2020,O Zagaia,Sesimbra,award winner
2020,Ocean,Lagoa Algarve,award winner
2020,Oh! Vargas,Santarem,award winner
2020,Pabe,Lisboa,award winner
2020,Pedro Lemos,Porto,award winner
2020,Pequeno Mundo,Loule,award winner
2020,Prado,Lisboa,award winner
2020,Rei dos Leitões,Mealhada,award winner
2020,Sabores da Barrosinha,Alcacer Do Sal,award winner
2020,Sagardi,Porto,award winner
2020,Selllva,Lisboa,award winner
2020,Solar dos Presuntos,Lisboa,award winner
2020,São Gião,Guimaraes,award winner
2020,Taberna do Adro,Elvas,award winner
2020,Taberna do Calhau,Lisboa,award winner
2020,Terraço BAHR,Lisboa,award winner
2020,Terreiro Concept,Funchal,award winner
2020,The Yeatman,Vila Nova De Gaia,award winner
2020,Tia Alice,Ourem,award winner
2020,Toca da Raposa,Sao Joao Da Pesqueira,award winner
2020,Toca do Bacalhau,Aveiro,award winner
2020,Tombalobos,Portalegre,award winner
2020,Trattoria 179 - BH Concept,Porto,award winner
2020,Vallecula,Guarda,award winner
2020,Vila Joya,Albufeira,award winner
2020,Vista,Portimao,award winner
2020,Vistas Rui Silvestre,Vila Real De Santo Antonio,award winner
2020,Xisto,Penela,award winner
2020,Ó Balcão,Santarem,award winner
2021,100 Maneiras,Lisboa,award winner
2021,A Cozinha por António Loureiro,Guimaraes,award winner
2021,Alma,Lisboa,award winner
2021,Antiqvvm,Porto,award winner
2021,Belcanto,Lisboa,award winner
2021,Casa de Chá da Boa Nova,Matosinhos,award winner
2021,Cura,Lisboa,award winner
2021,Euskalduna Studio,Porto,award winner
2021,Ferrugem,Vila Nova De Famalicao,award winner
2021,Fifty Seconds,Lisboa,award winner
2021,Fortaleza do Guincho,Cascais,award winner
2021,G Pousada Restaurante,Braganca,award winner
2021,Il Gallo D'Oro,Funchal,award winner
2021,JNcQUOI Avenida,Lisboa,award winner
2021,LOCO,Lisboa,award winner
2021,Largo do Paço,Amarante,award winner
2021,Mesa de Lemos,Viseu,award winner
2021,Noélia,Tavira,award winner
2021,Ocean,Lagoa Algarve,award winner
2021,Pedro Lemos,Porto,award winner
2021,Pequeno Mundo,Loule,award winner
2021,Prado,Lisboa,award winner
2021,Rei dos Leitões,Mealhada,award winner
2021,The Yeatman,Vila Nova De Gaia,award winner
2021,Vista,Portimao,award winner
2021,Vistas Rui Silvestre,Vila Real De Santo Antonio,award winner
2022,100 Maneiras,Lisboa,award winner
2022,A Cozinha por António Loureiro,Guimaraes,award winner
2022,Alma,Lisboa,award winner
2022,Antiqvvm,Porto,award winner
2022,Belcanto,Lisboa,award winner
2022,Casa de Chá da Boa Nova,Matosinhos,award winner
2022,Cura,Lisboa,award winner
2022,Euskalduna Studio,Porto,award winner
2022,Feitoria,Lisboa,award winner
2022,Ferrugem,Vila Nova De Famalicao,award winner
2022,Fifty Seconds,Lisboa,award winner
2022,Fortaleza do Guincho,Cascais,award winner
2022,G Pousada Restaurante,Braganca,award winner
2022,Il Gallo D'Oro,Funchal,award winner
2022,JNcQUOI Avenida,Lisboa,award winner
2022,LOCO,Lisboa,award winner
2022,Largo do Paço,Amarante,award winner
2022,Mesa de Lemos,Viseu,award winner
2022,Noélia,Tavira,award winner
2022,Ocean,Lagoa Algarve,award winner
2022,Pedro Lemos,Porto,award winner
2022,Pequeno Mundo,Loule,award winner
2022,Prado,Lisboa,award winner
2022,Rei dos Leitões,Mealhada,award winner
2022,Restaurante da Herdade do Esporão,Reguengos De Monsaraz,award winner
2022,Solar dos Presuntos,Lisboa,award winner
2022,The Yeatman,Vila Nova De Gaia,award winner
2022,Vila Joya,Albufeira,award winner
2022,Vista,Portimao,award winner
2022,Vistas Rui Silvestre,Vila Real De Santo Antonio,award winner
2022,Ó Balcão,Santarem,award winner
2023,A Cozinha por António Loureiro,Guimaraes,award winner
2023,Al Sud,Lagos,award winner
2023,Alma,Lisboa,award winner
2023,Antiqvvm,Porto,award winner
2023,Belcanto,Lisboa,award winner
2023,Casa de Chá da Boa Nova,Matosinhos,award winner
2023,Euskalduna Studio,Porto,award winner
2023,Ferrugem,Vila Nova De Famalicao,award winner
2023,Fifty Seconds,Lisboa,award winner
2023,Fortaleza do Guincho,Cascais,award winner
2023,G Pousada Restaurante,Braganca,award winner
2023,Il Gallo D'Oro,Funchal,award winner
2023,JNcQUOI Avenida,Lisboa,award winner
2023,Kanazawa,Lisboa,award winner
2023,LAB by Sergi Arola,Sintra,award winner
2023,LOCO,Lisboa,award winner
2023,Le Monument,Porto,award winner
2023,Marisco na Praça,Cascais,award winner
2023,"Marlene,",Lisboa,award winner
2023,Mesa de Lemos,Viseu,award winner
2023,Noélia,Tavira,award winner
2023,Ocean,Lagoa Algarve,award winner
2023,Pedro Lemos,Porto,award winner
2023,Pequeno Mundo,Loule,award winner
2023,Prado,Lisboa,award winner
2023,Rei dos Leitões,Mealhada,award winner
2023,Restaurante da Herdade do Esporão,Reguengos De Monsaraz,award winner
2023,Solar dos Presuntos,Lisboa,award winner
2023,The Yeatman,Vila Nova De Gaia,award winner
2023,Vila Joya,Albufeira,award winner
2023,Vista,Portimao,award winner
2023,Vistas Rui Silvestre,Vila Real De Santo Antonio,award winner
2023,Ó Balcão,Santarem,award winner
2024,A Cozinha por António Loureiro,Guimaraes,award winner
2024,A Lúria,Tomar,award winner
2024,Al Sud,Lagos,award winner
2024,Alma,Lisboa,award winner
2024,Antiqvvm,Porto,award winner
2024,Belcanto,Lisboa,award winner
2024,Bomfim 1896 with Pedro Lemos,Alijo,award winner
2024,CHECKin Faro by Leonel Pereira,Faro,award winner
2024,Canalha,Lisboa,award winner
2024,Casa de Chá da Boa Nova,Matosinhos,award winner
2024,Casa de Souto Velho,Chaves,award winner
2024,Casinha Velha,Leiria,award winner
2024,Cozinha das Flores,Porto,award winner
2024,Cura,Lisboa,award winner
2024,DOC,Armamar,award winner
2024,Euskalduna Studio,Porto,award winner
2024,Fajã dos Padres,Camara De Lobos,award winner
2024,Fava Tonka,Matosinhos,award winner
2024,Ferrugem,Vila Nova De Famalicao,award winner
2024,Fortaleza do Guincho,Cascais,award winner
2024,G Pousada Restaurante,Braganca,award winner
2024,Il Gallo D'Oro,Funchal,award winner
2024,JNcQUOI Avenida,Lisboa,award winner
2024,Kanazawa,Lisboa,award winner
2024,LOCO,Lisboa,award winner
2024,Le Monument,Porto,award winner
2024,Loki,Portimao,award winner
2024,Marisco na Praça,Cascais,award winner
2024,"Marlene,",Lisboa,award winner
2024,Mesa de Lemos,Viseu,award winner
2024,Noélia,Tavira,award winner
2024,O Gaveto,Matosinhos,award winner
2024,Ocean,Lagoa Algarve,award winner
2024,Pedro Lemos,Porto,award winner
2024,Pequeno Mundo,Loule,award winner
2024,Raya,Alandroal,award winner
2024,Rei dos Leitões,Mealhada,award winner
2024,Restaurante da Herdade do Esporão,Reguengos De Monsaraz,award winner
2024,SEM,Lisboa,award winner
2024,Solar dos Presuntos,Lisboa,award winner
2024,The Yeatman,Vila Nova De Gaia,award winner
2024,Vila Joya,Albufeira,award winner
2024,Vista,Portimao,award winner
2024,Ó Balcão,Santarem,award winner
2025,A Carvalheira,Ponte De Lima,award winner
2025,A Cozinha por António Loureiro,Guimaraes,award winner
2025,Al Sud,Lagos,award winner
2025,Alameda Restaurante & Rooftop,Faro,award winner
2025,Alma,Lisboa,award winner
2025,Antiqvvm,Porto,award winner
2025,Belcanto,Lisboa,award winner
2025,Bomfim 1896 with Pedro Lemos,Alijo,award winner
2025,CHECKin Faro by Leonel Pereira,Faro,award winner
2025,Casa de Chá da Boa Nova,Matosinhos,award winner
2025,Casinha Velha,Leiria,award winner
2025,Cozinha das Flores,Porto,award winner
2025,DeRaiz,Viseu,award winner
2025,Desarma,Funchal,award winner
2025,Euskalduna Studio,Porto,award winner
2025,Feitoria,Lisboa,award winner
2025,Fortaleza do Guincho,Cascais,award winner
2025,G Pousada Restaurante,Braganca,award winner
2025,Garagem 33,Vila Verde,award winner
2025,Il Gallo D'Oro,Funchal,award winner
2025,JNcQUOI Avenida,Lisboa,award winner
2025,LOCO,Lisboa,award winner
2025,Le Monument,Porto,award winner
2025,"Marlene,",Lisboa,award winner
2025,Maré – José Avillez,Cascais,award winner
2025,Mesa de Lemos,Viseu,award winner
2025,Noélia,Tavira,award winner
2025,Nunes Real Marisqueira,Lisboa,award winner
2025,O Gaveto,Matosinhos,award winner
2025,Ocean,Lagoa Algarve,award winner
2025,Pedro Lemos,Porto,award winner
2025,Pequeno Mundo,Loule,award winner
2025,Rei dos Leitões,Mealhada,award winner
2025,Restaurante da Herdade do Esporão,Reguengos De Monsaraz,award winner
2025,Solar dos Presuntos,Lisboa,award winner
2025,São Gião,Guimaraes,award winner
2025,The Yeatman,Vila Nova De Gaia,award winner
2025,Vila Joya,Albufeira,award winner
2025,Vista,Portimao,award winner
2025,Ó Balcão,Santarem,award winner
2026,Garfo de Platina,Belcanto,Lisboa
2026,Garfo de Platina,Casa de Chá da Boa Nova,Matosinhos
2026,Garfo de Platina,Ocean,Lagoa
2026,Garfo de Platina,The Yeatman,Vila Nova de Gaia
2026,Garfo de Platina,Vista Restaurante,Portimão
2026,Garfo de Ouro,A Cozinha por António Loureiro,Guimarães
2026,Garfo de Ouro,Antiqvvm,Porto
2026,Garfo de Ouro,Euskalduna Studio,Porto
2026,Garfo de Ouro,Feitoria,Lisboa
2026,Garfo de Ouro,Fifty Seconds,Lisboa
2026,Garfo de Ouro,Fortaleza do Guincho,Cascais
2026,Garfo de Ouro,G Restaurante,Bragança
2026,Garfo de Ouro,Il Gallo d'Oro,Funchal
2026,Garfo de Ouro,JNcQUOI Avenida,Lisboa
2026,Garfo de Ouro,Mesa de Lemos,Viseu
2026,Garfo de Ouro,Ó Balcão,Santarém
2026,Garfo de Ouro,Pedro Lemos,Porto
2026,Garfo de Ouro,Solar dos Presuntos,Lisboa
2026,Garfo de Ouro,Vila Joya,Albufeira
2026,Garfo de Prata,3 Pipos,Tondela
2026,Garfo de Prata,A Carvalheira,Ponte de Lima
2026,Garfo de Prata,A Cozinha do Paço,Évora
2026,Garfo de Prata,A Lúria,Tomar
2026,Garfo de Prata,Alameda Restaurante,Faro
2026,Garfo de Prata,Canalha,Lisboa
2026,Garfo de Prata,Casinha Velha,Leiria
2026,Garfo de Prata,Cozinha da Terra,Paredes
2026,Garfo de Prata,Cozinha das Flores,Porto
2026,Garfo de Prata,Desarma,Funchal
2026,Garfo de Prata,Garagem 33,Vila Verde
2026,Garfo de Prata,Loco,Lisboa
2026,Garfo de Prata,Maré – José Avillez,Cascais
2026,Garfo de Prata,Marlene,Lisboa
2026,Garfo de Prata,Nunes Real Marisqueira,Lisboa
2026,Garfo de Prata,O Forno de Jales,Vila Real
2026,Garfo de Prata,O Gaveto,Matosinhos
2026,Garfo de Prata,Rei dos Leitões,Mealhada
2026,Garfo de Prata,Restaurante Noélia,Tavira
2026,Garfo de Prata,S. Gião,Guimarães