City,Name,Michelin_Award,Green_Star,Repsol_Award,Worlds_50_Best_Rank,Steak_101_Rank,Notable_Wine_List,Cuisine,Price,Price_Tier,Address,Phone,Latitude,Longitude,Michelin_Url,Website,Sources,Description
Barcelona,ABaC,3 Stars,,3 Soles,,,yes,Creative,Spare no expense,4,"Avenida del Tibidabo 1, Barcelona, 08022, Spain",+34 933 19 66 00,41.4104497,2.1365112,https://guide.michelin.com/en/catalunya/barcelona/restaurant/abac,https://abacrestaurant.com,Michelin; Michelin wine list; Guia Repsol,"Tradition, cutting-edge, flavour, attitude and passion, along with a consistent approach, define to perfection the cooking of Jordi Cruz. In his elegant restaurant boasting views of a tranquil garden dotted with some amazing works of contemporary art, he offers diners a unique gastronomic experience that constantly evolves in line with ingredients from the changing seasons. These are always combined with his technical ability as he revisits Catalan and other Mediterranean flavours with a nod to influences from elsewhere around the globe. The experience here, which begins with appetisers in the kitchen, is centred around a single tasting menu featuring new recipes alongside the restaurant’s renowned signature dishes. One of the most extraordinary dishes is the Aqua Mirabilis dessert, an original tribute to Johann Maria Farina, who, in 1709, founded the oldest perfume factory in the world. This course, which plays with different textures, allows you to taste a scent through a wonderful sensory game."
Barcelona,Cocina Hermanos Torres,3 Stars,,3 Soles,78,,yes,Creative,Spare no expense,4,"Taquígraf Serra 20, Barcelona, 08029, Spain",+34 934 10 00 20,41.3865273,2.1400168,https://guide.michelin.com/en/catalunya/barcelona/restaurant/cocina-hermanos-torres,https://www.cocinahermanostorres.com,Michelin; Michelin wine list; Guia Repsol; World's 50 Best,"Once over the threshold, a fascinating experience awaits at Cocina Hermanos Torres – one that transports guests to a world where time has stood still thanks to the magical setting and highly delicate Mediterranean cuisine that takes us away from our everyday lives. The Torres twins (Sergio and Javier) dreamt of incorporating their culinary microcosmos into the heart of the dining room, transforming the culinary experience into a true spectacle, hence the three cooking stations that dominate the centre of the room, around which tables are arranged beneath romantic “clouds” of light. The cuisine here is centred on a superb menu that invites guests on a gourmet journey extolling the very best seasonal and local ingredients, using them in such a way to extract maximum impact and flavour with a minimum of intervention. This includes standout dishes such as the cured squid with poultry consommé and caviar – a spectacular “sea and mountains” combination. The magnificent wine cellar here is overseen by no fewer than five sommeliers! If you wish to book a table for one you’ll need to contact the restaurant ahead of time."
Barcelona,Disfrutar,3 Stars,,3 Soles,,,yes,Creative,€€€€,4,"Villarroel 163, Barcelona, 08036, Spain",+34933486896,41.3879756,2.1530369,https://guide.michelin.com/en/catalunya/barcelona/restaurant/disfrutar,https://www.disfrutarbarcelona.com/,Michelin wine list; Guia Repsol,"This restaurant, which always has a waiting list, is characterised by the inventive spirit of the three chefs at the helm (Eduard Xatruch, Oriol Castro and Mateu Casañas) who have made creativity their watchword – clearly their time working alongside Ferran Adrià at El Bulli made a real impression! What's so special about this place? Firstly, the food itself is highly innovative, with the chefs playing with shapes, textures and flavours and exhibiting indisputable craftsmanship. In addition, a constant stream of innovations emerges from their laboratory, such as their “solid bubbles” or, even more remarkably, a “living table” that changes as the meal progresses (the latter experience is by prior reservation only). Choose between two tasting menus: Classic, featuring the restaurant’s signature dishes (such as the multi-spherical pesto with smoked eel and pistachios); and Festival, which showcases its latest seasonal creations and has strong roots with the local area. A choice of superb wine pairings are also available, plus some incredible flavoured spirits, such as those with wasabi and sea urchin."
Barcelona,Lasarte,3 Stars,,3 Soles,,,yes,Creative,Spare no expense,4,"Mallorca 259, Barcelona, 08008, Spain",+34 934 45 32 42,41.3936278,2.1622018,https://guide.michelin.com/en/catalunya/barcelona/restaurant/lasarte,https://www.restaurantlasarte.com/,Michelin; Michelin wine list; Guia Repsol,"It's unusual to find spin-offs that manage to live up to the standards set by the original, but that is exactly what has happened in this incredible restaurant, named after the town in which legendary chef Martín Berasategui built his culinary empire.Here, Paolo Casagrande, the protégé of this San Sebastián culinary maestro, puts his own spin on exquisite dishes first conceived by his mentor, showcasing them in a more avant-garde setting (undulating ceilings that mimic waves, ethereal lamps that resemble jellyfish, golden tones, etc.). The menu, created by both chefs, with à la carte and set menu options, is heightened when you choose Il Milione, a private, unique experience independent of the main dining room (by reservation only, from 2 to 8 diners, in the former Chef's Table) designed to guide the senses towards excellence in a gastronomic journey through ingredients, technique and creativity (inspired by the famous ‘Book of Wonders’ that recounted Marco Polo's travels)."
Barcelona,Aleia,2 Stars,,1 Sol,,,,Creative,Spare no expense,4,"Paseo de Gràcia 132, Barcelona, 08008, Spain",+34 935 02 00 41,,,https://guide.michelin.com/en/catalunya/barcelona/restaurant/aleia,,Michelin; Guia Repsol,"A dual experience that fuses haute cuisine and architecture? You'll find few more interesting options, as this restaurant is located on the first floor of the famous Casa Fuster (now Hotel Casa Fuster), a jewel of Catalan Modernisme designed in the early 20th century by Lluís Domènech i Montaner. In its luminous and elegant dining room, with large columns flanking the incredible window and an undulating ceiling that reminds us of the titanium plates of the Guggenheim Museum in Bilbao, you can enjoy a unique tasting menu with a contemporary-creative style, with the option of food and wine pairings. Jerez-born chef Rafa de Bedoya, always under the guidance of the award-winning Paulo Airaudo (Amelia by Paulo Airaudo, in Donostia-San Sebastián), brings coherence and flavour based on local, seasonal products. Outstanding dishes? We loved the Garrucha red prawns with piriñaca and the spectacular scallop with cava and Figueres onion soubise. A truly excellent selection of wines, all served by the glass!"
Barcelona,Cinc Sentits,2 Stars,,2 Soles,,,,Contemporary,Spare no expense,4,"Entença 60, Barcelona, 08015, Spain",+34 933 23 94 90,,,https://guide.michelin.com/en/catalunya/barcelona/restaurant/cinc-sentits,,Michelin; Guia Repsol,"This enchanting restaurant has been designed to enhance the dining experience through different spaces that reflect the family roots and the culinary influences of chef Jordi Artal: the home-made vermouth and appetisers that welcome guests to the Faifó; the move from La Torre de l'Espanyol (Tarragona) to cosmopolitan Barcelona that is explained in the dining room; the Biblioteca Viva (Living Library) where they display jars of fermented products, garums, kombuchas... and, of course, the exclusive space set aside for the “chef's table” overlooking the kitchen. The cuisine here is this self-taught chef’s personal take on modern Catalan cuisine, which he bases around working with trusted small-scale producers and showcases ingredients with a strong Catalan DNA. Everything revolves around two delicate tasting menus: Light and Tasting (the comprehensive selection of wines and food pairings is complemented by a range of non-alcoholic pairing options)."
Barcelona,Enigma,2 Stars,,2 Soles,34,,yes,Creative,Spare no expense,4,"Sepúlveda 38, Barcelona, 08015, Spain",+34 616 69 63 22,41.3768726,2.1541799,https://guide.michelin.com/en/catalunya/barcelona/restaurant/enigma,https://www.enigmaconcept.es/,Michelin; Michelin wine list; Guia Repsol; World's 50 Best,"This is a remarkable and truly unique restaurant; it simply has to be, it stands as the heir to the legendary elBulli, combining technical excellence with a constant search for astonishment in the diner. The discreet façade hides a fantastical interior where originality is combined with the most radical design, as the striking ceilings seem to be suspended and, as a whole, it is reminiscent of... a futuristic cold room! Chef Albert Adrià presents a unique seasonal tasting menu, of about 25 courses (you can find out about the dishes and their ingredients before or after tasting them) in which he displays all his knowledge, with many of his visual elaborations finished before the customer's eyes so that we are aware of the innumerable techniques, some almost magical, that they are capable of employing. They divide the experience into various sections: Almonds, Anchovies, Vegetable Garden, Mushrooms, Cheeses... or the one they call 'Gamba' (Prawn), with its marvellous dish El ciclo de la vida (The Cycle of Life). Book well in advance!"
Barcelona,Enoteca Paco Pérez,2 Stars,,2 Soles,,,yes,Modern Cuisine,Spare no expense,4,"Marina 19, Barcelona, 08005, Spain",+34 934 83 81 08,41.386878,2.1969349,https://guide.michelin.com/en/catalunya/barcelona/restaurant/enoteca204150,https://enotecapacoperez.com,Michelin; Michelin wine list; Guia Repsol,"Located in the luxurious Hotel Arts and overseen by award-winning chef Paco Pérez, this restaurant serves highly nuanced Mediterranean cuisine that is enriched with international influences and the occasional nod to Asian fusion cooking. The governing principles in the kitchen are underpinned by an utmost respect for seasonal ingredients and a clear goal to elevate traditional dining concepts such as “sea and mountains”. To highlight this, the chef particularly enjoys cooking with sea cucumbers from the Mar d'Amunt and produce from vegetable gardens close to it, hence their special hint of salinity. If we were to attempt to find a concept or premise to help us define this restaurant we would have to focus on its bright interior, its meticulous design dominated by different white tones and, above all, its obsession with local ingredients to help tell a story. One standout dish that we particularly enjoyed was the Green peas, its silky sauce and baby shrimp, a brilliant example of how to make the most of different textures."
Barcelona,Mont Bar,2 Stars,,1 Sol,,,,Creative,Special occasion,3,"Diputació 220, Barcelona, 08001, Spain",+34 933 23 95 90,,,https://guide.michelin.com/en/catalunya/barcelona/restaurant/mont-bar,,Michelin; Guia Repsol,"A restaurant with a gastro-bar ambience that is becoming a must for every foodie in Barcelona. In this delightful setting featuring elegant decorative detail, you’ll find an array of traditional and contemporary dishes, all of which showcase high levels of technique, plus presentation that is so refined that it is hard not to take a photo! In keeping with the philosophy of the owners, who hail from the small village of Mont (in the Val d’Aran), the cuisine here is based around fresh, seasonal and locally sourced ingredients. The à la carte (you have to order a minimum of three snacks and two main courses) features inventive snacks, innovative tapas, and small sharing plates, always accompanied by impeccable and attentive service. We particularly enjoyed the superb seasonal suggestions (morel mushrooms, Reixago cheese and pork cheek, peas with vanilla, clams and hazelnuts, etc) but there are also dishes available all year round that are a must, such as the spectacular Iberian sobrasada mochi with Mahón cheese. For a more complete experience, try their Classic and Mont set menus!"
Barcelona,Alkimia,1 Star,,3 Soles,,,yes,Modern Cuisine,Spare no expense,4,"Ronda San Antoni 41 - Principal, Barcelona, 08011, Spain",+34 932 07 61 15,41.3826841,2.1635878,https://guide.michelin.com/en/catalunya/barcelona/restaurant/alkimia,https://alkimia.cat/,Michelin; Michelin wine list; Guia Repsol,"Alkimia has a somewhat surprising location inside the Moritz beer factory, which has been redesigned as a gourmet complex. Once you’ve rung the bell to get in, on the first floor you’ll find two different spaces (the bistro-style Alkostat and the Alkimia restaurant itself, in front of the kitchen), both featuring attractive designer details, avant-garde references to the marine world, alongside reclaimed classical furnishings that recall the interiors of Barcelona’s former aristocratic mansions. In the gastronomic dining room, chef Jordi Vilà conjures up fresh, contemporary cuisine which is deeply rooted in Catalan tradition and has a strong focus on fish. He offers just a single tasting menu entitled Catalan Cuisine Table, divided into six sections, each of which features a good selection of dishes. We thoroughly enjoyed the maritime version of the Escudella soup, as well as the exquisite squid with egg yolk and galangal root."
Barcelona,Angle,1 Star,,2 Soles,,,,Modern Cuisine,Spare no expense,4,"Aragó 214, Barcelona, 08011, Spain",+34 932 16 77 77,,,https://guide.michelin.com/en/catalunya/barcelona/restaurant/angle,,Michelin; Guia Repsol,"Located inside the Hotel Cram, but with a separate entrance, Angle is overseen by celebrity chef Jordi Cruz. Here, guests can enjoy an aperitif and appetisers in the foyer before heading up to the dining room on the first floor, a contemporary space that exudes elegance and serenity with its striking floor lamps, wooden fixtures and fittings and heavy curtains. In the kitchen, the award-winning chef’s modern, creative blueprint is followed to the letter without any unnecessary fuss, but with great care and attention and a sense of freedom. Based around market-inspired ingredients, the cuisine is showcased on a tasting menu that features dishes from the three-starred ABaC alongside others conceived in-house. However, everything is in keeping with the restaurant's mission to create “haute cuisine for everyday consumption”. We strongly advise saving space for the dessert menu, with its vast array of textures and flavours."
Barcelona,Atempo,1 Star,,1 Sol,,,,Modern Cuisine,Spare no expense,4,"Còrsega 200, Barcelona, 08036, Spain",+34 937 34 19 19,,,https://guide.michelin.com/en/catalunya/barcelona/restaurant/atempo-1196425,,Michelin; Guia Repsol,"This spacious and contemporary restaurant will surprise guests as soon as they walk through the door as they are accompanied to two kitchens, for hot and cold food respectively, in which they can try a pleasant array of appetisers and small snacks before being ushered into the elegant dining room.Chef Iñaki Aldrey offers his cuisine with the option of an à la carte menu and two tasting menus designed by celebrity chef Jordi Cruz (Atempo and Gran Atempo), showcasing contemporary cooking and techniques that aim to highlight the depth of flavours, something they succeed in here thanks to top-quality ingredients and highly consistent combinations. The interplay between the kitchen and the service in the dining room is particularly impressive, as the finishing touches to many dishes are added in front of the guests’ eyes. Try the Galician sea urchin with carabinero tartar and Ossetra caviar or the hare royale with a black garlic emulsion and roast pumpkin and white garlic cream – a French-inspired recipe combining both flavour and solid technique."
Barcelona,Caelis,1 Star,,2 Soles,,,,Creative,Spare no expense,4,"Via Laietana 49, Barcelona, 08003, Spain",+34 935 10 12 05,,,https://guide.michelin.com/en/catalunya/barcelona/restaurant/caelis,,Michelin; Guia Repsol,"The Ohla Barcelona hotel’s fine-dining restaurant boasts an unmistakable appearance, due to the ‘eyes’ or ‘ocular globes’ designed by artist Frederic Amat that adorn its neo-Classical façade.Here, French chef Romain Fornell, awarded the Legion of Honour of the French Republic, has introduced his new culinary vision that reinterprets concepts and recipes through cooking that features French-influenced Mediterranean cuisine, seasonal ingredients, identifiable flavours and astute pairings, plus a desire to involve guests in their dining experience. In addition to the different-sized tables in the dining room, you’ll find an open kitchen with bright and shiny copper pans hanging from the ceiling, plus a U-shaped chef’s table for 14 diners. Choose between several interesting tasting menus (Earth & Sea, Celebration and Vegetarian) and a slightly less expensive option at lunchtime, called Caelis. One of their signature dishes and a definite must here is the delicious ‘Surf & Turf’ stuffed macaroni with lobster, celeriac and foie gras."
Barcelona,COME by Paco Méndez,1 Star,,1 Sol,,,,Mexican,Spare no expense,4,"Avenida del Mistral 54, Barcelona, 08015, Spain",+34 938 27 59 77,,,https://guide.michelin.com/en/catalunya/barcelona/restaurant/come-by-paco-mendez,,Michelin; Guia Repsol,"If you were once a regular visitor to the legendary Hoja Santa, you won’t want to miss out on a visit to COME by Paco Méndez, which now occupies the same premises (also the former home of the Niño Viejo restaurant) and which, in a nod to the attachment Mexicans have with the Day of the Dead, could be described as a ‘restaurant reborn’.At the helm here is chef Paco Méndez, who has taken over the reins with his wife and head pastry chef Erinna to give the format a new twist in which he showcases ‘the coming together of Mexican culture and cooking, Mediterranean ingredients and the legacy of El Bulli’. The experience starts with welcome drinks and snacks (called Botanas) as soon as you walk through the door before heading to the dining room or private dining space (show cooking is also an option here) where you can discover the flavours of their homeland through its Festival menu, taking a modern and creative approach (at lunchtime, they offer a smaller, more economical menu). The extensive selection of typical Mexican drinks (micheladas, tequilas, mezcales, etc.) is a must here."
Barcelona,Dos Palillos,1 Star,,2 Soles,,,,Fusion,Spare no expense,4,"Elisabets 9, Barcelona, 08001, Spain",+34 933 04 05 13,,,https://guide.michelin.com/en/catalunya/barcelona/restaurant/dos-palillos,,Michelin; Guia Repsol,"In this bustling restaurant, where the closeness of the tables is more reminiscent of Asian restaurants, discover a tapas concept that has been taken to another level, hence its view that ‘tapas are not just a way of eating, but a philosophy for life’.Located just a few steps from Barcelona’s Museu d’Art Contemporani, Dos Palillos has a simple sake bar by the entrance, where you can eat without booking ahead, and a second more gastronomic U-shaped counter around an open kitchen, enabling guests to observe the full preparation process. In this second more attractive and elegant space, you will be offered two interesting tasting menus (Dos Palillos and Tokusen), a fun fusion between Asian cooking and Iberian ingredients. The type of dishes that you’ll find on the menu include their Naresushi sea bass, where they manage to bring out a completely different flavour to what we might be accustomed to with this fish, and the Hake on a skewer with Japanese pil-pil."
Barcelona,Fishølogy,1 Star,,,,,,Contemporary,Special occasion,3,"Diputació 73, Barcelona, 08015, Spain",+34 936 33 98 58,,,https://guide.michelin.com/en/catalunya/barcelona/restaurant/fishology,,Michelin,"One of Barcelona’s most original dining options, in a city full of restaurants that definitely leave their mark. Here, with chef Riccardo Radice in the kitchen and Giulia Gabriele running the dining room, the first thing that strikes you is the name, that also includes the Danish symbol “Ø” to indicate the number zero, and the suffix “Logy”, Greek in origin, in reference to a particular field of study, in this instance fish and seafood which are treated differently here (through salting, maturing, smoking etc) to create what they call “charcuterie of the sea”. The à la carte is complemented by two tasting menus that are named after different sea depths: Bentos (up to 200m below sea level, where light can still penetrate) and the so-called Abisal (the final frontier, in complete darkness, up to 6 000m in depth). The meticulously and aesthetically presented dishes here are prepared with Spanish ingredients, with the occasional nod to Italy and Asia."
Barcelona,Hisop,1 Star,,2 Soles,,,,Creative,Special occasion,3,"Passatge de Marimon 9, Barcelona, 08021, Spain",+34 932 41 32 33,,,https://guide.michelin.com/en/catalunya/barcelona/restaurant/hisop,,Michelin; Guia Repsol,"Named after an aromatic Mediterranean plant, this Michelin-starred restaurant has been enjoying the fruits of its success for some time now, in part due to its competitive pricing.In the contemporary, minimalist-style dining room, chef Oriol Ivern serves fresh, creative dishes that offer a different take on Catalan culinary tradition, and are always based around locally sourced seasonal ingredients and impressive combinations. In keeping with the chef’s personality, the aim of his cuisine is to offer truly unique dishes that are both playful and full of surprising detail. Although not extensive, the enticing à la carte is complemented by an interesting tasting menu which evolves every three months, with a wine pairing option. Try the artichokes with cod tripe, black botifarra sausage and wakatai, an excellent combination of flavours and textures, or their signature red mullet with a mollusc mayonnaise."
Barcelona,Hofmann,1 Star,,1 Sol,,,,Modern Cuisine,Special occasion,3,"La Granada del Penedès 14-16, Barcelona, 08006, Spain",+34 932 18 71 65,,,https://guide.michelin.com/en/catalunya/barcelona/restaurant/hofmann,,Michelin; Guia Repsol,"This institution in the upper reaches of Barcelona, which has played host to a number of chefs who have gone on to win their own Michelin stars, reflects the love affair that its founder chef, Mey Hofmann, had with food, a legacy that she has passed down to her daughter Silvia and her expert teaching staff. In the restaurant itself, featuring staff from the school and a large picture window through which guests can watch activity unfold in the kitchen, an à la carte-style menu is available at lunchtime (along with a slightly more refined Gastronómico Mediodía menu). In the evening, these are replaced by two extensive tasting menus (Gastronómico Noche and Luxury). The focus here is on modern fusion cuisine with strong roots in tradition, which is continually brought up to date in terms of the pairing of ingredients, technique and presentation. The desserts here are always a delight!"
Barcelona,Kamikaze,1 Star,,,,,,Fusion,Special occasion,3,"Roselló 197, Barcelona, 08036, Spain",+34 931 81 35 70,,,https://guide.michelin.com/en/catalunya/barcelona/restaurant/taberna-kamikaze,,Michelin,"This restaurant in the Eixample district, whose name teaches us that the word also refers to the flowing wind (or the so-called “divine wind”), is run by Enric Buendía, a chef trained at prestigious establishments such as Mugaritz and the three-Michelin-starred Disfrutar. Today, through this project, he is leading what he calls the “silent revolution.”He applies the techniques he has learned in pursuit of a creativity that revisits Asian cuisine with a marked Mediterranean influence, using seasonal ingredients, striking presentations, fusion twists, and cultural blending, as well as nods to Catalan cuisine. They offer a single tasting menu, called Kamikaze, which evolves with each season. Among the numerous small bites, you will find such tempting dishes as the roasted garlic empanada, the umeboshi mackerel, and the Peking mushroom, which surprises with a mushroom osmotized in a Chinese-style marinade."
Barcelona,Koy Shunka,1 Star,,2 Soles,,,,Japanese,Spare no expense,4,"De Copons 7, Barcelona, 08002, Spain",+34 934 12 79 39,,,https://guide.michelin.com/en/catalunya/barcelona/restaurant/koy-shunka,,Michelin; Guia Repsol,"At this discreet Japanese restaurant, hidden behind a large door that you have to knock on to gain access and which almost seems to be a 'secret' address given its scarce signage, the concept is based around much more than a working philosophy as the skill of the chef is viewed as a veritable art form here. In this resolutely contemporary space, you’ll find a somewhat surprising wood-fired oven in the centre of the dining room, large fish-maturing cabinets, an impressive U-shaped counter where you can watch the culinary action unfold, and more conventional tables for those who prefer a more intimate meal. The cuisine of chef Hideki Matsuhisa, which brings together Japanese techniques and Mediterranean ingredients, always focuses on well-conceived pairings and a hint of creativity and is based around three tasting menus that vary solely in their number of courses. We can highly recommend the Shun Yasai Namako course, with seasonal vegetables cooked to perfection (all with an incredible texture), a cod and scallop pilpil and, finally, half a grilled spelt."
Barcelona,MAE Barcelona,1 Star,,,,,,Creative,Special occasion,3,"Sant Elíes 22, Barcelona, 08006, Spain",+34 645 73 62 83,,,https://guide.michelin.com/en/catalunya/barcelona/restaurant/mae-barcelona,,Michelin,"This restaurant, occupying the premises of the now-defunct Freixa Tradició and today featuring a designer interior, brings together the knowledge and dreams of three friends (hence the name MAE, which can be translated as ‘companion’ in the Costa Rican dialect): Mariella Rodríguez (Costa Rica, in charge of management) and chefs Diego Mondragón (Colombia) and Germán Espinosa (Spain).The whole proposal is built on a concept, Sincretismo, which according to the RAE (Royal Spanish Academy, the official institution responsible for overseeing the Spanish language) is the ‘combination of different theories, attitudes or opinions’. It is surprising to see how they bring together products from very different origins, giving us the opportunity to observe how combinations such as Mediterranean red shrimp with Latin American yellow chili unfold. The à la carte is complemented by two good tasting menus (MAE and Gran MAE), where we have found wonderful dishes such as cuttlefish tartare with jalapeño gazpacho and huitlacoche, or leek with smoked vichyssoise and black garlic."
Barcelona,Moments,1 Star,,2 Soles,,,yes,Creative,Spare no expense,4,"Passeig de Gràcia 38-40, Barcelona, 08007, Spain",+34 931 51 87 81,41.3911693,2.1664829,https://guide.michelin.com/en/catalunya/barcelona/restaurant/moments,https://www.mandarinoriental.com/es-es/barcelona/passeig-de-gracia/dine/moments,Michelin; Michelin wine list; Guia Repsol,"The fine-dining restaurant at the Mandarin Oriental Barcelona hotel is run by Raül Balam, son of the legendary chef Carme Ruscalleda. In addition to his own undeniable individual talent, you’ll note several culinary traits he has inherited from his mother.Dominated by amber and gold tones, the modern dining space also features a window through which it’s possible to watch the team at work in the kitchen. The neo-traditional cuisine here showcases the underlying creativity of time-honoured Catalan traditions, healthy Mediterranean produce, and the intrinsic distinctiveness of every flavour... all brought together on two set menus (one seasonal and another, more extensive tasting menu) that change with each season and work with the best seasonal ingredients. According to the chef, each ingredient reflects the profound connection with the soil and those who work it, giving rise to dishes created with great precision and a unique objective. Excellent service and a great wine list, with more than 600 labels!"
Barcelona,Prodigi,1 Star,,1 Sol,,,,Modern Cuisine,Special occasion,3,"Girona 145, Barcelona, 08037, Spain",+34 936 79 15 92,,,https://guide.michelin.com/en/catalunya/barcelona/restaurant/prodigi,,Michelin; Guia Repsol,"The first thing to attract your attention at Prodigi is its name, created from the first syllable of three neighbouring streets (Provença, Diagonal and Girona).In this contemporary-style restaurant, the à la carte remains faithful to seasonal ingredients despite its concise nature and extols the virtues of traditional Catalan cuisine which it has successfully brought up to date. It is complemented by two set menus (one a three-course meal only available at lunchtime during the week, and a second more extensive tasting menu-style option). Chef Jordi Tarré, who is renowned for his highly elegant dishes with a traditional base and nuanced international influences, is constantly looking to surprise his diners, which is why he changes up the dishes depending on the season. On our last visit, we really liked his squid and sobrassada rice with squid and lime slices, wasabi emulsion and marine sprouts!"
Barcelona,Quirat,1 Star,,1 Sol,,,,Contemporary,Spare no expense,4,"Avenida de Rius I Taulet 1, Barcelona, 08004, Spain",+34 934 26 22 23,,,https://guide.michelin.com/en/catalunya/barcelona/restaurant/quirat,,Michelin; Guia Repsol,"The gourmet restaurant at the Intercontinental Barcelona is another example of a hotel keen to diversify its services for guests by transforming itself into a foodie destination in its own right. Quirat, which has its own independent entrance (as well as access via the lobby), represents, in its own words, “the purity and wealth of the elements that form the land”. Chef Víctor Torres, who is renowned for his cuisine at the Michelin-starred Les Magnòlies in Arbúcies, creates contemporary Catalan cuisine that always showcases locally sourced ingredients while at the same time fully respecting seasonality. Dishes here are full of depth and flavour, with simplicity only evident in his sauces and reductions. Highlights on the menu include Maresme peas with onion soup and sea urchin; artichoke, romesco sauce and Mas Farró cheese; and “cap i pota” stew with sea cucumber – dishes that Víctor Torres views as tiny jewels, hence the naming of his menus 18K and 24K. The hotel even has its own kitchen garden."
Barcelona,Slow & Low,1 Star,,1 Sol,,,,World Cuisine,Spare no expense,4,"Comte Borrell 119, Barcelona, 08015, Spain",+34 936 25 45 12,,,https://guide.michelin.com/en/catalunya/barcelona/restaurant/slow-low,,Michelin; Guia Repsol,"A restaurant with a modern ambience in which the equal measures of technical skill, creativity and delicate touches shown in its dishes will surprise and excite guests. Located closed to the Modernist-style Sant Antoni market, Slow & Low has a concept based around its open kitchen, with two counters that enable guests to experience the creative process to the full. Its internationally inspired cuisine combines ingredients from around the world on two menus that differ only in the number of courses on offer (Slow and Slow&Low), which show clear Mexican influence as well as a nod to Spanish, Argentinian and even Thai cuisine. Fish and vegetarian recipes also feature prominently. The table service is shared by the chefs and waiting staff, who explain each dish in detail."
Barcelona,Suto,1 Star,,1 Sol,,,,Japanese,Spare no expense,4,"Violant de Hungría Reina de Aragón 134, Barcelona, 08028, Spain",+34 610 90 86 51,,,https://guide.michelin.com/en/catalunya/barcelona/restaurant/suto,,Michelin; Guia Repsol,"An intimate Japanese-style restaurant close to Sants railway station, featuring a bar (there are also a few tables) where guests can eat while watching young chef Yoshikazu Suto at work. The ambience here is more that of a private house in which the staff are cooking for you rather than a restaurant. The Omakase menu on offer here (which combines hot and cold dishes and is served to all guests at the same time) features highly personalised Japanese-style recipes, followed by delicious nigiri that are truly unforgettable and prepared with the best-quality fish imaginable. Additional interest here is provided by the chef’s aunt, who has created the artisanal-style crockery, and the impressive machine used to make kakigori, a traditional Japanese ice cream. One dish that particularly impressed us was the mackerel escabeche, served in two small tacos with shichimi (a blend of seven Japanese spices) sprinkled on top."
Barcelona,Via Veneto,1 Star,,2 Soles,,,yes,Classic Cuisine,Spare no expense,4,"Ganduxer 10, Barcelona, 08021, Spain",+34 932 00 72 44,41.3924041,2.1388292,https://guide.michelin.com/en/catalunya/barcelona/restaurant/via-veneto,https://www.viavenetobarcelona.com/,Michelin; Michelin wine list; Guia Repsol,"Almost everyone in Barcelona is aware of the legendary culinary status of Via Veneto! Even after half a century of service and change, the Monje family has retained the true values of this restaurant that seems anchored in the past, but which has been able to move with the times without losing an ounce of its personality. To an elegant and genuine Belle Époque backdrop, young chef David Andrés maintains the culinary status quo here through cuisine that underpins its classical heritage, albeit with a focus on a more modern technical approach and a select array of ingredients. Delicious game dishes (hare royale, red partridge with stewed cabbage, loin of venison etc) are also on the menu in season. Guests can visit the superb wine cellar, 6m underground, which boasts an outstanding collection of Spanish and French wines. A favourite dish here is the pressed roast duck cooked in its own jus and served two ways (for a minimum of two guests) which has featured on the menu since 1967!"
Barcelona,Avenir,Bib Gourmand,,,,,,Contemporary,A moderate spend,2,"Carrer de l'Avenir 72, Barcelona, 08021, Spain",+34 691 90 71 38,,,https://guide.michelin.com/en/catalunya/barcelona/restaurant/avenir,,Michelin,"In this simple establishment, reminiscent of a charming taberna, it is impossible to leave disappointed due to the friendliness of its service and a philosophy that focuses on the fine detail of its cuisine. It is run by its two owners (Roger Viñas and Chesco Salrach) who, as fate would have it, became friends at their children’s school and decided to embark on this venture together with the former working in the kitchen, and the latter in the dining room. Here they champion contemporary cuisine, with nods to both the sea and the mountains, where different techniques, good textures and a great mastery of broths can be appreciated. The menu, with options for pescatarians and open to sharing, focuses on three tasting menus: Tastets de l'Avenir (set lunch menu, only on weekdays), La Barra de l'Avenir (15 courses) and another, more complete, called L'Avenir (19 courses). We loved their Seda-Setas-Escabeche, their Catalan interpretation of Mochi!"
Barcelona,Bacaro,Bib Gourmand,,,,,,Italian,A moderate spend,2,"Jerusalem 6, Barcelona, 08001, Spain",+34 931 15 66 79,,,https://guide.michelin.com/en/catalunya/barcelona/restaurant/bacaro-1206273,,Michelin,"This restaurant, steeped in the essence of Italy but which the team describes as a “Venetian taberna”, is located just a few steps from the emblematic Boquería market, and is one of those places you look forward to visiting given the caring and kindness in evidence as soon as you walk through the door. Bistro in style, and split between two floors, it boasts an eclectic yet simple decor, the idea being not to interfere too much with what is really important, namely the food! The latter is clearly rooted in Italian tradition, with a continual emphasis on flavour. You’ll find pasta here, of course, but don’t miss the typical sardines “in saor”, the Venetian-style veal liver, or the marvellous tiramisù. As you would expect, the wine list includes some classic Italian labels."
Barcelona,Bardeni-Caldeni,Bib Gourmand,,,,,,Meats and Grills,A moderate spend,2,"Valencia 454, Barcelona, 08013, Spain",932 32 58 11,,,https://guide.michelin.com/en/catalunya/barcelona/restaurant/bardeni-caldeni,,Michelin,"A ‘meat bar’ where meats are the great and unmistakable stars of the show. It is especially surprising for its old butcher's shop aesthetics, with a bar where you can also eat. Chef Dani Lechuga presents a menu where the Angus steak tartare stands out, Caldeni style, and you should always ask for the ‘Suggestions of the day’, as it is not unusual to find special cuts of veal to choose from. They offer half portions!"
Barcelona,Berbena,Bib Gourmand,,,,,,Creative,A moderate spend,2,"Minerva 6, Barcelona, 08006, Spain",+34 691 95 77 97,,,https://guide.michelin.com/en/catalunya/barcelona/restaurant/berbena,,Michelin,"A diminutive, unpretentious and informal restaurant with a name that pays homage to the traditional “berbena” festivals. At the centre of everything here is Carles Pérez de Rozas Canut, whose focus is on simple yet well-though-out and highly captivating dishes (all available in half- and some even in quarter-portions) based around seasonal Mediterranean ingredients, but which also feature influences from Asia and South America. Personality in spades, with an open kitchen and enticing recipes that tell us lots about the chef, his travels and his work in other countries. His magnificent desserts add a final flourish at the end of your meal – the crème fraîche ice-cream with olive oil and salt is definitely one you won’t want to pass up on."
Barcelona,Cruix,Bib Gourmand,,,,,,Contemporary,A moderate spend,2,"Entença 57, Barcelona, 08015, Spain",+34 935 25 23 18,,,https://guide.michelin.com/en/catalunya/barcelona/restaurant/cruix,,Michelin,"Located in the Eixample district of Barcelona, near Plaça d'Espanya, this restaurant with an informal feel and exposed brick walls is the perfect setting in which to feel very much at home thanks to service that could not be any more friendly. The fun à la carte, with signature bites as well as both hot and cold dishes, is supported by two tasting menus: Petit Cruix (7 courses) and Cruix (10 courses). Here, chef Miquel Pardo’s superb sharing rice dishes are worthy of special mention (the paellas are all served with their special crispy ‘socarrat’ texture at the bottom of the pan!). One particularly interesting savoury dish is the cod churro which is fried to a crispy golden texture. For dessert, we recommend the unusually named ‘sad day on the beach’! In fine weather, try to book a table on the terrace."
Barcelona,Glug,Bib Gourmand,,,,,,Creative,A moderate spend,2,"Viladomat 289, Barcelona, 08029, Spain",+34 747 74 79 29,,,https://guide.michelin.com/en/catalunya/barcelona/restaurant/glug,,Michelin,"If you’re on the lookout for a restaurant in the Eixample district of the city, this is a name you’ll definitely want to jot down. Located opposite the Sant Jordi swimming pool, Glug is much more than a hangout for foodies as wine also plays a prominent role here (hence its name). The couple in charge, chefs Iván Garcia and Beatrice Casella (the latter, a native of Turin, is responsible for the wonderful desserts), offer cuisine that is informal, does not follow any set rules, and is designed exclusively for enjoyment. The menu, featuring delicious dishes such as onion soup and “buttons” of Comté cheese, works with seasonal ingredients, combining aspects of Catalan and Italian cuisine in a highly interesting and creative way."
Barcelona,Oníric,Bib Gourmand,,,,,,Fusion,A moderate spend,2,"Rabassa 37, Barcelona, 08024, Spain",+34 931 25 98 06,,,https://guide.michelin.com/en/catalunya/barcelona/restaurant/oniric,,Michelin,"Under this name, which automatically takes us into the world of dreams, we have found one of those establishments that we would all like to visit; it illustrates that the most longed-for and unattainable projects can become reality. The tandem at the helm, with Jonatan Izquierdo behind the burners and Laura Humanes in charge of everything in the dining room, champions a proposal of modern cuisine built from common sense, with a small menu and three interesting menus: Herrén (executive-style, only at midday during the week), Oníric and Somni. One dish that we loved? The risky but convincing conger eel buñuelos, green curry, coconut and tamarind."
Barcelona,Saó,Bib Gourmand,,,,,,Creative,A moderate spend,2,"Cesare Cantù 2, Barcelona, 08023, Spain",+34 935 66 39 68,,,https://guide.michelin.com/en/catalunya/barcelona/restaurant/sao,,Michelin,"It is located in uptown Barcelona and its name is anything but trivial, because when translated into English (seasoning, ripeness, moment) it highlights ‘the point or maturity of things’. Juanen Benavent, the Valencian-born chef at the helm of the restaurant, puts his stamp on seasonal local produce to offer an up-to-date, creative cuisine with notable French influences, something that is all the more understandable after learning that he spent four years working at the Goust restaurant in Paris. What will you find? Three set menus (Llavor, Germinat and Arrels) and finger-licking dishes, such as his stunning savoury Crema Catalana, with aubergine at the base and caramelised foie gras topping."
Barcelona,Ají,Selected,,,,,,Fusion,A moderate spend,2,"Marina 19-21, Barcelona, 08005, Spain",+34 935 11 97 67,,,https://guide.michelin.com/en/catalunya/barcelona/restaurant/aji,,Michelin,"The name, which translates as “chilli pepper” in Peruvian Spanish and “taste” in Japanese, gives us a good insight into the culinary intentions of this restaurant. The cuisine here, which is very focused on its tasting menu (a lunchtime menu is also available midweek), champions Japanese cuisine that is delicious and full of well-defined textures. Don’t miss the spicy scallops or any of the ceviches (Clásico, Nikkei, or Carretillero – a seafood ceviche with a yellow chilli pepper-flavoured tiger’s milk and fried calamari)."
Barcelona,Albé,Selected,,,,,,Fusion,A moderate spend,2,"Mallorca 196, Barcelona, 08036, Spain",+34 930 11 73 16,,,https://guide.michelin.com/en/catalunya/barcelona/restaurant/albe,,Michelin,"Under the name Albé, an Arabic term that translates to ‘heart’ in a much deeper and more emotional sense than the one we typically associate with the vital organ, this restaurant in L'Eixample presents itself as a gastrobar that openly champions Slow Food. The proposal, led by Joey Attieh and with Mexican Nancy Miguel in charge of the kitchen as executive chef, showcase local produce with Lebanese touches, are quite fun and designed for sharing. Everything revolves around a small à la carte menu and two set menus: Albé and La Experiencia Albé. Standout dishes? We really liked the Grifola frondosa mushrooms and the Catalan Pyrenees trout, accompanied by avocado labneh and trout roe, for their texture and flavour."
Barcelona,Amar Barcelona,Selected,,1 Sol,,,yes,Contemporary,Spare no expense,4,"Gran Via de les Corts Catalanes 668, Barcelona, 08010, Spain",+34 931 03 99 88,41.3913747,2.1714455,https://guide.michelin.com/en/catalunya/barcelona/restaurant/amar-barcelona,https://www.hotelpalacebarcelona.com/es/amar-barcelona-rafa-zafra,Michelin; Michelin wine list; Guia Repsol,"The Palace Barcelona’s in-house restaurant, overseen by chef Rafa Zafra, has a very strong attachment to both the Mediterranean and the city. On the menu you’ll find excellent oysters and caviar, superb fish priced by weight and perfect for sharing, traditional Catalan recipes, as well as the hotel’s signature dishes that pay homage to the Ritz, and a tasting menu (Amar Lentamente) that gives centre stage to the sea and the full bounty of its ingredients."
Barcelona,AÜC,Selected,,,,,,Regional Cuisine,On a budget,1,"Plaça del Camp 7, Barcelona, 08022, Spain",+34 931 51 14 62,,,https://guide.michelin.com/en/catalunya/barcelona/restaurant/auc,,Michelin,"Excellent chicken croquettes, tripe with calf’s head boasting a wonderful spicy touch, a tasty special section dedicated to macaroni (just like mama used to make)... This cosy restaurant in the heart of the Sant Gervasi neighbourhood is run by experienced catering professionals and champions traditional Catalan cuisine that takes diners back to the flavours of home, reflecting a mother or grandmother’s cuisine, while not shying away from some modern touches in some dishes. Here, above all, humble and local cuisine can be rediscovered."
Barcelona,Batea,Selected,,,,,,Seafood,A moderate spend,2,"Gran Via de Les Corts Catalanes 605, Barcelona, 08007, Spain",+34 934 06 87 92,,,https://guide.michelin.com/en/catalunya/barcelona/restaurant/batea,,Michelin,This cosmopolitan bistro located on one side of the emblematic Avenida Palace hotel has a contemporary interior that provides the backdrop for fusion cooking that combines traditional Catalan and Galician cuisine. The market-inspired small plates on offer here have a constant focus on the Atlantic and the Mediterranean.
Barcelona,Besta,Selected,,1 Sol,,,,Farm to table,Special occasion,3,"Aribau 106, Barcelona, 08036, Spain",+34 930 19 82 94,,,https://guide.michelin.com/en/catalunya/barcelona/restaurant/besta,,Michelin; Guia Repsol,"A casual “neo-bistro” run by chef Manu Núñez, well known after his time on the programme Top Chef. A native of A Coruña, he manages to fuse his Galician origins with Catalan flavours, goes through a constant renewal process, also bringing to his offer some Nordic touches learned during his time working in award-winning restaurants in Sweden. The proposal, typical of a market cuisine that makes constant nods to both the Atlantic and the Mediterranean, takes the form of a small à la carte and two set menus: Degustación and Festival (9 and 12 courses). The Mariscada course, made up of several appetisers that pay tribute to Galician seafood from a modern perspective, really caught our attention. They also have what they call the Chef’s Table, a bar where you can eat while you watch some dishes being finished."
Barcelona,Can Bo,Selected,,,,,,Modern Cuisine,A moderate spend,2,"Via Laietana 30, Barcelona, 08003, Spain",+34 932 95 79 05,,,https://guide.michelin.com/en/catalunya/barcelona/restaurant/can-bo,,Michelin,"The name of this tapas and wine bar is a subtle phonetic tribute to Francesc Cambó, founder of the historic building in which it is located. The menu here features tapas and dishes to share, all of which showcase the quality of ingredients and local cuisine, all accompanied by pairings from the extensive and carefully curated wine cellar of over 150 labels. The overall look here is one characterised by elegant Mediterranean-style decor, with decorative detail inspired by Catalan Modernism, large windows that flood the space with natural light, and a cosy atmosphere that provides an enjoyable backdrop."
Barcelona,Capet,Selected,,,,,,Seasonal Cuisine,A moderate spend,2,"Cometa 5, Barcelona, 08002, Spain",+34 937 20 44 21,,,https://guide.michelin.com/en/catalunya/barcelona/restaurant/capet,,Michelin,"Located in one of the charming narrow streets that endow the city’s Gothic Quarter with its characteristic personality, Capet features a rustic-contemporary look and an original layout with an open-view kitchen on the ground floor (around which guests can sit and eat) and a pleasant dining room upstairs, which overlooks what is happening below. Chef Armando Álvarez champions an updated and sincere take on traditional cooking, showcased via à la carte options and two tasting menus (5 and 8 courses). Want some advice? Always check out the daily specials, which are displayed on a large chalkboard for all customers to see."
Barcelona,Compartir Barcelona,Selected,,,,,,Mediterranean Cuisine,Special occasion,3,"Valencia 225, Barcelona, 08007, Spain",+34 936 24 78 86,,,https://guide.michelin.com/en/catalunya/barcelona/restaurant/compartir-barcelona,,Michelin,"A place with a Mediterranean atmosphere located in the heart of Eixample, not far from Disfrutar (its big brother), which brings to Barcelona the same culinary concept that has triumphed in its namesake in Cadaqués. They surprise diners with a good variety of oysters and fairly modern dishes, with a certain international fusion and very much designed for sharing (the brown crab with avocado and trout roe stands out, as well as the original Disfrutar ‘Panchino’, with caviar and sour cream)."
Barcelona,Contraban,Selected,,,,,,Contemporary,A moderate spend,2,"Riudarenes 7, Barcelona, 08002, Spain",,,,https://guide.michelin.com/en/catalunya/barcelona/restaurant/contraban,,Michelin,"Located in the Wittmore (awarded a MICHELIN Key) and tucked away in the city’s Gothic Quarter, Contraban boasts a somewhat secretive ambience. Its contemporary-style cooking, which it describes as being inspired by emotions and feelings (freedom, surprise, longing, frustration, etc.), is based around classical French cuisine. The varied menu includes some dishes to share, such as cod fritters with lime mayonnaise. The indoor terrace is incredibly charming and... they also offer brunch at weekends!"
Barcelona,Deliri,Selected,,,,,,Contemporary,A moderate spend,2,"Còrsega 242, Barcelona, 08036, Spain",+34 936 11 39 27,,,https://guide.michelin.com/en/catalunya/barcelona/restaurant/deliri,,Michelin,"In this urban-industrial-style restaurant, chef David Morera’s contemporary Catalan cuisine is fun and full of personality, including an impressive choice of suggestions as well as game dishes in season (wild boar wrapped in cabbage leaves, hare royale, etc.). Everything is supported by a 10-course tasting menu, called Deliri. Be sure to try the delicious stuffed paccheri pasta (macarras de l’àvia)!"
Barcelona,DIREKTE,Selected,,1 Sol,,,,Fusion,Special occasion,3,"París 200, Barcelona, 08008, Spain",+34 934 50 87 89,,,https://guide.michelin.com/en/catalunya/barcelona/restaurant/direkte-boqueria,,Michelin; Guia Repsol,"Just a few steps from the always busy Diagonal, this establishment has turned the bar into the main protagonist.Chef Arnau Muñío, a native of Cerdanyola del Vallès, always takes risks in his combinations and shows a special interest in both seafood and vegetables, successfully fusing Catalan roots and Mediterranean market products with flavours from Asian cuisine. The proposal only comes to life through three surprise tasting menus: Direkte, Boqueria and Eixample (the latter, the most complete with 12 savoury courses and 3 desserts, requires prior reservation). What did we like the most? The tuna spine esqueixada, served in two courses alongside tuna spine consommé with fermented pine blossom, and their wonderful roast chicken stock with prawns. A comprehensive wine list, featuring international options as well as local and low-intervention wines!"
Barcelona,Dos Pebrots,Selected,,1 Sol,,,,Mediterranean Cuisine,Special occasion,3,"Doctor Dou 19, Barcelona, 08001, Spain",+34 938 53 95 98,,,https://guide.michelin.com/en/catalunya/barcelona/restaurant/dos-pebrots,,Michelin; Guia Repsol,"If you’re looking for somewhere that reflects the essence of Mediterranean cooking, this restaurant in the El Raval district, close to MACBA (Museu d'Art Contemporani de Barcelona), is a superb option. In the open-view kitchen, with its signature Josper grill, the focus is on the evolution of gourmet cuisine and the variety of Mediterranean flavours which are showcased on an interesting à la carte (each dish is accompanied by information to explain its history) and three meticulously presented menus (Dos Pebrots, Tasting menu and Festival). Take a seat at the bar to enjoy the experience to the full."
Barcelona,Eldelmar - Hermanos Torres,Selected,,,,,,Traditional Cuisine,Special occasion,3,"Moll del Gregal 3, Barcelona, 08005, Spain",+34 937 07 80 98,,,https://guide.michelin.com/en/catalunya/barcelona/restaurant/eldelmar-hermanos-torres,,Michelin,"The simple fact of having the Torres brothers’ name behind it is enough of a guarantee for this restaurant, but if we add in the spectacular setting of the Balcó Gastronòmic at the Port Olimpic with views of its moored yachts and the Nova Icària beach, you’re on to a certain winner. In this restaurant with a casual ambience and large picture windows through which you can enjoy views of the sea and its surroundings, you’ll find an à la carte that has a clear focus on the Mediterranean and its bounty. The numerous options on offer include oysters, delicious rice and fideuá dishes, pasta and meat, plus a special section dedicated to fish of the day. The extensive wine list features over 400 labels."
Barcelona,Estimar,Selected,,,,,,Seafood,Spare no expense,4,"Sant Antoni dels Sombrerers 3, Barcelona, 08003, Spain",+34 932 68 91 97,,,https://guide.michelin.com/en/catalunya/barcelona/restaurant/estimar,,Michelin,An intimate restaurant that is somewhat tucked away but which has received many plaudits thanks to the passion for the sea shown by the Gotanegra family and chef Rafa Zafra. Grilled dishes and high-quality products are to the fore here.
Barcelona,Fronda Pasaje,Selected,,,,,,Vegetarian,A moderate spend,2,"Banys Vells 20, Barcelona, 08003, Spain",+34 611 30 93 92,,,https://guide.michelin.com/en/catalunya/barcelona/restaurant/fronda-pasaje,,Michelin,"If vegetarian cuisine is your go-to, you have to go to El Born and try it at this restaurant, located just a stone’s throw from the famous basilica of Santa Maria del Mar. The proposal, with a choice of à la carte and two set menus, bears the signature of Argentinean chef-biologist Máximo Cabrera, who shows us how plant-based cuisine is not only healthy, but also tremendously tasty. The dishes, which in some cases are presented as a surprising trompe l'oeil, successfully combine science and creativity."
Barcelona,Jiribilla,Selected,,,,,,Mexican,A moderate spend,2,"Comte Borrell, 85, Barcelona, 08015, Spain",+34 938 56 31 80,,,https://guide.michelin.com/en/catalunya/barcelona/restaurant/jiribilla,,Michelin,"Here, next to the Sant Antoni market, they say that the “Jiribilla”, a Pacific wind that is common in Mexico, is blowing strongly in Barcelona! After almost two decades in Mexico, Catalan chef Gerard Bellver has returned to his native region to showcase his cooking, which shows evident Mexican influences but with a nod to the cooking of his homeland. His various highly seasoned mole sauces, corn tortitas, and aguachiles, among other dishes, are often accompanied by a Mezcal-based cocktail. Dishes that stood out for us included the red prawn aguachile, with a chilli and jalapeño sauce, and the intensely flavoured crab “tetela”."
Barcelona,L'Antiquari Gastronòmic,Selected,,,,,,Creative,Special occasion,3,"Carrer de Neptú 4, Barcelona, 08006, Spain",+34 936 33 81 04,,,https://guide.michelin.com/en/catalunya/barcelona/restaurant/l-antiquari-gastronomic,,Michelin,"It is clear that this restaurant, with its rustic atmosphere in the heart of the Gràcia neighbourhood, has found favour with the general public, who are always eager to try a technical and daring proposal that can blow our taste buds away. The couple at the helm, with Yordi Martínez as chef and Lara Cerlini as sommelier and maitre d', focuses all their work around a single 15-course tasting menu that combines tradition and modernity, always closing the meals in style with a sweet treat (we loved their dessert, with different textures of olive oil). Fun fact: The chef, who usually stops by the tables to explain some of the dishes, always wears a cap as a tribute to his grandfather Antolín."
Barcelona,La Forquilla,Selected,,,,,,Creative,Special occasion,3,"Aragó 152, Barcelona, 08011, Spain",+34 933 00 79 80,,,https://guide.michelin.com/en/catalunya/barcelona/restaurant/la-forquilla,,Michelin,"La Forquilla is definitely a restaurant with a difference given that owner-chef Vidal Gravalosa takes care of everything, including a huge amount of preparation before every sitting, impressive work in the kitchen, as well as service at the handful of tables. His cooking is centred around a tasting menu plus a creatively inspired à la carte featuring an array of seasonal recipes. Standout dishes include the Maresme peas with baby squid and Iberian pork jowl, and the crispy Segovian suckling pig served with its own sauce, parsnip purée and baby gem lettuce."
Barcelona,La Taverna del Clínic,Selected,,1 Sol,,,,Traditional Cuisine,Special occasion,3,"Rosselló 155, Barcelona, 08036, Spain",+34 934 10 42 21,,,https://guide.michelin.com/en/catalunya/barcelona/restaurant/la-taverna-del-clinic,,Michelin; Guia Repsol,"A family-run “taverna” featuring a profusion of wood and thoroughly contemporary comfort. Here, the culinary focus is on traditional cooking based around seasonal ingredients, with a particular fondness for stews and great respect shown to time-honoured flavours, albeit from a modern perspective. The extensive à la carte is impressively complemented by various daily specials, with an enticing array of fish sourced from nearby auctions, and “large plate” options perfect for sharing. Several gastronomic menus are also available."
Barcelona,Leña Barcelona,Selected,,,,,,Meats and Grills,Special occasion,3,"Plaça de Pius XII 4, Barcelona, 08028, Spain",+34 930 47 59 90,,,https://guide.michelin.com/en/catalunya/barcelona/restaurant/lena-barcelona,,Michelin,"This glamorous restaurant, part of the dining options available at the Grand Hyatt Barcelona, bears the hallmark of chef Dani García and follows the aesthetic look established by his brothers in Madrid, Marbella and Dubai. This spacious restaurant, with its elegant, urban steakhouse philosophy, combines the usual presence on the menu of its famous “yakipinchos” and premium red meats (different cuts and periods of aging) with other more local dishes, such as Butifarra de Perol croquettes, and vegetable-based specialities including delicious grilled avocado from Malaga. A live DJ makes an appearance on some evenings, along with a brunch at the weekend. You also have the option of taking home your own personalised knife!"
Barcelona,Maymanta,Selected,,,,,,Peruvian,Special occasion,3,"Plaza de Pius XII 4, Barcelona, 08028, Spain",+34 614 35 71 87,,,https://guide.michelin.com/en/catalunya/barcelona/restaurant/maymanta,,Michelin,"If you’re on the lookout for a restaurant with a view and you like the sound of an “exotic culinary experience”, Maymanta is a great option for you. Located on the 19th floor of the luxurious Grand Hyatt Barcelona hotel, with its panoramic rooftop terrace, enjoy authentic Peruvian cuisine prepared with Mediterranean ingredients. Chef Omar Malpartida likes to say that he combines “what's here and there” when it comes to cuisine that takes guests on a gastronomic journey to Peru’s coast, its mountains, and its jungle. On the menu you’ll find a wide array of ceviches –we particularly enjoyed the “carretillero” (a mix of seafood served with a spicy tiger's milk), grilled dishes, house specialities, plus good options for sharing. Maymanta’s design is inspired by that of a wood hut in the Peruvian jungle!"
Barcelona,Nairod,Selected,,1 Sol,,,,Farm to table,A moderate spend,2,"Aribau 141, Barcelona, 08036, Spain",+34 938 08 92 60,,,https://guide.michelin.com/en/catalunya/barcelona/restaurant/nairod,,Michelin; Guia Repsol,"Located in the heart of the city’s Eixample district, Nairod exudes personality everywhere you look, which doesn’t come as a surprise given that David Rustarazo (better known as Rusti) is at the helm – a self-made chef whose success is down to hard work and experience gained abroad. In this intimate, contemporary setting with a bistro vibe, you'll find market-fresh cuisine where flavour reigns supreme, with an increasing focus on fish and incredible game dishes in season (hare, venison, partridge and, in particular, pigeon). Fun fact: The name of the restaurant is an ode to the chef’s son, Dorian, but spelled backwards!"
Barcelona,Nectari,Selected,,1 Sol,,,,Modern Cuisine,Special occasion,3,"València 28, Barcelona, 08015, Spain",+34 932 26 87 18,,,https://guide.michelin.com/en/catalunya/barcelona/restaurant/nectari,,Michelin; Guia Repsol,"Chef Jordi Esteve dresses his signature cuisine with the enriching nuances provided by local raw ingredients, and it's no coincidence that he works very closely with small producers! The tasty offer of this centrally located restaurant, with a neighbourhood atmosphere, is based on seasonal products and, although it has an à la carte menu, it always shines especially in its tasting menu (which can be enriched with a wine pairing). You'll find interesting combinations, such as their foie gras and eel or the appetising topinambur cream with prawns and seasonal mushrooms."
Barcelona,Osmosis,Selected,,,,,,Creative,A moderate spend,2,"Aribau 100, Barcelona, 08036, Spain",+34 934 54 52 01,,,https://guide.michelin.com/en/catalunya/barcelona/restaurant/osmosis,,Michelin,"Continuing to gain prominence, this restuarant, with an informal atmosphere and simple setup (there are more tables on the upper floor), is where chef John Ordóñez's imaginative proposal awakens a certain amount of interest, as it plays with surprising aromas and is not lacking in flavour either. He usually uses lots of ingredients, although these are kept well differentiated and without hiding their identity. You can order à la carte or opt for one of various set menus that change according to the number of courses. Don't miss their wonderful desserts!"
Barcelona,Pur,Selected,,1 Sol,,,,Farm to table,Special occasion,3,"Passatge de la Concepció 11, Barcelona, 08008, Spain",+34 931 70 17 70,,,https://guide.michelin.com/en/catalunya/barcelona/restaurant/pur,,Michelin; Guia Repsol,"It bears the hallmark of the renowned chef Nandu Jubany and offers a product-based cuisine without artifice, open to the dining room and... in its purest form! What stands out most, both in the à la carte service and in the tasting menu, is the extraordinary quality of the raw ingredients, with grilled, charcoal-grilled and salted dishes... Don't miss the seasonal tomatoes, served with stracciatella cheese and pine nuts, or the now famous grilled marrow with steak tartare (Best Steak Tartare in Spain, 2024). Our recommendation: Sit at the bar for a closer experience and order half portions, so you can try a bit of everything."
Barcelona,RíasKru,Selected,,1 Sol,,,yes,Seafood,Special occasion,3,"Lleida 7, Barcelona, 08004, Spain",+34 934 24 81 52,41.374144,2.1545293,https://guide.michelin.com/en/catalunya/barcelona/restaurant/riaskru,https://riaskru.com/,Michelin; Michelin wine list; Guia Repsol,"This somewhat unusual restaurant is a fusion of two dining spaces (including the former RÍas de Galicia and Espai KRU) and two culinary themes on a single menu: classic Galician cooking (featuring superb fish and seafood) and Japanese-inspired cuisine with a focus on raw dishes (the menu also includes caviar-based specialities). We can particularly recommend the smoked anchovies with Manchego cheese, and the delicious Galician goose barnacles from Roncudo en Corme, Laxe, and Cedeira."
Barcelona,Solc,Selected,,,,,,Mediterranean Cuisine,A moderate spend,2,"Paseo de Gràcia 68, Barcelona, 08007, Spain",+34 934 96 77 07,,,https://guide.michelin.com/en/catalunya/barcelona/restaurant/solc,,Michelin,"Solc is located on the first floor of the elegant Majestic Hotel & Spa Barcelona, hence the aristocratic air that pervades the entire building. The Mediterranean cuisine in evidence here has a clear Catalan DNA, both on the à la carte and the tasting menu (the latter featuring dishes from the former), and showcases ingredients from the nearby Maresme area, where the restaurant has its own farm which provides much of the produce used here on a daily basis. A hugely popular brunch is also available every Sunday, but given its popularity we definitely recommend booking a table in advance."
Barcelona,Suculent,Selected,,1 Sol,,,,Contemporary,A moderate spend,2,"Rambla del Raval 45, Barcelona, 08001, Spain",+34 934 43 65 79,,,https://guide.michelin.com/en/catalunya/barcelona/restaurant/suculent,,Michelin; Guia Repsol,"A culinary jewel, right in the heart of the Raval district, where guests have the choice of two contemporary menus (Los Clásicos and Suculent), both with fresh and casual dishes that, in many cases, are presented as dishes to share (you can try the Catalan-style baby broad beans with butifarra de perol and horseradish or their Beurre blanc beetroot, tarragon oil and smoked eel). There's even a hidden table accessed via the rear of the cold room!"
Barcelona,Taberna Noroeste,Selected,,,,,,Contemporary,Special occasion,3,"Radas 67, Barcelona, 08004, Spain",+34 931 15 09 11,,,https://guide.michelin.com/en/catalunya/barcelona/restaurant/taberna-noroeste,,Michelin,"If you’re keen to move away from the classic restaurant circuit in Barcelona, head to Poble Sec, a quiet district at the foot of the Montjuic hill, and just a stone’s throw from the legendary Paral·lel avenue. This taberna has just a few tables in the dining room, hence the opportunity to watch the chefs at work in the open kitchen behind the bar. The single surprise menu evolves with the seasons (the fish and seafood are outstanding) with meticulous attention paid to creamy textures and the pairing of ingredients. The name of the restaurant (Northwest in English) is in reference to the origins of owner-chefs Javier and David, as one hails from La Coruña, the other from Salamanca, hence the fusion between Galician, Castilian and Catalan cooking. Guests here are all served at the same time so it’s important to arrive punctually!"
Barcelona,Ten's,Selected,,,,,,Modern Cuisine,Special occasion,3,"Avenida Marqués de l'Argentera 11, Barcelona, 08003, Spain",+34 933 19 22 22,,,https://guide.michelin.com/en/catalunya/barcelona/restaurant/ten-s,,Michelin,"A minimalist gastro-bar overseen by famous chef Jordi Cruz. Here, where they say they ‘reinterpret classic tapas with creativity, precision and a rebellious touch’, you will find individual tapas, a good number of portions designed for sharing, elaborate desserts... and, of course, a tapas tasting menu called Ten's, which is only served to the whole table and is the perfect option to get a true insight into the cuisine here. One dish that bowled us over was the Japanese-style tiradito with cured gilthead bream, gazpachuelo, grapes, kumquat and seaweed."
Barcelona,Tram-Tram,Selected,,1 Sol,,,,Contemporary,Special occasion,3,"Major de Sarrià 121, Barcelona, 08017, Spain",+34 932 04 85 18,,,https://guide.michelin.com/en/catalunya/barcelona/restaurant/tram-tram,,Michelin; Guia Repsol,"A classically furnished, family-run restaurant with a name inspired by this old form of transport in the city. Enjoy traditional cuisine with a contemporary touch, including the occasional international dish and a tasting menu option. The high quality of ingredients it works with is clearly evident in the fish served here (purchased daily at auction), and dishes such as Galician razor clams with a glaze of Manzanilla sherry (from Sanlúcar) and hazelnuts."
Barcelona,Tunateca Balfegó,Selected,,,,,,Fusion,Spare no expense,4,"Avenida Diagonal 439, Barcelona, 08036, Spain",+34 937 97 64 60,,,https://guide.michelin.com/en/catalunya/barcelona/restaurant/tunateca-balfego,,Michelin,"Red tuna is at the heart of everything here! In this highly original restaurant, with a particularly striking ceiling in the main dining room featuring a decor of a school of fish plus some walls adorned with scale-like tiles, there are two à la carte options (one, more Western in taste, where tuna is the main focus, and a second more Asian-inspired menu centred around nigiri, sashimi, uramaki etc) alongside interesting tasting menus (Red and Blu). Occasionally, the restaurant also organises Kaitai experiences where participants can learn first-hand about this time-honoured Japanese fish-slicing technique."
Barcelona,Ultramarinos Marín,Selected,,,,,,Farm to table,Special occasion,3,"Balmes 187, Barcelona, 08006, Spain",+34 932 17 65 52,,,https://guide.michelin.com/en/catalunya/barcelona/restaurant/ultramarinos-marin,,Michelin,"A somewhat unusual restaurant that has taken over an old bar and converted it into a simple “asador”-style eatery. Interesting options here include “knife and fork” breakfasts, plus a traditional market-inspired à la carte that showcases the full flavours of its ingredients, with fish and meat priced by weight. On the menu you can order half, third and even quarter portions, so it's not a bad idea to let the chef make all the decisions so you can try lots of different dishes."
Barcelona,Virens,Selected,,,,,,Contemporary,A moderate spend,2,"Gran Via de Les Corts Catalanes 619, Barcelona, 08007, Spain",+34 930 18 74 51,,,https://guide.michelin.com/en/catalunya/barcelona/restaurant/virens,,Michelin,"Haven't you tried chef Rodrigo de la Calle's plant-based cuisine yet? At this Barcelona restaurante, which he advises, plant-forward cuisine is taken to a whole new level, with organically grown ingredients taking centre stage and a constant focus on small-scale local suppliers. His personal take on contemporary-Mediterranean cuisine (a few meat, fish and rice dishes also feature) is showcased on the à la carte and his three tasting menus (Gastrobotánica; Tierra y mar; and Experiencia mediterránea)."
Barcelona,Windsor,Selected,,1 Sol,,,yes,Modern Cuisine,Special occasion,3,"Còrsega 286, Barcelona, 08008, Spain",+34 932 37 75 88,41.3948915,2.1572133,https://guide.michelin.com/en/catalunya/barcelona/restaurant/windsor,https://restaurantwindsor.com/,Michelin; Michelin wine list; Guia Repsol,"This restaurant, with its updated classic decor, is enhanced by an exquisite terrace and several dining rooms that allow for different configurations. Contemporary Catalan cuisine including a good choice of set menus."
Barcelona,Xavier Pellicer,Selected,,2 Soles,,,,Creative,Special occasion,3,"Provença 310, Barcelona, 08037, Spain",+34 935 25 90 02,,,https://guide.michelin.com/en/catalunya/barcelona/restaurant/xavier-pellicer,,Michelin; Guia Repsol,"In this centrally located restaurant just a few metres from the city’s emblematic La Pedrera-Casa Milà building designed by Gaudí, the focus is on “healthy” cuisine that is centred around seasonal vegetables and the sourcing of its ingredients exclusively from small-scale local producers. The backdrop is an elegant interior with a rustic simplicity that includes a modern dining room with an industrial vibe and a completely open kitchen behind the bar counter, enabling guests to interact with the chefs (there’s also another more multi-functional dining room called El Menjador designed for private events). You will find à la carte service (only at lunchtime, Wednesday through Sunday) and two tasting options (one with 5 courses, the other 8), each featuring three different options: vegan, vegetarian and omnivore. The interesting wine list includes lots of little-known labels."
Barcelona,Xerta,Selected,,1 Sol,,,,Creative,Spare no expense,4,"Còrsega 289, Barcelona, 08008, Spain",+34 937 37 90 80,,,https://guide.michelin.com/en/catalunya/barcelona/restaurant/xerta,,Michelin; Guia Repsol,"If you’re still unfamiliar with the culinary delights of the Ebro Delta, a visit to this restaurant in Barcelona is a must to savour the flavours of a region that has been declared a World Biosphere Reserve. Accessed via the lobby of the Ohla Eixample hotel, Xerta boasts a contemporary dining room with views of the kitchen. Chef José Guadalupe Couoh Pomol, hailing from Yucatán, is passionate about Mediterranean cuisine and offers expert insight into the specific cuisine of the Ebro Delta, giving us the opportunity to discover its authentic gastronomy (elvers, oysters, rice... 90% of the products come from there) from a creative point of view. What’s on offer? The à la carte menu, which always features an array of delicious rice dishes and showcases seasonal ingredients (sea cucumbers, spot-tail mantis shrimp, blue crab, wild mushrooms, etc.), is complemented by three set menus: Temporada (lunchtime, not available on bank holidays, Tuesday to Friday), Delta and Producto."
Barcelona,âme,Selected,,,,,,French Contemporary,Special occasion,3,"Londres 91, Barcelona, 08036, Spain",+34 607 15 58 04,,,https://guide.michelin.com/en/catalunya/barcelona/restaurant/ame,,Michelin,"The aim of this unusual bistro, run by business partners Pachi Rodríguez (manning the stove) and Joey Attieh (as sommelier), is to pay continued homage to French cuisine, while at the same time making full use of seasonal local ingredients (artichokes from Prat, red prawns from Palamós, trout and acorn-fed duck from the Pyrenees, etc.). The dynamic and constantly evolving cuisine only sees the light through two tasting menus (Experiencia and Epicúreo) that propose a journey through the flavours of the Mediterranean from the perspective of French cuisine. Their delicious Montseny maitake with cashew nuts and foie is a very special dish."
Barcelona,Al Kostat,,,1 Sol,,,,,,2,,,,,,,Guia Repsol,
Barcelona,AÜRT,,,2 Soles,,,,,,3,,,,,,,Guia Repsol,
Barcelona,Brabo,,,1 Sol,,,,,,2,,,,,,,Guia Repsol,
Barcelona,Ca l'Isidre,,,1 Sol,,,,,,2,,,,,,,Guia Repsol,
Barcelona,Carnal Steak House,,,,,92,,,,3,,,,,,,World's 101 Best Steak,
Barcelona,Coure,,,2 Soles,,,,,,3,,,,,,,Guia Repsol,
Barcelona,Eldelmar,,,1 Sol,,,,,,2,,,,,,,Guia Repsol,
Barcelona,Els Pescadors,,,1 Sol,,,,,,2,,,,,,,Guia Repsol,
Barcelona,Espacio UMA,,,1 Sol,,,,,,2,,,,,,,Guia Repsol,
Barcelona,Estimar - Rafa Zafra,,,2 Soles,,,,,,3,,,,,,,Guia Repsol,
Barcelona,Granja Elena,,,1 Sol,,,,,,2,,,,,,,Guia Repsol,
Barcelona,Gresca,,,2 Soles,,,,,,3,,,,,,,Guia Repsol,
Barcelona,Jardín del Alma,,,1 Sol,,,,,,2,,,,,,,Guia Repsol,
Barcelona,Olivos Comida y Vinos,,,1 Sol,,,,,,2,,,,,,,Guia Repsol,
Barcelona,Petit Comité Gaig,,,1 Sol,,,,,,2,,,,,,,Guia Repsol,
Barcelona,Roig Robí,,,1 Sol,,,,,,2,,,,,,,Guia Repsol,
Barcelona,Sato i Tanaka,,,1 Sol,,,,,,2,,,,,,,Guia Repsol,
Barcelona,Xemei,,,1 Sol,,,,,,2,,,,,,,Guia Repsol,
Lisbon,Belcanto,2 Stars,,,42,,yes,Creative,Spare no expense,4,"Rua Serpa Pinto 10A, Lisbon, 1200-026, Portugal",+351 21 342 0607,38.7104102,-9.1415741,https://guide.michelin.com/en/lisboa-region/lisboa/restaurant/belcanto,https://www.belcanto.pt/,Michelin; Michelin wine list; World's 50 Best,"Belcanto boasts a superb location in the Bairro Alto (Chiado) district popular with tourists, on a corner close to a former convent damaged by the large earthquake that devastated the city in 1755. In his culinary empire’s showcase gourmet restaurant, chef José Avillez offers a modern à la carte and a single tasting menu entitled Belcanto that takes guests on a journey of gastronomic discovery in a dining room divided into different spaces, alongside a chef’s table in the kitchen. Avillez explains that all his dishes are influenced by Lisbon’s different light, its maritime shoreline and its distinct districts: in the words of this celebrated chef, “cooking is our very own fado, and our own form of expression”. He recreates recipes that recall our childhood memories, such as the classic “sweet eggs and citrus” (doce de ovos e citrinos), which boasts a sublime delicacy and a truly special flavour. Interestingly, the napkin provided for dessert is in the shape of a sleeve, recalling the way the chef once wiped his mouth on his sleeve as a child!"
Lisbon,Fifty Seconds,2 Stars,,,,,yes,Creative,Spare no expense,4,"Cais das Naus, Lisbon, 1990-173, Portugal",+351 21 152 5380,38.7747556,-9.0911606,https://guide.michelin.com/en/lisboa-region/lisboa/restaurant/fifty-seconds,https://www.fiftysecondsexperience.com/,Michelin; Michelin wine list,"Have you ever enjoyed a meal 120 metres up? Enjoy this experience at the magnificent restaurant in the Torre Vasco da Gama, an emblematic building that stands out on Lisbon’s skyline. Access is via a lift that takes exactly 50 seconds to reach the top, hence the name of the establishment. At the helm is chef Rui Silvestre, with a long track record in renowned restaurants and known as the youngest chef to win a MICHELIN Star in Portugal. His creative proposal comes to life through a single menu, entitled “Fauna e Flora” (choose between 11, 12 or 14 courses), which takes seafood as its central axis, with a wonderful interplay of textures and flavour-packed garnishes. A fine example is the Polvo e beterraba (octopus and beetroot) dish, served with two sauces (one of yoghurt and herbs, the other masala-style). The chef masterfully incorporates distinct exotic spices that speak of his Mozambican and Indian roots!"
Lisbon,Henrique Sá Pessoa,2 Stars,,,,,,Creative,Spare no expense,4,"Travessa da Légua De Póvoa 11, Corpo 3, Bloco B, Loja L, Lisbon, 1250-138, Portugal",+351 21 838 4605,,,https://guide.michelin.com/en/lisboa-region/lisboa/restaurant/henrique-sa-pessoa,,Michelin,"Chef Henrique Sá Pessoa’s flagship, which has taken a new direction after changing both name and location (it used to be called Alma), elevates the culinary stage of the bucolic Páteo Bagatela, midway between Jardim das Amoreiras and Parque Eduardo VII.In this appealing establishment, which surprises with an open kitchen at the back of the main dining room and a small counter (for two diners) offering a slightly more exclusive experience, every detail has been carefully considered, blending a welcoming feel with artistic motifs that evoke the ocean. The culinary proposal, which above all seeks to offer freedom of choice, takes shape in a short à la carte menu and three tasting menus: Encontros, Clássicos and Costa a Costa. Here, the idea is to rethink Portuguese cooking, updating it in technique and presentation, with refined aperitifs and truly delicious dishes (do not miss the Presa à alentejana (Alentejo-style black-pork loin), massa de pimentão (red pepper paste), molho “Bulhão Pato” - garlic-and-coriander sauce)."
Lisbon,2Monkeys,1 Star,,,,,,Creative,Spare no expense,4,"Rua Câmara Pestana 23, Lisbon, 1150-082, Portugal",+351 21 826 2927,,,https://guide.michelin.com/en/lisboa-region/lisboa/restaurant/2monkeys,,Michelin,"There are some restaurants that exude positive energy – and this is, without a shadow of a doubt, one of them. The two monkeys after which it is named (and which are also depicted on the logo) refer, somewhat surprisingly, to the two chefs at the helm (Vítor Matos and Guilherme Spalk) and their approach to their work – at the same time as offering a high-quality culinary experience, they are also keen to entertain and have fun! This unique space, occupying the former wine cellar at the luxury Torel Palace Lisboa hotel, recreates, in stunning wood, the concept of a theatrical dining experience for just 12 guests built around a central island that provides the setting for the open kitchen. On the single, creatively focused menu, which includes some French-inspired details, guests can explore flavours from around Portugal (we particularly enjoyed the onion chawanmushi and the violet shrimp). The chefs interact constantly with their guests, who are not restricted to a fixed time schedule, enabling them to manage their own experience in more relaxed fashion."
Lisbon,CURA,1 Star,,,,,yes,Modern Cuisine,Spare no expense,4,"Rua Rodrigo da Fonseca 88, Lisbon, 1099-039, Portugal",+351 21 381 1401,38.7257479,-9.155379,https://guide.michelin.com/en/lisboa-region/lisboa/restaurant/cura,https://m.fourseasons.com/pt/lisbon/dining/restaurants/cura/,Michelin; Michelin wine list,"We find ourselves in the gourmet space of the Four Seasons Hotel Ritz Lisbon, a luxurious and emblematic hotel that nevertheless allows the restaurant to assert its own identity, with a separate entrance. The establishment, which adopts the word “curadoria” (“curators who care for art”) as its name, has Chef Rodolfo Lavrador at the stoves and boasts an open kitchen where a modern, audacious and balanced cuisine is championed—considered creations with surprising technical command. The offering conveys Chef Rodolfo’s view of his culinary path between past and present, so two tasting menus are presented: the first, named Percurso (“Path”), pays homage to Portuguese recipes reinterpreted with contemporary techniques; the second, entitled Passo (“Step”), is an experience that underscores the evolution and the steps the chef has taken throughout his career. Both versions can be vegetarian!"
Lisbon,Encanto,1 Star,,,,,,Vegetarian,Special occasion,3,"Largo De São Carlos 10, Lisbon, 1200 410, Portugal",+351 21 162 6310,,,https://guide.michelin.com/en/lisboa-region/lisboa/restaurant/encanto,,Michelin,"Chef José Avillez is one of the leading figures on the Portuguese gastronomic scene, who continues to enhance his legend through hard work and diversification across his restaurants. This small but welcoming venue, next door to his award-winning Belcanto, surprises both for its contemporary aesthetic (with an original library adorning both walls and joining at the ceiling) and for its culinary approach, creatively focused entirely on working with seasonal, organic, locally sourced vegetables — though that by no means prevents the dishes from being technical, tasty, and texturally spot-on. After ringing the bell at the entrance, you are shown to your table and presented with a unique, 100% vegetarian tasting menu exploring concepts such as zero waste, always well matched by a list of biodynamic wines, craft beers, and in-house kombuchas... One of the dishes we liked most was the autumn vegetable stew / fig leaf!"
Lisbon,EPUR,1 Star,,,,,,Creative,Spare no expense,4,"Largo da Academia Nacional de Belas Artes 14, Lisbon, 1200-005, Portugal",+351 21 346 0519,,,https://guide.michelin.com/en/lisboa-region/lisboa/restaurant/epur,,Michelin,"A culinary enclave well worth considering in the historic Chiado district, which toys with Newton’s law of universal gravitation to create its own ""Gravitational Taste"" concept. Here, behind the robust façade of an old building, you’ll find an informal, more modern interior that includes an open-view kitchen and dining rooms lit in a contemporary, minimalist fashion. Enjoy superb views across the Tagus estuary to a backdrop of geometrically shaped ceilings and azulejo panels which are a silent testament to the past but which add appropriate character and personality.The creative cooking on display is highly visual yet at the same time elegant, pure and with a strong focus on vegetables. French chef Vincent Farges follows the thinking of Leonardo da Vinci in his defence of ""simplicity and maximum sophistication"", focusing on the essentials to elevate the dining experience via two tasting menus: Inspirações (8 courses) and Epurismo (10 courses)."
Lisbon,Feitoria,1 Star,,,,,yes,Modern Cuisine,Spare no expense,4,"Doca do Bom Sucesso, Lisbon, 1400-038, Portugal",+351 21 040 0208,38.6936647,-9.2129467,https://guide.michelin.com/en/lisboa-region/lisboa/restaurant/feitoria,https://www.restaurantefeitoria.com/,Michelin; Michelin wine list,"If you’re wandering around the city’s historic sights, such as the Monument to the Discoveries and the Belém Tower, make sure you also pay a visit to this charming restaurant. With a backdrop ambience that combines the classic and modern, this space exudes personality and elegance, as well as boasting an exquisite bar at the entrance with views of the Tagus. Taking a seat at one of its tables is an invitation to embark on a journey across the traditional flavours of Portugal through dishes that combine high-level technique and top-quality ingredients. Under the baton of chef André Cruz, the menu has been created with an emphasis on seasonal produce, most of which are from local suppliers, as is reflected on the Semente menu, which comes in four different versions: Leaf, Roots, and two vegetarian options. Classic Portuguese dishes have been enhanced with a touch of sophistication, such as the “Sea Stew” (Cozido do Mar), featuring fish, a selection of bivalves and local vegetables, or the typical convent-inspired Sericaia dessert from the Alentejo, made with eggs and served with honey and native herbs."
Lisbon,Grenache,1 Star,,,,,,French Contemporary,Spare no expense,4,"Pátio de Dom Fradique 12, Lisbon, 1100-624, Portugal",+351 21 887 1616,,,https://guide.michelin.com/en/lisboa-region/lisboa/restaurant/grenache,,Michelin,"Fancy taking your taste buds on a trip to France? This delightful restaurant in historic Alfama, tucked away in the peaceful Pátio de Dom Fradique (next to the Palácio dos Condes de Belmonte), is run by Chef Philippe Gelfi who, staying true to his origins, serves up contemporary cuisine with French roots, where elegance and technique unite with flavour, working diligently with ingredients based on the finest local seasonal produce. It might be interesting to explore his tasting menus (Grenache and Experience) at the tables alongside the kitchen, where you can watch the cooks, all elegantly attired in their classic “toque blanche” working tirelessly under the chef’s guidance. The terrace, brimming with romance, is a great option if you are looking for a special dinner and the weather permits!"
Lisbon,Kabuki Lisboa,1 Star,,,,,,Japanese,Special occasion,3,"Rua Castilho 77B, Lisbon, 1070-050, Portugal",+351 21 249 1683,,,https://guide.michelin.com/en/lisboa-region/lisboa/restaurant/kabuki-lisboa,,Michelin,"Located in the renowned Galerias Ritz at the Four Seasons Hotel Ritz Lisbon, Kabuki Lisboa was the first of the group’s ventures outside Spain. This is no minor undertaking given the close relationship the Portuguese have always had with the sea, and the fact that they were the first to establish contact with Japan! The space extends across three floors and boasts a sophisticated contemporary ambience that combines art and fine dining. On the lower floor, guests can enjoy cocktails, liqueurs as well as an “executive” menu; the main dining room is home to a sushi bar (sashimi, usuzukuri, nigiris, makis etc) decorated with a striking mural illustrating the five key tenets of Japanese philosophy: Earth, Water, Fire, Wind and Void; while the brightly illuminated top floor floor offers a menu option (lunch only) dedicated to a different ingredient every day. Japanese-Mediterranean cuisine based around the very best Portuguese ingredients."
Lisbon,Kanazawa,1 Star,,,,,,Japanese,Spare no expense,4,"Rua Damião De Góis 3 A, Lisbon, 1400-291, Portugal",+351 21 301 0292,,,https://guide.michelin.com/en/lisboa-region/lisboa/restaurant/kanazawa,,Michelin,"Beneath this name, which references the chef who opened the restaurant and the capital city of Japan’s Ishikawa region, lies a gateway to a different culinary world. The traditional kaiseki cuisine, recognised as one of Japan’s most refined styles since it was practised in the imperial court and accompanied the tea ceremony, aims to delight diners in this small, minimalist restaurant, with a single counter for eight guests. The courteous Chef Paulo Morais, who works in full view and explains each dish in detail, offers several menus (three at lunchtime, with the same appetisers, and six during dinner service) that remain faithful to the kaiseki philosophy; admittedly with some leeway, yet still respecting its essence. In the evening, everything takes on a more elaborate and haute-cuisine style. The quality of the fish and nigiris (scallop, clam, tuna belly, turbot, scarlet prawns...) is truly spectacular!"
Lisbon,Loco,1 Star,,,,,,Modern Cuisine,Spare no expense,4,"Rua dos Navegantes 53 B, Lisbon, 1200-731, Portugal",+351 21 395 1861,,,https://guide.michelin.com/en/lisboa-region/lisboa/restaurant/loco,,Michelin,"At this restaurant, just a stone’s throw from the 18th-century Baroque Basílica da Estrela, they say they work with micro-seasons to maximise flavour and fulfil their zero-waste policy. Loco brims with surprises from the moment you step through the door, starting with its eye-catching, fully open kitchen and amplified by extensive design details that reflect the house’s creativity and character. Chef Alexandre Silva concentrates his entire culinary philosophy into a single surprise tasting menu of 16 “moments” or steps, inspired by Portuguese tradition yet in constant evolution and viewed through a contemporary lens. A recommendation? Don’t miss the drinks list, which offers not only superb organic wines from small producers but also a variety of craft beers, herbal liqueurs and house-fermented natural juices, most of them made on site."
Lisbon,"Marlene,",1 Star,,,,,,Modern Cuisine,Spare no expense,4,"Avenida Infante D. Henrique. Doca do Jardim do Tabaco, Lisbon, 1100-651, Portugal",+351 912 626 761,,,https://guide.michelin.com/en/lisboa-region/lisboa/restaurant/marlene,,Michelin,"A haute cuisine-style restaurant adjacent to Zunzum Gastrobar, located in a glass-fronted building next to the Lisbon Cruise Terminal (a bonus for parking, with a huge public car park available). The restaurant, with a contemporary feel, surprises visitors with a large open central kitchen, surrounded by a counter that allows you to watch the chefs at work at all times. Chef Marlene Vieira, together with her team, presents a signature approach based on two tasting menus (9 or 12 courses) referencing both Portuguese tradition (we loved her refined blue lobster, green curry and seaweed) and flavours from other latitudes, always accompanying the dishes with cornbread following her grandmother’s old recipe. A curious detail? If you order a meat option, you are presented with a selection of handcrafted knives, with different handles and hand-sharpened blades, from which you can choose."
Lisbon,SÁLA de João Sá,1 Star,,,,,,Modern Cuisine,Special occasion,3,"Rua dos Bacalhoeiros 103, Lisbon, 1100-068, Portugal",+351 21 887 3045,,,https://guide.michelin.com/en/lisboa-region/lisboa/restaurant/sala1154759,,Michelin,"A good culinary option in the Baixa area? On one of its bustling streets you’ll find SÁLA by João Sá, an exceptionally welcoming restaurant with the kitchen in view from the entrance and, above all, a place that has come into its own. Chef João Sá, who often comes to the tables to serve a dish and explain it in detail, proposes a travelling cuisine full of personality, combining tradition and the finest Portuguese ingredients with a palette of globally influenced flavours, sometimes in a measured register, sometimes with more intense touches from the Asian world. On its tasting menus, Horizonte à Vista and À procura de novas Texturas, you’ll find delicious creations and a dessert that caught our eye: Ramen conventual, made with a “false spaghetti” of egg yolk and sugar, a fresh, well-balanced coriander sorbet, slices of preserved peach and, to finish, a miso-and-vanilla syrup. Curious details? The restaurant often collaborates with the NGO Oceans Alive."
Lisbon,YŌSO,1 Star,,,,,,Japanese,Special occasion,3,"Rampa Das Necessidades 6, Lisbon, 1350-188, Portugal",+351 21 397 0705,,,https://guide.michelin.com/en/lisboa-region/lisboa/restaurant/yoso-1214668,,Michelin,"This spot is somewhat hidden away in the Alcântara district, and its name bears a certain mysticism; not without reason, as it alludes to the four elements of nature (Earth, Water, Fire and Air). Brazilian chef Habner Gomes, well supported by José Balau as dining room director and sommelier, offers a Japanese-inspired proposal in the kaiseki style, presenting a single omakase tasting menu that reveals extensive expertise and extreme refinement, as the dishes are plated with the utmost attention to detail. It features a comfortable sushi counter for ten diners, and goes beyond the usual raw cuisine to introduce us to Japan’s hot dishes, with tasty broths and grilled preparations. Curious details? The dishes, which always celebrate fish from the Portuguese coast (seabream, Atlantic leerfish, eel, Azorean bonito, etc.), take their names from the techniques used (Sakizuke [appetiser], Otsukuri [sliced raw fish], Niguirizushi [hand-formed sushi], Agemono [deep-fried dish], etc.)."
Lisbon,Canalha,Bib Gourmand,,,,,,Farm to table,A moderate spend,2,"Rua da Junqueira 207, Lisbon, 1300-338, Portugal",+351 962 152 742,,,https://guide.michelin.com/en/lisboa-region/lisboa/restaurant/canalha,,Michelin,"Chef João Rodrigues’s concept, located in a residential area, harks back to the neighbourhood restaurants of the past, yet retains the essence of a bistro. Sitting at the counter and watching the kitchen bustle contributes to a relaxed and vibrant atmosphere. Here, the focus is on the products — displayed in a showcase at the entrance — prepared simply, offered at accessible prices, and presented in a sharing format. A blackboard displays the daily lunch specials and, in addition, an appealing menu. Whether it’s the succulent open prawn omelette with onion, the iconic squid dish with sheep’s butter, or the simple yet authentic peach served with eggnog and creamy pistachio ice cream, one thing is certain — it does not disappoint!"
Lisbon,Carnal,Bib Gourmand,,,,,,Mexican,A moderate spend,2,"Rua da Misericordia 78, Lisbon, 1200 273, Portugal",+351 913 463 232,,,https://guide.michelin.com/en/lisboa-region/lisboa/restaurant/carnal-1200315,,Michelin,"(Provisionally, services are being provided at Largo da Trindade, 9) This lively, centrally located restaurant quickly gained popularity for being owned by the well-known Chef Ljubomir Stanisic (head of the 100 Maneiras group). It describes itself as a Mexican gastrobar and is one of those casual places that entices your taste buds. The dishes, generally quite well-balanced, are designed for a modern and informal ambience, with subtle nods to Mexican culture, striking the right harmony of flavour and heat in each creation. On the menu, featuring typical antojitos, tostadas, gringas and the famous tacos (don’t miss the tacos al pastor or the cauliflower tacos), you’ll also find bolder or more daring options like guacamole with insects or chicharrón (both dishes include larvae and crickets). Be sure to try one of their tequila cocktails!"
Lisbon,Ofício - Wine & Dining Room,Bib Gourmand,,,,,,Traditional Cuisine,A moderate spend,2,"Rua Nova da Trindade 11, Lisbon, 1200-301, Portugal",+351 910 456 440,,,https://guide.michelin.com/en/lisboa-region/lisboa/restaurant/oficio,,Michelin,"This restaurant, located in the heart of Chiado and close to the Jesuit church of São Roque, was born under the philosophy of a contemporary taberna (tavern), however… it is now taking a new path! The starting point is the recreation of Portuguese recipes in the light of current knowledge, always respecting the product and its origins, but without setting limits. The chef at the helm, Maurício Varela, champions a fluid proposal that seeks balance between cold and hot cooking, with constant references to the memory of Portuguese cuisine, spanning from traditional churrasco (barbecue) to conservas (preserves), as well as escabeches and smoked preparations. For them, in pursuit of a living offering, proximity and freshness of raw materials are fundamental to the creative process."
Lisbon,Pigmeu,Bib Gourmand,,,,,,Portuguese,A moderate spend,2,"Rua do 4 De Infantaria 68, Lisbon, 1350-274, Portugal",+351 21 825 2990,,,https://guide.michelin.com/en/lisboa-region/lisboa/restaurant/pigmeu,,Michelin,"A few metres north of the leafy Jardim da Parada, in Lisbon’s Campo de Ourique district, there is a very simple restaurant where… the cooking and character matter far more than comfort! Everything revolves around pork (which partly explains the name of the place), a product that Chef Miguel Azevedo Peres and his executive chef Alexandre Ballarin uses in its entirety, from snout to tail. On the menu, you will find the house classics, such as Torresmo do Rissol (crispy pork crackling), Croquetes do Pigmeu (Pigmeu croquettes), and the popular Bifana Porcalhona (a hearty pork sandwich), along with some delicious offal dishes that you simply must try."
Lisbon,Zunzum Gastrobar,Bib Gourmand,,,,,,Contemporary,A moderate spend,2,"Avenida Infante D. Henrique. Doca do Jardim do Tabaco, Lisbon, 1100-651, Portugal",+351 915 507 870,,,https://guide.michelin.com/en/lisboa-region/lisboa/restaurant/zunzum-gastrobar,,Michelin,"In this elegant restaurant full of light, set in a modern, fully glazed building near the Lisbon Cruise Terminal (opposite the intriguing Museu do Lactário), the famous Chef Marlene Vieira makes a case for a top-notch contemporary concept, always grounded in the traditional Portuguese culinary repertoire, yet open to inspiration from other cuisines around the globe. It is surprising both due to its interior décor, dominated by white and red tones, and its pleasant terrace overlooking the Tagus. Interesting dishes? Algarve pink prawns with seaweed and lemon butter; Alentejo pork chop with fried polenta and roasted pepper ketchup; creamy shellfish and coriander rice..."
Lisbon,100 Maneiras,Selected,,,,,,Creative,Spare no expense,4,"Rua do Teixeira 39, Lisbon, 1200-459, Portugal",+351 910 918 181,,,https://guide.michelin.com/en/lisboa-region/lisboa/restaurant/100-maneiras,,Michelin,"The culinary concept behind 100 Maneiras is one of absolute freedom – one that constantly takes risks and seeks to provoke a strong reaction and to leave a lasting mark with guests, often via ingredients referred to as ""from the future"" or that are little known.Everything here revolves around chef Ljubomir Stanisic, a native of Sarajevo (Bosnia-Herzegovina), who arrived in Portugal in his late-teens following the war in his country, healing the wounds of his soul by devoting himself to cooking. His different tasting menus The Story, Echoes of 100 (vegetarian) and Lunch Short Story (served exclusively for lunch on Fridays and Saturdays), are based around innovative cuisine with a constant nod (both physical and emotional) to his origins, although influences from his adopted homeland and further afield are also evident. His more traditional starters and desserts also have an interesting twist given that he used to make these with his mother!"
Lisbon,BAHR,Selected,,,,,,Portuguese,Special occasion,3,"Praça Luís De Camões 2, Lisbon, 1200-243, Portugal",+351 21 340 8253,,,https://guide.michelin.com/en/lisboa-region/lisboa/restaurant/bahr,,Michelin,"Located on the top floor of the Bairro Alto Hotel (hence the origin of its name) and featuring a kitchen that opens onto the dining room, BAHR describes itself as a “bohemian and irreverent space”. At lunchtime it offers a much more informal market-inspired “executive menu”, with more elaborate, exclusively à la carte dishes in the evening, but all featuring the very best ingredients."
Lisbon,Downunder by Justin Jennings,Selected,,,,,,Australian Contemporary,A moderate spend,2,"Rua Dos Industriais 21, Lisbon, 1200-685, Portugal",+351 21 401 2967,,,https://guide.michelin.com/en/lisboa-region/lisboa/restaurant/downunder-by-justin-jennings,,Michelin,"If you’ve never eaten crocodile or kangaroo, now is your chance in this unpretentious restaurant run by a young Australian chef who fell in love with Lisbon and set up his own business here. His somewhat unusual cuisine, available on an à la carte and two set menus, shines a light on Australian cuisine and its exotic meats."
Lisbon,Eleven,Selected,,,,,yes,Creative,Spare no expense,4,"Rua Marquês de Fronteira, Lisbon, 1070-051, Portugal",+351 21 386 2211,38.7308206,-9.1556702,https://guide.michelin.com/en/lisboa-region/lisboa/restaurant/eleven118394,https://www.restauranteleven.com/,Michelin; Michelin wine list,"An exclusive dining space, occupying a building with a minimalist designer feel in the upper section of the Amália Rodrigues gardens, with stunning views of the Eduardo VII park. Within this context, German chef Joachim Koerper, who has over five decades of experience behind him, conjures up Mediterranean-inspired cuisine with a meticulous and creative touch, based around locally sourced seasonal ingredients. His culinary focus is built around four menus: the “20 years of the Eleven restaurant”, featuring dishes that have marked his career in the different countries he has worked; a seasonal menu; a vegetarian option; and, lastly, the “Lavagante Azul”, which showcases the blue lobster after which it is named. À la carte options are also available. You can’t go wrong whatever you choose, especially with the chef’s signature dishes such as “My day in Singapore’s food market”, prepared with lacquered suckling pig, fried rice, mango and shrimp, or the cassoulet of white asparagus served with teardrop peas and caviar."
Lisbon,JNĉQUOI Fish,Selected,,,,,,Seafood,Spare no expense,4,"Av. da Liberdade, 189, Lisbon, 1250-096, Portugal",+351 21 593 1000,,,https://guide.michelin.com/en/lisboa-region/lisboa/restaurant/jncquoi-fish,,Michelin,"It is located in the small, luxurious JNĉQUOI House hotel and shares its address with the more gastronomic proposal of the award-winning chef Filipe Carvalho, JNĉQUOI Table, both led by him. As the name suggests, the proposal revolves around the maritime world and backs a broad variety of fish and seafood, displayed as soon as you enter in an appealing showcase. In a spacious Mediterranean-styled setting with a glass-walled kitchen at the back, where you can watch the sizeable team in action, the offering is exclusively à la carte and includes grilled options, salt-baked dishes, and wood-fired preparations… Dishes not to miss? Carabineiro (scarlet prawn) with creamy lemon rice, his Fatiado de peixe (sliced fish) with caviar, ginger and fine herbs, and, for dessert, Pão de leite no forno (oven-baked milk bread) with crème anglaise and cream cheese."
Lisbon,O Frade,Selected,,,,,,Regional Cuisine,A moderate spend,2,"Calçada da Ajuda 14, Lisbon, 1300-006, Portugal",+351 939 482 939,,,https://guide.michelin.com/en/lisboa-region/lisboa/restaurant/o-frade,,Michelin,"This small corner establishment, located by the impressive Museu Nacional dos Coches (with royal carriages from the 16th to 19th centuries), is certainly charming, as it recreates something of the typical atmosphere of Alentejo taverns, with simple decorative details alluding to the process of making the famous “vinho da talha,” a historical wine produced in large clay amphorae following Roman tradition, now a regional classic. Inside, with a U-shaped counter surrounded by stools, they offer a small menu of traditional Alentejo dishes, such as razor clams in a garlic and wine sauce (à bulhão pato) or Frade-style duck rice — many dishes are prepared by the chef right before your eyes!"
Lisbon,O Talho,Selected,,,,,,Meats and Grills,Special occasion,3,"Rua Carlos Testa 1, Lisbon, 1050-046, Portugal",+351 21 315 4105,,,https://guide.michelin.com/en/lisboa-region/lisboa/restaurant/o-talho,,Michelin,"Entering a restaurant through a butcher’s shop (“talho” in Portuguese) provides a clue as to the focus here and is a guarantee that the meat quality will be high and that it comes directly from the source! And it is in this modern yet at the same time informal space that chef Kiko offers his unique cuisine to guests through superb dishes prepared in an exceptional way. Meat-lovers can savour irresistible choices such as picanha from Uruguay, Galician 60-day dry aged T-bone, and A5 Kobe flank, considered one of the world’s best cuts of meat. Meat can also be purchased to be cooked at home."
Lisbon,Omakase Wa,Selected,,,,,,Japanese,Special occasion,3,"Tv. do Fala-Só 15B, Lisbon, 1250-096, Portugal",,,,https://guide.michelin.com/en/lisboa-region/lisboa/restaurant/omakase-wa,,Michelin,"Behind a small, discreet frontage, you’ll discover an authentic Japanese space. Here, chef Ashik Yonjan, supported by two sushi chefs, Danilo Moreira and Suman Suddhakar, presents an omakase offering using Edomae techniques, through which he channels his passion and dedication into small bites full of flavour, skill and balance. With an offering that shifts constantly with seasonality and product quality, it’s also common to find fish brought in from Japan to complement the experience. The experience unfolds in a minimalist setting, entirely clad in wood, centred on a counter with a maximum capacity of 10 diners, served in two sittings, with everyone served together; for that reason, it’s essential to stick to your booked time. Did you know? The chef’s favourite months are June and July, thanks to the greater availability, quality and variety of fresh fish."
Lisbon,Oven,Selected,,,,,,Nepali,A moderate spend,2,"Rua Dos Fanqueiros 232, Lisbon, 1100-232, Portugal",+351 21 827 3826,,,https://guide.michelin.com/en/lisboa-region/lisboa/restaurant/oven,,Michelin,"If you’d like to take your tastebuds on a journey to Asia, Oven is the perfect place. Nepalese chef Hari Chapagain promises to take you on a voyage from India to Nepal through his cooking, to which he adds an innovative and contemporary touch. Many of his dishes are prepared in the “tandoor” oven (which is part of the open kitchen here and gives its name to the restaurant). Dishes he cooks in the oven include the tasty naan bread, as well as delicious grilled ribs of lamb, duck and chicken marinaded in Nepalese herbs and spices. A word of advice: we recommend asking the staff here about the levels of spiciness of each dish."
Lisbon,Plano,Selected,,,,,,Contemporary,Special occasion,3,"Rua da Bela Vista à Graça 126, Lisbon, 1170-075, Portugal",+351 933 404 461,,,https://guide.michelin.com/en/lisboa-region/lisboa/restaurant/plano,,Michelin,"Chef Vítor Adão, from Trás-os-Montes, has roots firmly anchored in tradition and the provenance of his produce. After stints at renowned restaurants, he opened his own place in a less touristy area, showcasing the heritage of his homeland in dishes such as snacks served on a map referencing the different Trás-os-Montes regions and Javali, wild boar, with cauliflower purée, cooking juices and blackberries. The offering is built around two surprise tasting menus (7 or 10 moments), which vary according to producers’ availability. In a minimalist, elegant setting with vaulted ceilings and exposed brick, the dining room shares space with countless jars of pickles that reinforce the connection to the land. A lovely terrace invites you to dine outdoors, especially on summer evenings!"
Lisbon,Salta,Selected,,,,,,Fusion,A moderate spend,2,"Rua Rodrigo da Fonseca 82A, Lisbon, 1250-193, Portugal",+351 21 132 5822,,,https://guide.michelin.com/en/lisboa-region/lisboa/restaurant/salta,,Michelin,"A few minutes from Praça Marquês de Pombal, you’ll find Salta, a restaurant that blends Asian cuisine with Central American flavours in an informal setting. Spread across three areas decorated in dark tones, the main floor looks onto the kitchen and a counter where creative cocktails are served. At the stoves is chef Tomaz Salema Reis who, after extensive international experience, returned to his homeland to showcase the flavours and techniques he picked up in the kitchens he passed through. Packed with bold, well-balanced flavours, the menu offers à la carte dishes to share, or three tasting menus: Vegan Experience, Chef’s Experience and Chef’s Experience “+”. One not to miss? The Soft shell crab Taco, combining the sweetness of pineapple chutney with the gently spicy kick of gochujang mayonnaise."
Lisbon,Santa Joana,Selected,,,,,,Contemporary,A moderate spend,2,"Rua de Santa Marta 61B, Lisbon, 1059-002, Portugal",+351 21 155 5582,,,https://guide.michelin.com/en/lisboa-region/lisboa/restaurant/santa-joana,,Michelin,"Inside the Locke de Santa Joana hotel, a 17th-century convent that now blends past and present, you will find a restaurant you simply must visit, with premises full of personality. The menu, signed by chef Nuno Mendes, seeks to honour the city’s distinct cultural influences in order to tell stories with soul, both of yesterday and of today; always, however, with a contemporary touch and international nuances that speak of the cook’s journey. A recommendation? Try his Berbigão da costa (coastal cockles), caldo Bulhão-Pato (Bulhão Pato broth), croutons and sea herbs, because… it comes with a sauce that is truly addictive!"
Lisbon,Suba,Selected,,,,,,Contemporary,Special occasion,3,"Tv. da Portuguesa 53, Lisbon, 1200-401, Portugal",+351 21 157 3055,,,https://guide.michelin.com/en/lisboa-region/lisboa/restaurant/suba,,Michelin,"It is installed on the ground floor with an entrance independent from the luxurious hotel Verride Palácio de Santa Catarina — an elegant eighteenth‑century palace. At the head of the kitchen is chef Fábio Alves, from Trás‑os‑Montes, who seeks to recall recipes from his native region through authentic flavours and aromas — as in the starters served in a glass box, with small snacks of Alheira (smoked bread‑and‑meat sausage), bacalhau (salt‑cod), tomato, broa (cornbread), folar (Easter loaf) and azeitona (olive). However, the menu does not forget dishes from the rest of the country, nor the magnificent fish from the Portuguese coast, such as the appealing course comprising Atlantic fish, millet and razor clam. The offering, presented with a modern touch, is composed of three tasting menus (Full Experience, 5 or 4 courses) and a reduced à la carte menu with vegetarian options. At the end, go up to the incredible panoramic terrace and enjoy 360º views over the beautiful city of Lisbon. But note if you wish to go as a family, as only children aged 12 and over are accepted!"
Lisbon,Terroir,Selected,,,,,,Modern Cuisine,Special occasion,3,"Rua da Madalena, 271, Lisbon, 1100-321, Portugal",+351 926 312 647,,,https://guide.michelin.com/en/lisboa-region/lisboa/restaurant/terroir,,Michelin,"Now at a new address, within the Madalena Beautique Hotel and just a few metres from several of the city’s tourist spots, this restaurant reasserts the character of Portuguese cooking enriched with subtle international touches. The kitchen, led by chef Guilherme Sousa, who has worked with teams at renowned restaurants in Portugal such as Fifty Seconds, Fortaleza do Guincho and Ocean, bases its concept on seasonal produce and memories of his childhood. Here, the offering comes as two surprise tasting menus (5 or 8 moments), both also available in a vegetarian version."
Porto,Antiqvvm,2 Stars,,,,,,Creative,Spare no expense,4,"Rua de Entre Quintas 220, Porto, 4050-240, Portugal",+351 22 600 0445,,,https://guide.michelin.com/en/porto-region/porto/restaurant/antiqvvm,,Michelin,"There are places in the world that, simply by their location, exert a particular pull. Such is the case of Antiqvvm, set in a leafy park and a singular building beside the Museu Romântico, as well as a pleasant garden where you can enjoy a meal… with one of the most idyllic views over the Douro! In its elegant rooms, which combine classic and contemporary details with undeniable good taste, chef Vítor Matos champions creative cuisine with elegant dishes of “only apparent” simplicity that conceal an ode to the product (scarlet prawn, red mullet, caviar, sea bass, wagyu, black truffle…). In his own words, the chef, inspired by the surrounding environment, seeks to ""promote the values of a natural, cultural, evolutionary, social and artistic cuisine.” Two tasting menus are proposed, Orgânico (vegetarian) and Ensaios Sensoriais (Sensory Rehearsals) with incredible dishes such as Violet Prawn & Moqueca and the Sea Bass & Curry."
Porto,Blind,1 Star,,,,,,Creative,Spare no expense,4,"Rua de Entreparedes 40, Porto, 4000-197, Portugal",+351 22 600 1580,,,https://guide.michelin.com/en/porto-region/porto/restaurant/blind,,Michelin,"This is one of those places where you seek more than just a meal — you seek produce, flavour, technique... and a culinary experience that moves you; not surprisingly, they wanted to pay tribute to José Saramago’s famous work “Blindness” and build their ethos around three concepts that play with the senses: Feel, Touch and Provoke. This restaurant, inside the Torel Palace hotel, is overseen by Chef Vítor Matos and champion a cuisine guided by common sense, serious in presentation yet playful (some blind tastings are offered), with plating not devoid of a theatrical touch. The concept involves a single surprise tasting menu, called Blind Emotions, with two variations: one featuring 10 courses and another with 12. They may surprise you with lit butter candles, the tinkling of a Swiss cowbell, or a Polaroid photo while you’re blindfolded... Do you accept the challenge?"
Porto,dop,1 Star,,,,,,Contemporary,Spare no expense,4,"Largo de São Domingos 16, Porto, 4050-545, Portugal",+351 910 014 041,,,https://guide.michelin.com/en/porto-region/porto/restaurant/dop,,Michelin,"Set in a historic building but featuring a renovated contemporary interior, this welcoming restaurant stands out as a splendid option for a meal in the city centre, being just a few metres from the 19th-century Mercado Ferreira Borges.Award-winning chef Rui Paula (Casa de Chá da Boa Nova, in nearby Leça da Palmeira) has revamped this establishment’s concept in a more gastronomic direction, focusing solely on a tasting menu called ""Não há futuro sem memória"" (There’s No Future Without Memory) (available in 6, 10 or 14 courses). The first starters can be served at the bar at the entrance, and subsequently, in the intimate dining room, you can savour contemporary dishes with traditional roots, not without a few Asian touches introduced by Sandro Teixeira, the resident chef. A standout dish? Without a doubt, the Squid / Carbonara, considered a house classic that reinterprets the delicious tagliatelle carbonara made exclusively with squid."
Porto,Euskalduna Studio,1 Star,,,,,,Modern Cuisine,Spare no expense,4,"Rua Santo Ildefonso 404, Porto, 4000-466, Portugal",+351 935 335 301,,,https://guide.michelin.com/en/porto-region/porto/restaurant/euskalduna-studio,,Michelin,"On a narrow street in downtown Porto, you’ll find one of those restaurants that captivates true food lovers; unsurprisingly… it can be hard to get a table! When you ring the bell, the doors open onto an intimate space brimming with personality, reminiscent of Japanese izakayas, featuring a counter opposite the kitchen where all dishes are prepared. What’s their proposition? A tasting menu that will leave no one unmoved, highlighting Chef Vasco Coelho Santos’s passion for a wide array of world cuisines. With coherence as a foundation, he pushes flavour to its limit, enabling him to work with charcoal, introduce smoky notes, use aged fish from his own fishmongers (many sourced from Azorean waters)... and pair the main ingredients with intriguing condiments, from spices to spicy herbs. The chefs, who interact a great deal with customers, always add a surprise dish not shown on the menu!"
Porto,Gastro by Elemento,1 Star,,,,,,Contemporary,Special occasion,3,"Rua Maria Adelaide Freitas Gonçalves 13, Porto, 4350-109, Portugal",+351 22 549 2399,,,https://guide.michelin.com/en/porto-region/porto/restaurant/gastro-by-elemento,,Michelin,"Just a few metres from Estádio do Dragão, chef Ricardo Dias Ferreira leans into ancestral cooking where... fire is the star of the show! Here, almost everything is prepared over fire and in the wood-fired oven (embers and low-temperature cooking also play an important role), giving the dishes a very distinctive flavour. With a minimalist feel and a U-shaped table-counter that houses the kitchen within it, the restaurant breathes an industrial air while also incorporating an elegantly decorated dining room. We recommend taking a seat at the counter to watch the entire preparation process and breathe in the aromas rising from the stoves. The offering, built around the Organic Tasting Menu by Gastro and its 15 moments, evolves with the products available each season, with a special focus on the marine world (carabineiro prawns, scallop, black hake, red mullet...). The sommelier can lift the experience even further if you fancy exploring the wine list, including options served by the glass!"
Porto,In Diferente,1 Star,,,,,,Contemporary,Special occasion,3,"Rua do Doutor Sousa Rosa 23, Porto, 4150-719, Portugal",+351 911 033 315,,,https://guide.michelin.com/en/porto-region/porto/restaurant/in-diferente,,Michelin,"This welcoming restaurant isn’t in the city centre or on the usual tourist routes, yet... it’s truly worth the visit! Angélica Salvador, the Brazilian-born chef at the helm, offers her take on traditional Portuguese and international cooking through a small menu and two contemporary-leaning tasting menus, Homenagem and In Diferente (7 and 9 moments, respectively), both with their own pairing option and the possibility of changing a dish if the diner wishes. Her concept is different and personalised, with signature details, making the most of both the wonderful fish from the Matosinhos or Aveiro fish markets and the fantastic local meats. Standout dishes? We especially enjoyed her Pescada Selvagem, wild hake, and the dessert called Maracujá, passion fruit, made with yuzu, carrot, ginger and coconut milk. The team are extremely attentive and professional!"
Porto,Le Monument,1 Star,,,,,yes,Contemporary,Spare no expense,4,"Avenida dos Aliados 151, Porto, 4000-067, Portugal",+351 22 766 2411,41.1484635,-8.6114469,https://guide.michelin.com/en/porto-region/porto/restaurant/le-monument,https://www.hotelstheone.com/pt/hoteis-porto/the-one-monumental-palace/restaurantes,Michelin; Michelin wine list,"If you feel like going on a high-flying culinary adventure, you will find a magnificent option here, as the luxurious The One Monumental Palace hotel provides the perfect setting. French chef Julien Montbabut, who already reached Michelin star status in Paris, rethinks his concept to take us on a grand culinary journey through Portugal’s various regions. He revisits each region’s classic recipes from his own perspective and lends a touch of modern cuisine and a deep respect for flavours to dishes based on native ingredients. The experience is presented in two versions: Grande viagem [“Grand Journey”] (10 courses) and Passeio [“Stroll”] (6 courses). Both come with the chef’s signature dish, Sapateira (brown crab), which combines Savora mustard and yuzu, blending sweet, acidic and marine notes in an extremely delicate presentation. To conclude the journey, allow yourself to be surprised by the delicious infusions made from herbs and plants chosen by the chef — you definitely will not regret it!"
Porto,Pedro Lemos,1 Star,,,,,yes,Contemporary,Spare no expense,4,"Rua do Ouro 258, Porto, 4150-554, Portugal",+351 22 011 5986,41.1480595,-8.6501319,https://guide.michelin.com/en/porto-region/porto/restaurant/pedro-lemos,https://www.pedrolemos.net/,Michelin; Michelin wine list,"Eating at this restaurant, facing the mouth of the Douro, is always a gratifying experience; not for nothing does it occupy a warehouse linked to the city’s naval history, and chef-owner Pedro Lemos introduces himself by saying: “If I feel I don’t fit into this world, it’s because I was born to create my own.” In this space, striking for both its minimalist atmosphere and the presence of large curtains that organise the interior (there’s a bar area where the first aperitifs are served and a beautiful main dining room), the chef champions a contemporary cuisine with strong classical roots, always elegant, using high-quality regional produce (eel, bivalves, red mullet...). Care to take a recommendation? It’s well worth visiting the wine cellar (you can choose wines that aren’t on the list) and hopping on the charming line 1 tram, which will take you along the riverbanks on a lovely route."
Porto,Vila Foz,1 Star,,,,,,Contemporary,Spare no expense,4,"Avenida De Montevideu 236, Porto, 4150-516, Portugal",+351 22 244 9700,,,https://guide.michelin.com/en/porto-region/porto/restaurant/vila-foz,,Michelin,"It will surprise you, as it occupies what was once the luxurious events room of the Vila Foz H. & SPA, an evocative 19th-century mansion located opposite Praia do Homem do Leme. Here, surrounded by elegant frames, period goldwork, original lamps and mirrors inspired by grand palatial residences, discover the gourmet cuisine of Chef Arnaldo Azevedo, who through his menus Novo Mundo (entirely vegetarian) and Maresia (more focused on Atlantic products, playing with the tides’ rhythm) champions a contemporary style of cooking that highlights the flavours of Portugal’s fantastic fish and seafood. Curious facts? In what used to be the bar, there is a counter in front of the stoves, where they also offer a far more personal, intimate, and intense option called the “Kitchen Seat” reserved exclusively for just two diners and where… the experience is enhanced by constant interaction with the chef!"
Porto,Éon,1 Star,,,,,,Modern Cuisine,Spare no expense,4,"Rua Ricardo Severo 21, Porto, 4050-515, Portugal",+351 22 967 7008,,,https://guide.michelin.com/en/porto-region/porto/restaurant/eon,,Michelin,"At Palacete Severo, a luxurious boutique hotel surrounded by gardens and reminiscent of an art gallery (its French owners are art dealers), the renowned chef Tiago Bonito undertakes his most personal project. The space includes a bar area where aperitifs are served before moving to the table, an elegant dining room adorned with fine contemporary works beneath a stunning coffered ceiling, and an additional room used for private dining. The proposal, distinctly gastronomic in nature, revolves around a tasting menu entitled Lés a Lés, from which guests may choose 9 or 14 moments from a list of dishes. Overall, the chef champions author-driven cuisine that brings his memories to light (as in the dessert Memórias de infância - Childhood Memories) and invites us on a journey through Portugal’s traditional flavours (Pão e brioche com fermento natural (sourdough bread and brioche), Pescada de anzol (line-caught hake), Novilho nacional (Portuguese beef)…), always viewed through a contemporary lens, with refined textures and excellent broths."
Porto,OMA,Bib Gourmand,,,,,,Contemporary,A moderate spend,2,"Rua De Oliveira Monteiro, 183, Porto, 4050-442, Portugal",+351 912 000 099,,,https://guide.michelin.com/en/porto-region/porto/restaurant/oma-1203846,,Michelin,"This establishment is run by Chef Luís Moreira and his partner, Ana Silveira, who recently left a small village to venture into urban life in Porto — and there is no doubt they have been warmly welcomed. They both aim to share their experiences in the different cities where they have lived, including Germany (hence the name of the restaurant, meaning “grandmother” in German). The chef offers a style of cooking that blends local produce with modern techniques, imparting a personal flair. Here, a journey of flavours is guaranteed, beginning with Asia (a destination the chef hopes to explore) via one of the appetisers: a Chawanmushi with tuna and dashi. It then heads to Portugal, featuring National beef sirloin with roasted aubergine, bomba rice and wild mushrooms, and concludes in the Azores, with a dessert of pineapple, pink peppercorns and mascarpone."
Porto,Pátio 44,Bib Gourmand,,,,,,Traditional Cuisine,On a budget,1,"Passeio De São Lázaro, 44, Porto, 4000 508, Portugal",+351 910 524 754,,,https://guide.michelin.com/en/porto-region/porto/restaurant/patio-44,,Michelin,"A restaurant that pleasantly surprises, both for the skill and quality of its produce and for its unassuming façade. This venture, conceived by three friends who crossed paths behind the scenes during a previous project, is led by chef Simão Soares in the kitchen and focuses on traditional Portuguese cuisine, enriched with modern techniques and unique flavours. In a space that reflects the philosophy – simple, welcoming and unpretentious – a concise yet distinctive menu is presented, featuring standout dishes such as sweet potato with beetroot, beef liver served with potato mille-feuille, and the delicate rum and sultana dessert. The venue also features an outdoor terrace, perfect for sunny days and for enjoying one of the creative cocktails on offer!"
Porto,Almeja,Selected,,,,,,Contemporary,A moderate spend,2,"Rua Fernandes Tomás 819, Porto, 4000-219, Portugal",+351 22 203 8120,,,https://guide.michelin.com/en/porto-region/porto/restaurant/almeja,,Michelin,"It’s housed in a building that used to be a traditional coffee and tea shop on the outskirts of Bolhão (the place that gives its name to one of its executive menus). Chef João Cura, after gaining experience in prestigious restaurants in Spain, decided to embark on his own project alongside his wife, Sofia Amaral — who runs the dining room. The concept is grounded in seasonal cuisine and, before designing the menu, the freshest products are selected from local producers. Originality and flavour abound in the chef’s signature creations, which can be enjoyed as a 10-course tasting menu, the Bolhão and Trindade menus (available only on weekdays), or à la carte options. Enjoy the experience in the garden — it’s charming!"
Porto,Apego,Selected,,,,,,Creative,A moderate spend,2,"Rua de Santa Catarina 1198, Porto, 4000-457, Portugal",+351 937 172 342,,,https://guide.michelin.com/en/porto-region/porto/restaurant/apego,,Michelin,"Allow yourself to be won over by this small bistro, a little away from the city centre yet with a welcoming atmosphere, endowed with special charm and singular décor. Here, the talented Chef Aurora Goy pays homage to her Luso-French roots and explores unique flavours through refined techniques, enhancing both taste and presentation. The offering comprises two tasting menus, Apego (“Attachment”) – 5 courses – and Desapego (“Detachment”) – 7 courses – essentially based on vegetables from local producers. A recommendation? Add to your experience the hake ravioli, prawn crudo, miso aubergine and bisque, and the 70 % Costa Rican chocolate with yuzu, kumquat and bacon ice cream… you certainly won’t regret it!"
Porto,Atrevo,Selected,,,,,,Contemporary,A moderate spend,2,"Rua de Morgado de Mateus 51, Porto, 4000-334, Portugal",+351 934 214 652,,,https://guide.michelin.com/en/porto-region/porto/restaurant/atrevo,,Michelin,"The name says almost everything; however, if you still have doubts, there is nothing better to clarify its philosophy than the words of chef Rita Magro herself, who leads the project: “Nothing is too bold for those who dare to try everything”. Indeed, after being recognised with the MICHELIN Young Chef Award 2024 (when she was chef Vítor Matos’s right-hand at Blind), we see that… Rita Magro is now flying solo! The venue, rather compact, unfolds across three clearly distinct spaces: a front room with a support counter, a small room at the back and, lastly, the kitchen, fitted with a Japanese-style counter where you can also sit to watch her work up close. The offering, with à la carte service (we really enjoyed her Cachaço de bacalhau (salt-cod collar), açorda (bread-and-garlic mash, tomato, yolk & coriander) and a tasting menu (Atrevido, with 6 courses ), is the work of a contemporary kitchen that exalts Portugal’s culinary essence while incorporating a few fusion touches."
Porto,Bistrô Severo,Selected,,,,,,Traditional Cuisine,A moderate spend,2,"Rua De Ricardo Severo 141, Porto, 4050-515, Portugal",+351 22 967 7000,,,https://guide.michelin.com/en/porto-region/porto/restaurant/bistro-severo,,Michelin,"If you are seeking a small oasis of tranquillity in the city for a meal, there is an excellent option at Palacete Severo, a welcoming boutique hotel that houses both this restaurant and the gastronomic Éon. Taken together, it reflects chef Tiago Bonito’s more informal proposal, set in a pleasant interior courtyard with a panoramic glass roof, walls beautifully decorated with Portuguese tiles and a lovely fountain to one side. The proposal, which champions traditional cooking with dishes such as Amêijoas à “Bulhão Pato” (clams in a garlic-and-coriander sauce) or Paletilha de cordeiro de leite (suckling lamb shank), is complemented by an enticing executive lunch menu (you may choose between 2 or 3 courses)."
Porto,Cafeína,Selected,,,,,,International,A moderate spend,2,"Rua do Padrão 100, Porto, 4150-557, Portugal",+351 22 610 8059,,,https://guide.michelin.com/en/porto-region/porto/restaurant/cafeina,,Michelin,"This is the first restaurant of the Cafeína Group, boasting 30 years of operation. Set on a corner between Rua do Padrão and Rua Gondarém, it occupies an old villa that retains its façade of tiles, still in pristine condition. Upon entering, you’ll find a classy, refined setting, marked by dark woods and warm hues, along with a traditionally styled bar. The bistronomie concept that defines it is clearly influenced by French cuisine, while also revisiting Portuguese dishes with a contemporary twist. Although the menu is packed with appealing options, ranging from puff pastry lobster soup to duck rice, be sure to save room for the “Cafeína classic”, the Crepe queimado (Crepe flambée), prepared with surprising flavours and textures."
Porto,Camilo,Selected,,,,,,Contemporary,Special occasion,3,"Rua do Almada, 378, Porto, 4050-033, Portugal",+351 915 299 442,,,https://guide.michelin.com/en/porto-region/porto/restaurant/camilo,,Michelin,"This building was the backdrop to one of the most emblematic novels of Portuguese literature, as it was here that the writer Camilo Castelo Branco would meet his beloved Ana Plácido. In this establishment, spread over two storeys and with an open kitchen visible from the entrance, chef Diogo Coimbra presents contemporary cuisine with international influences, devised from national produce and placing fire and embers centre stage. Its concise menu features specialities such as Peixe curado (cured fish) accompanied by ikura roe and wakame seaweed and the succulent Magre de pato (duck magret) served in various forms according to the season… even with truffle. Alongside each dish on the menu, you will find a wine suggestion to pair with your choice!"
Porto,Cozinha das Flores,Selected,,,,,,Modern Cuisine,Special occasion,3,"Largo São Domingos 62, Porto, 4050-545, Portugal",+351 22 976 0001,,,https://guide.michelin.com/en/porto-region/porto/restaurant/cozinha-das-flores,,Michelin,"Set within the luxurious boutique hotel The Largo, on the emblematic Largo de São Domingos, this restaurant pays homage to northern flavours, uniting tradition and innovation. With renowned chef Nuno Mendes at the helm, this welcoming space is a true spur to conviviality, thanks to its vibrant, intimate atmosphere around the open kitchen, where fire is the protagonist. From the tables, turned towards this culinary stage, it is possible to follow the preparation of a menu that favours seasonal ingredients, with dishes such as the Pastel de Nata (salgado) [a savoury take on the custard tart] with turnip cream and caviar, the Arroz caldoso do Sado (soupy rice) with blue lobster from Matosinhos—a fine option to share—and the surprising dessert Leite [a milk‑themed dessert], crafted from this ingredient in different textures—extremely light, delicate and packed with flavour!"
Porto,Elemento,Selected,,,,,yes,Modern Cuisine,Special occasion,3,"Rua do Almada 51, Porto, 4050-036, Portugal",+351 22 492 8193,41.1465149,-8.6122347,https://guide.michelin.com/en/porto-region/porto/restaurant/elemento,https://elementoporto.com/,Michelin; Michelin wine list,"Chef Ricardo Dias Ferreira has unashamedly gone back to basics here, cooking exclusively over wood, to such an extent that he rarely uses the grill or oven. With his combination of traditional Portuguese cuisine, smoky flavours and modern touches, he offers à la carte options alongside an “8-moment” tasting menu, and his cuisine varies from day to day depending on the availability of ingredients from small-scale local producers. Allow yourself to be guided by recommendations from the interesting selection of Portuguese wines, and if you’re keen to enjoy the experience to the full, take a seat at the counter in front of the kitchen so you can watch the chefs in action at close quarters."
Porto,Fauno,Selected,,,,,,Contemporary,A moderate spend,2,"Rua Estreita de Lóios 5, Porto, 4050-244, Portugal",+351 22 319 5394,,,https://guide.michelin.com/en/porto-region/porto/restaurant/fauno,,Michelin,"Behind the retro-style green glass doors of this restaurant, set on one of the city’s narrow streets, you will find a unique culinary space, led by brothers Pedro Amorim (sommelier) and Tiago Amorim (chef), who are launching their first joint project here. The cuisine focuses on a single tasting menu, which continually evolves in line with the seasons and the availability of local producers’ ingredients, showcased in dishes characterised by flawless execution and refined taste. For an even more surprising experience, pair each dish with the intriguing wine selection — mostly natural wines!"
Porto,Izakaya Japanese Cuisine,Selected,,,,,,Japanese,Special occasion,3,"Rua do Barão De São Cosme 96, Porto, 4000 500, Portugal",+351 934 337 690,,,https://guide.michelin.com/en/porto-region/porto/restaurant/izakaya-japanese-cuisine,,Michelin,"This small establishment sits in the bohemian, unhurried Bonfim neighbourhood, where Pedro Ribeiro, front of house, and Rubén Mesquita, responsible for the culinary proposal, grew up. The chef, who nurtures a passion for Japanese culture and gastronomy (he tends to travel to Japan a few times a year in search of new inspirations and products), advocates a notably purist Japanese cuisine, albeit with a light contemporary touch, grounded in regional fish (most from the Matosinhos fish market and some aged), and pairing them with other imported ingredients. The 12 diners per sitting, whether at the tables or the counter, should surrender to a daily-changing Omakase (chef’s-choice) menu."
Porto,Kaigi,Selected,,,,,,Japanese,A moderate spend,2,"Rua De Eugénio De Castro 226, Porto, 4100-225, Portugal",+351 938 410 124,,,https://guide.michelin.com/en/porto-region/porto/restaurant/kaigi,,Michelin,"Following something of the philosophy of traditional Japanese izakayas, this restaurant, located on the ground floor of a residential building on the outskirts of the historic centre, revolves entirely around a large, U-shaped sushi counter that can seat 16 diners. What is found here? An intriguing Japanese-Portuguese fusion cuisine, offered in an exclusive nine-course tasting menu based on the best ingredients of the day. The atmosphere is welcoming and the flavours are surprising!"
Porto,Liz,Selected,,,,,,Contemporary,A moderate spend,2,"Rua de Mota Pinto 170, Porto, 4100-354, Portugal",+351 22 616 8024,,,https://guide.michelin.com/en/porto-region/porto/restaurant/liz,,Michelin,"In this cosy bistro-style restaurant, away from the bustle of the city centre, chef Daniel Carvalheira pays homage to his daughter and presents a highly gastronomic proposal, demonstrating a high level of technical mastery. In an intimate space lit by candlelight, the chef offers a tasting menu that blends his Mozambican and Portuguese roots with French cuisine, revealing flavourful dishes and refined presentations. Through a proposal based on seasonal products, delicacies arise such as pink coastal prawns with curry, adorned with crunchy cubes of guanciale and roasted‑lemon paste, monkfish served over a dashi beurre blanc with a creamy broccoli purée and, at the end, a little journey to the Azores archipelago, with pineapple and São Jorge cheese—an elegant, gentle finale!"
Porto,Tokkotai,Selected,,,,,,Japanese,A moderate spend,2,"Rua do Comércio do Porto, 144, Porto, 4050 209, Portugal",+351 913 037 171,,,https://guide.michelin.com/en/porto-region/porto/restaurant/tokkotai,,Michelin,"Technique, flavour, fusion and connectivity are the words that spring to mind on entering this restaurant. Here, the Brazilian chef Paulo César works with East Asian techniques and fresh ingredients that deliver maximum flavour to the palate. The offering appears as an à la carte menu and two tasting menus: Chef’s Experience (created with seasonal produce) and Tokkotai Experience (a selection of the chef’s favourite dishes). Don’t miss the cocktails—they’re works of art in their own right!"
